rank,content_hash_id,baseline_score,reason_code,march_impressions,staleness_days
1,content_42ce26be1ec6be00,95.70413143835457,STALE_HIGH_OPPORTUNITY,4411,264.0
2,content_bea86ce3455100b0,94.51317266453076,STALE_HIGH_OPPORTUNITY,3670,232.0
3,content_097459d155cccb26,94.2251986714318,STALE_HIGH_OPPORTUNITY,37930,124.0
4,content_f2df5a8a9057783e,94.20914735549545,STALE_HIGH_OPPORTUNITY,35980,124.0
5,content_ac4e2d9d3bbb06de,94.18485918006542,STALE_HIGH_OPPORTUNITY,33348,124.0
6,content_66d1fffc91f4f029,94.16268301989015,STALE_HIGH_OPPORTUNITY,31038,124.0
7,content_9598a57544925111,94.01880062753344,STALE_HIGH_OPPORTUNITY,24066,123.0
8,content_b956947c822af734,94.00132505442464,STALE_HIGH_OPPORTUNITY,22502,124.0
9,content_19daa2f24df1882d,93.98658818042313,STALE_HIGH_OPPORTUNITY,4968,176.0
10,content_0d2aaf57d7146812,93.93558722649492,STALE_HIGH_OPPORTUNITY,21060,123.0
11,content_b361694d518f80e2,93.84313511184128,STALE_HIGH_OPPORTUNITY,18103,124.0
12,content_283e87bc4e224d58,93.74893923147788,STALE_HIGH_OPPORTUNITY,16388,124.0
13,content_3f962469cb61a7c9,93.72422865299691,STALE_HIGH_OPPORTUNITY,16019,124.0
14,content_dfbc1b6a0f68e28c,93.71292937138382,STALE_HIGH_OPPORTUNITY,15879,124.0
15,content_47da45b084a73115,93.64143765500936,STALE_HIGH_OPPORTUNITY,14774,124.0
16,content_b5bef91d1b43e20c,93.28508784014208,STALE_HIGH_OPPORTUNITY,14738,81.0
17,content_d4f9ff8aa0c03e53,93.09669476729454,STALE_HIGH_OPPORTUNITY,10024,123.0
18,content_4981cb34b411063e,93.08856350856362,STALE_HIGH_OPPORTUNITY,9961,123.0
19,content_4eb8ad7f49ecc286,93.05044163321476,STALE_HIGH_OPPORTUNITY,9737,123.0
20,content_7907f31e6f1c1bfb,92.96326955669808,STALE_HIGH_OPPORTUNITY,9177,124.0
21,content_086c46f7571e2187,92.87048726182928,STALE_HIGH_OPPORTUNITY,43823,36.0
22,content_294143b95f520aee,92.82064370181637,STALE_HIGH_OPPORTUNITY,36053,36.0
23,content_bbfd3de4b02aacb4,92.8082476369969,STALE_HIGH_OPPORTUNITY,8423,124.0
24,content_5929dd70e89b5c02,92.77070521271855,STALE_HIGH_OPPORTUNITY,8352,123.0
25,content_680738a8c23f51b5,92.64281201736353,STALE_HIGH_OPPORTUNITY,23769,36.0
26,content_4469028594463b2f,92.57381394371582,STALE_HIGH_OPPORTUNITY,7544,124.0
27,content_91190507da748282,92.54080168055744,STALE_HIGH_OPPORTUNITY,20298,36.0
28,content_451abfa90cae4639,92.53488803784404,STALE_HIGH_OPPORTUNITY,20129,36.0
29,content_58e21276eb312863,92.442170568159,STALE_HIGH_OPPORTUNITY,17917,36.0
30,content_1599195921cd5c9e,92.36345722433929,STALE_HIGH_OPPORTUNITY,6853,124.0
31,content_b546779bb5088351,92.30495440178176,STALE_HIGH_OPPORTUNITY,6688,124.0
32,content_3bfb3f753bcda98d,92.24881557158348,STALE_HIGH_OPPORTUNITY,14728,36.0
33,content_1d2dc429b857b82c,92.19354559709188,STALE_HIGH_OPPORTUNITY,6376,124.0
34,content_958ec708ace1f777,92.12536827994133,STALE_HIGH_OPPORTUNITY,13283,36.0
35,content_c2f01be61f94c618,92.04891332771813,STALE_HIGH_OPPORTUNITY,12452,36.0
36,content_c7467cdb0d904f8b,91.98354645558254,STALE_HIGH_OPPORTUNITY,11870,36.0
37,content_e2dfc832b3ce0ddf,91.79954915131182,STALE_HIGH_OPPORTUNITY,5467,124.0
38,content_3d9087c323abdf06,91.79293707883824,STALE_HIGH_OPPORTUNITY,10427,36.0
39,content_1987b1350f457965,91.77942018120764,STALE_HIGH_OPPORTUNITY,10347,36.0
40,content_338bc48c7d527cc1,91.73791908145112,STALE_HIGH_OPPORTUNITY,10088,36.0
41,content_d6eadc3968c49b16,91.5965196601433,STALE_HIGH_OPPORTUNITY,9301,36.0
42,content_f186c26ab4c18dd1,91.58680438997128,STALE_HIGH_OPPORTUNITY,9247,36.0
43,content_5eca929d5e55daea,91.58406944181792,STALE_HIGH_OPPORTUNITY,5107,123.0
44,content_6f84689df2c050c6,91.5746195266773,STALE_HIGH_OPPORTUNITY,5055,124.0
45,content_cb9d2c7290f6b37c,91.50908222859522,STALE_HIGH_OPPORTUNITY,8844,36.0
46,content_587927e78e22af12,91.49873335384676,STALE_HIGH_OPPORTUNITY,8800,36.0
47,content_6d044b9eb8ace56b,91.471910760111,STALE_HIGH_OPPORTUNITY,8674,36.0
48,content_551c233e798baddf,91.43832971755994,STALE_HIGH_OPPORTUNITY,8520,36.0
49,content_3f963412b9c7b367,91.3881693552588,STALE_HIGH_OPPORTUNITY,8307,36.0
50,content_7bc93291f9a5cce1,91.36546519126988,STALE_HIGH_OPPORTUNITY,8225,36.0
51,content_5671c3476176cbfd,91.2863702199782,STALE_HIGH_OPPORTUNITY,7918,36.0
52,content_a448b85b0a4c379e,91.27085757953338,STALE_HIGH_OPPORTUNITY,4873,123.0
53,content_38fb7d0b342500f0,91.22438257225026,STALE_HIGH_OPPORTUNITY,7694,36.0
54,content_afc7d0445986037c,91.21741292190949,STALE_HIGH_OPPORTUNITY,7665,36.0
55,content_5120dcbbb086843d,91.20474981199004,STALE_HIGH_OPPORTUNITY,1429,247.0
56,content_fbc88d20c0fdc639,91.19185753732658,STALE_HIGH_OPPORTUNITY,7577,36.0
57,content_88306962640c1aec,91.18478228622304,STALE_HIGH_OPPORTUNITY,7545,36.0
58,content_f6984d76b2c178af,91.16894217181218,STALE_HIGH_OPPORTUNITY,7484,36.0
59,content_c9c0d8bfb9443e6c,91.1377899468041,STALE_HIGH_OPPORTUNITY,7369,36.0
60,content_1fdd52456a5d3f20,91.12606826214004,STALE_HIGH_OPPORTUNITY,7329,36.0
61,content_a49e60cd53e68874,91.12349306825531,STALE_HIGH_OPPORTUNITY,4608,124.0
62,content_44bbfc2449999304,91.12349306825531,STALE_HIGH_OPPORTUNITY,4608,124.0
63,content_b11833f2f709daf4,91.0373636214391,STALE_HIGH_OPPORTUNITY,7032,36.0
64,content_a47fd3545d1a68c6,90.96926311327093,STALE_HIGH_OPPORTUNITY,4925,81.0
65,content_cf6d3115bc6a50d3,90.9364092922604,STALE_HIGH_OPPORTUNITY,6743,36.0
66,content_b99a83288a0f3057,90.89550102150132,STALE_HIGH_OPPORTUNITY,4276,124.0
67,content_7a73191d52541596,90.8752664506344,STALE_HIGH_OPPORTUNITY,6565,36.0
68,content_331f5dde36cc40f9,90.86079914613912,STALE_HIGH_OPPORTUNITY,6524,36.0
69,content_ac9b8222855b6945,90.80145151747968,STALE_HIGH_OPPORTUNITY,6367,36.0
70,content_b9b97d667e7a1eae,90.776065909914,STALE_HIGH_OPPORTUNITY,4158,120.0
71,content_bf8aae4567fcb83d,90.73756305602244,STALE_HIGH_OPPORTUNITY,6194,36.0
72,content_83aede7d852fa309,90.69194352651913,STALE_HIGH_OPPORTUNITY,6082,36.0
73,content_6de8846c54f99099,90.62604865056984,STALE_HIGH_OPPORTUNITY,5921,36.0
74,content_1aeabc5d599dde95,90.5791619119136,STALE_HIGH_OPPORTUNITY,5812,36.0
75,content_5a8a45c79112787c,90.52794554198508,STALE_HIGH_OPPORTUNITY,5709,36.0
76,content_b133fe807200f7bf,90.491935681891,STALE_HIGH_OPPORTUNITY,5629,36.0
77,content_f8e84719d52ab1fe,90.38967336798046,STALE_HIGH_OPPORTUNITY,3676,124.0
78,content_0b225d4ed6470938,90.278938943446,STALE_HIGH_OPPORTUNITY,5229,36.0
79,content_c9b1fcaa96c76fa6,90.27239169615616,STALE_HIGH_OPPORTUNITY,5214,36.0
80,content_289a5bf462a47f29,90.26247589613652,STALE_HIGH_OPPORTUNITY,3568,123.0
81,content_2c6ec61fc390089f,90.20909606369638,STALE_HIGH_OPPORTUNITY,3490,124.0
82,content_05bc14ba1d1eac90,90.18252544706507,STALE_HIGH_OPPORTUNITY,5048,36.0
83,content_cd510f4f32fddb54,90.168797347909,STALE_HIGH_OPPORTUNITY,5024,36.0
84,content_f602ab5cb5763f87,90.16837494485804,STALE_HIGH_OPPORTUNITY,5023,36.0
85,content_8ea16f0ba99969aa,89.92105795852278,STALE_HIGH_OPPORTUNITY,4905,36.0
86,content_50f20b2fa9607f2f,89.91049788224885,STALE_HIGH_OPPORTUNITY,4887,36.0
87,content_28a34283abddc58e,89.7493511183088,STALE_HIGH_OPPORTUNITY,4627,36.0
88,content_7a1082fe84947154,89.70732201473858,STALE_HIGH_OPPORTUNITY,4564,36.0
89,content_771d3b28976acd23,89.67627539049325,STALE_HIGH_OPPORTUNITY,4519,36.0
90,content_66097d8adf63762f,89.66613771727029,STALE_HIGH_OPPORTUNITY,4504,36.0
91,content_c44d92d3f0c6d3d2,89.59411799708214,STALE_HIGH_OPPORTUNITY,4395,36.0
92,content_d5837578dace8504,89.53012393486216,STALE_HIGH_OPPORTUNITY,4310,36.0
93,content_b0cd7add0c40475c,89.52737831503094,STALE_HIGH_OPPORTUNITY,4306,36.0
94,content_ad922fd9c431242c,89.43962408119465,STALE_HIGH_OPPORTUNITY,4193,36.0
95,content_df6b778e8979533a,89.34965223134083,STALE_HIGH_OPPORTUNITY,4073,36.0
96,content_56f507d7a6037534,89.32441364904615,STALE_HIGH_OPPORTUNITY,4040,36.0
97,content_4ae3607e3e51b9ba,89.21998647849568,STALE_HIGH_OPPORTUNITY,2930,81.0
98,content_9ae010bf5dbd2b99,89.21416645274641,STALE_HIGH_OPPORTUNITY,3910,36.0
99,content_9a3102540e4871e5,89.15101719662836,STALE_HIGH_OPPORTUNITY,3838,36.0
100,content_69b9947a3f1ca2d7,89.09019115729055,STALE_HIGH_OPPORTUNITY,3773,36.0
101,content_f9ee3039bab15b46,89.05808852541784,STALE_HIGH_OPPORTUNITY,3738,36.0
102,content_281b86b674aa6cf2,89.04722231853356,STALE_HIGH_OPPORTUNITY,2560,123.0
103,content_61f8fec9c4ce645f,88.95839697341889,STALE_HIGH_OPPORTUNITY,3880,35.0
104,content_9c0c439d8607ad23,88.95058694894932,STALE_HIGH_OPPORTUNITY,3625,36.0
105,content_0ab6e27dbd53bbbb,88.93850768641805,STALE_HIGH_OPPORTUNITY,2478,124.0
106,content_f1b7cc79b4956032,88.92376435521355,STALE_HIGH_OPPORTUNITY,3599,36.0
107,content_8402fcfad0caf493,88.91404908504154,STALE_HIGH_OPPORTUNITY,3588,36.0
108,content_de9712b8013cfa92,88.90834664385362,STALE_HIGH_OPPORTUNITY,3583,36.0
109,content_552f9e22530ba803,88.84625339536295,STALE_HIGH_OPPORTUNITY,3518,36.0
110,content_ebb1755e18b020e0,88.82175401840746,STALE_HIGH_OPPORTUNITY,3493,36.0
111,content_94ac81f26006b137,88.80591390399657,STALE_HIGH_OPPORTUNITY,3475,36.0
112,content_e060e585c7492c76,88.78014731788821,STALE_HIGH_OPPORTUNITY,3452,36.0
113,content_a6a1d523bf0dddb7,88.74350385321769,STALE_HIGH_OPPORTUNITY,3413,36.0
114,content_f712a9db831acfd5,88.70981720990387,STALE_HIGH_OPPORTUNITY,3379,36.0
115,content_2c9e8c0e673994e8,88.70052434278283,STALE_HIGH_OPPORTUNITY,3369,36.0
116,content_82f1998152b53f18,88.66683769946901,STALE_HIGH_OPPORTUNITY,3338,36.0
117,content_4d91140d1970b9df,88.57116340842727,STALE_HIGH_OPPORTUNITY,3246,36.0
118,content_43d4a7f169a8443d,88.53156312240007,STALE_HIGH_OPPORTUNITY,3208,36.0
119,content_f9c3e200d2ceddaa,88.47147628840145,STALE_HIGH_OPPORTUNITY,3155,36.0
120,content_68a3ad8abfe22070,88.4543689648377,STALE_HIGH_OPPORTUNITY,3138,36.0
121,content_5e7e003f2714ccd8,88.42923598330576,STALE_HIGH_OPPORTUNITY,3119,36.0
122,content_31e750b96e6abc08,88.37337317981671,STALE_HIGH_OPPORTUNITY,3070,36.0
123,content_221a6fdcabc0928a,88.3671427348151,STALE_HIGH_OPPORTUNITY,3065,36.0
124,content_ee30421adb06a685,88.32849285565254,STALE_HIGH_OPPORTUNITY,3035,36.0
125,content_96eb80b1ad849418,88.31007754735694,STALE_HIGH_OPPORTUNITY,2134,124.0
126,content_cf24a135e924ef9c,88.27791009030047,STALE_HIGH_OPPORTUNITY,2994,36.0
127,content_8008fe964784161f,88.25150989961564,STALE_HIGH_OPPORTUNITY,2974,36.0
128,content_f743a854f86d1415,88.22743292571111,STALE_HIGH_OPPORTUNITY,2956,36.0
129,content_ee102331d02f9a35,88.21602804333527,STALE_HIGH_OPPORTUNITY,2948,36.0
130,content_9efb161830e29271,88.1994487235852,STALE_HIGH_OPPORTUNITY,2939,36.0
131,content_7c1c4c3acb31d961,88.16671248713605,STALE_HIGH_OPPORTUNITY,2914,36.0
132,content_daf1fa4c69738a93,88.09078553872656,STALE_HIGH_OPPORTUNITY,2855,36.0
133,content_f02314134d223286,88.08772311660711,STALE_HIGH_OPPORTUNITY,2853,36.0
134,content_95f116a73c6b056b,88.03587314210215,STALE_HIGH_OPPORTUNITY,2816,36.0
135,content_ba78938b2c1392d0,88.0286922902359,STALE_HIGH_OPPORTUNITY,2810,36.0
136,content_210111c33ffdf813,87.93924844419577,STALE_HIGH_OPPORTUNITY,2745,36.0
137,content_c54d9bc240e64c0d,87.92562594580241,STALE_HIGH_OPPORTUNITY,2736,36.0
138,content_697d60d8bbbef7d6,87.91179224588356,STALE_HIGH_OPPORTUNITY,2724,36.0
139,content_e493ac08c07a070c,87.88940488418285,STALE_HIGH_OPPORTUNITY,2707,36.0
140,content_8ee4f4fa9aafea10,87.865855914092,STALE_HIGH_OPPORTUNITY,2688,36.0
141,content_db830a5d13c90b20,87.84220134323843,STALE_HIGH_OPPORTUNITY,2671,36.0
142,content_dcf57eeacdf9bfab,87.8394557234072,STALE_HIGH_OPPORTUNITY,2669,36.0
143,content_16ef36a5d6a9cd36,87.83797731272885,STALE_HIGH_OPPORTUNITY,2668,36.0
144,content_3ff808ed58eb2c69,87.78422652449458,STALE_HIGH_OPPORTUNITY,2629,36.0
145,content_1a70eda508395690,87.77979129245954,STALE_HIGH_OPPORTUNITY,2626,36.0
146,content_4b06de5683d5bca4,87.75888234143719,STALE_HIGH_OPPORTUNITY,2611,36.0
147,content_25aac3e5439711c6,87.74272834848543,STALE_HIGH_OPPORTUNITY,1327,141.0
148,content_56fd3de2b51e7572,87.71220680430643,STALE_HIGH_OPPORTUNITY,2581,36.0
149,content_674a4c69ecff28fc,87.70481475091468,STALE_HIGH_OPPORTUNITY,2577,36.0
150,content_f5086cd82e84e011,87.68929143879201,STALE_HIGH_OPPORTUNITY,2567,36.0
151,content_05533ad8c94d4d2a,87.67894256404357,STALE_HIGH_OPPORTUNITY,2561,36.0
152,content_aae67f83ba3cd80c,87.63184462386188,STALE_HIGH_OPPORTUNITY,2530,36.0
153,content_79f12f30282afb2f,87.61543573005832,STALE_HIGH_OPPORTUNITY,1809,124.0
154,content_bb56fccbc0d97668,87.59562356224232,STALE_HIGH_OPPORTUNITY,2507,36.0
155,content_af2742e9d807962c,87.5777770333394,STALE_HIGH_OPPORTUNITY,2495,36.0
156,content_7f498af6991b10b9,87.57689145165851,STALE_HIGH_OPPORTUNITY,1794,124.0
157,content_832dcbc5a0f99241,87.5562344777406,STALE_HIGH_OPPORTUNITY,2481,36.0
158,content_df6a9b44e683db63,87.53272524565499,STALE_HIGH_OPPORTUNITY,2294,60.0
159,content_99dc51629bf4cf2a,87.46436181415748,STALE_HIGH_OPPORTUNITY,2428,36.0
160,content_2dd43976814af155,87.42729594643602,STALE_HIGH_OPPORTUNITY,2406,36.0
161,content_e5da37536b39473b,87.39624932219067,STALE_HIGH_OPPORTUNITY,2388,36.0
162,content_32b6ba100a47d112,87.33548810803664,STALE_HIGH_OPPORTUNITY,1700,124.0
163,content_eba53d72e18a9f93,87.31664899899621,STALE_HIGH_OPPORTUNITY,734,231.0
164,content_41c5384645784d5b,87.31652074632257,STALE_HIGH_OPPORTUNITY,2342,36.0
165,content_c511f76baea68967,87.27406923970139,STALE_HIGH_OPPORTUNITY,2316,36.0
166,content_94d5ec8d9fc7dfc6,87.23922098799746,STALE_HIGH_OPPORTUNITY,2298,36.0
167,content_a04fc72918cc5e88,87.16836287619944,STALE_HIGH_OPPORTUNITY,2260,36.0
168,content_4232b38747674279,87.1359026664595,STALE_HIGH_OPPORTUNITY,1625,124.0
169,content_5304e875b18ec8fd,87.03235976546917,STALE_HIGH_OPPORTUNITY,1595,123.0
170,content_2bc527897c2869ae,86.92368590893265,STALE_HIGH_OPPORTUNITY,2136,36.0
171,content_a4e7a4ade2fb654d,86.80773627144498,STALE_HIGH_OPPORTUNITY,2075,36.0
172,content_8900b2c118d2166e,86.7908401494067,STALE_HIGH_OPPORTUNITY,2064,36.0
173,content_be85da0d3d2fe07f,86.78742014942007,STALE_HIGH_OPPORTUNITY,1506,124.0
174,content_5b1533eed3a1f178,86.77531683728404,STALE_HIGH_OPPORTUNITY,2056,36.0
175,content_aa0416410c2c7197,86.71934843303225,STALE_HIGH_OPPORTUNITY,2028,36.0
176,content_1b0bdd472c4ff086,86.71079477125038,STALE_HIGH_OPPORTUNITY,2024,36.0
177,content_c3c1e4ccf85a96ce,86.68650659582035,STALE_HIGH_OPPORTUNITY,2014,36.0
178,content_bad7e14def4de918,86.63243900529787,STALE_HIGH_OPPORTUNITY,1991,36.0
179,content_0c4771c1ecbf7d7c,86.5641153118056,STALE_HIGH_OPPORTUNITY,1958,36.0
180,content_beba734159003307,86.5471255728032,STALE_HIGH_OPPORTUNITY,1542,81.0
181,content_a96ce61bf37c8ac7,86.54158157376315,STALE_HIGH_OPPORTUNITY,1428,124.0
182,content_63701d5ee76253d3,86.5363015356262,STALE_HIGH_OPPORTUNITY,1426,124.0
183,content_7b5d754a5cd67a7d,86.52451502577838,STALE_HIGH_OPPORTUNITY,1939,36.0
184,content_f8bf037fdffaf552,86.51269972415022,STALE_HIGH_OPPORTUNITY,1530,81.0
185,content_60306fd49718f59f,86.42704552177007,STALE_HIGH_OPPORTUNITY,1899,36.0
186,content_fc2c060db685cecf,86.28247807758008,STALE_HIGH_OPPORTUNITY,1835,36.0
187,content_c126a43258b574c3,86.19527449946841,STALE_HIGH_OPPORTUNITY,592,231.0
188,content_738af53705d00b4b,86.18754299187752,STALE_HIGH_OPPORTUNITY,1794,36.0
189,content_446b636bf536f7ca,86.09588152981988,STALE_HIGH_OPPORTUNITY,1756,36.0
190,content_f5163bfeba9a06f6,86.04170833853466,STALE_HIGH_OPPORTUNITY,1735,36.0
191,content_35d7fd4168342929,85.90030891722684,STALE_HIGH_OPPORTUNITY,1683,36.0
192,content_b348bfd011489cea,85.84412931144956,STALE_HIGH_OPPORTUNITY,1661,36.0
193,content_fc9d09eeb64656fe,85.81641874711738,STALE_HIGH_OPPORTUNITY,1183,131.0
194,content_5271624ae98fff86,85.8076140994527,STALE_HIGH_OPPORTUNITY,550,231.0
195,content_e0392ac5886c63d5,85.61793247766215,STALE_HIGH_OPPORTUNITY,1580,36.0
196,content_3e1a77cf347aa69b,85.57590337409195,STALE_HIGH_OPPORTUNITY,1566,36.0
197,content_69dbfacbe13c1a26,85.50014685162894,STALE_HIGH_OPPORTUNITY,1145,124.0
198,content_902314233f1c0b94,85.45467369846732,STALE_HIGH_OPPORTUNITY,1523,36.0
199,content_6ab29e527f71c978,85.42433216798682,STALE_HIGH_OPPORTUNITY,486,234.0
200,content_d5a1d849acb3ad4b,85.40208451862318,STALE_HIGH_OPPORTUNITY,1507,36.0
201,content_a9e5a8f14112ddd3,85.38103585526373,STALE_HIGH_OPPORTUNITY,482,234.0
202,content_150c48373522405b,85.31063425809101,STALE_HIGH_OPPORTUNITY,1478,36.0
203,content_a22322eb1f3ec88a,85.27789802164186,STALE_HIGH_OPPORTUNITY,1467,36.0
204,content_12475fc17742ad33,85.2190783967961,STALE_HIGH_OPPORTUNITY,1448,36.0
205,content_e3b8c66d9d75768b,85.20123186789317,STALE_HIGH_OPPORTUNITY,1442,36.0
206,content_fb428c6e1ca78da4,85.19924810531205,STALE_HIGH_OPPORTUNITY,490,231.0
207,content_692dea1aace1a02f,85.05381320310921,STALE_HIGH_OPPORTUNITY,1398,36.0
208,content_97fccf53bda883e2,84.95275327316779,STALE_HIGH_OPPORTUNITY,1367,36.0
209,content_127f40ef6b42cec2,84.94916284723466,STALE_HIGH_OPPORTUNITY,1366,36.0
210,content_be0fc03aea317cf2,84.94916284723466,STALE_HIGH_OPPORTUNITY,1366,36.0
211,content_963d713ff5b7704a,84.8208579205065,STALE_HIGH_OPPORTUNITY,1330,36.0
212,content_956b26c77ab4b16a,84.8173730953361,STALE_HIGH_OPPORTUNITY,1329,36.0
213,content_58354e9e89956da2,84.80416856802057,STALE_HIGH_OPPORTUNITY,1393,35.0
214,content_c29cec4cfc50d574,84.7541182384553,STALE_HIGH_OPPORTUNITY,1310,36.0
215,content_5d80ad2a28695c76,84.65147429707278,STALE_HIGH_OPPORTUNITY,1282,36.0
216,content_2af2ab3073e107b8,84.5895922501076,STALE_HIGH_OPPORTUNITY,1265,36.0
217,content_3e662420c59ca74e,84.57723696086711,STALE_HIGH_OPPORTUNITY,1261,36.0
218,content_ff4df709a647d0cf,84.54946396026669,STALE_HIGH_OPPORTUNITY,1254,36.0
219,content_2b01a7be6db21375,84.51725572763124,STALE_HIGH_OPPORTUNITY,1246,36.0
220,content_e93ce00e02babeff,84.51070848034139,STALE_HIGH_OPPORTUNITY,1244,36.0
221,content_79b0b61aea83e4d3,84.38430436734254,STALE_HIGH_OPPORTUNITY,1213,36.0
222,content_2823d5f228915e7d,84.37312267029081,STALE_HIGH_OPPORTUNITY,977,81.0
223,content_1d296c7ede33237d,84.33806321706139,STALE_HIGH_OPPORTUNITY,970,81.0
224,content_96dd733e38524800,84.2799708137562,STALE_HIGH_OPPORTUNITY,1188,36.0
225,content_d4cb27003cb1e860,84.27492462905562,STALE_HIGH_OPPORTUNITY,410,231.0
226,content_4efab8362b8a64ee,84.1894301845097,STALE_HIGH_OPPORTUNITY,875,124.0
227,content_f51ef41331834d42,84.14365221285847,STALE_HIGH_OPPORTUNITY,931,81.0
228,content_ddc553d82c9f0a06,84.10001504467685,STALE_HIGH_OPPORTUNITY,881,113.0
229,content_0db61b3206cf664c,84.09485267667434,STALE_HIGH_OPPORTUNITY,1141,36.0
230,content_9621a0092d44a2bd,84.04374190750855,STALE_HIGH_OPPORTUNITY,1129,36.0
231,content_88ecafceb80f262d,84.02790179309767,STALE_HIGH_OPPORTUNITY,1125,36.0
232,content_5e536911ce194bde,84.00762644665174,STALE_HIGH_OPPORTUNITY,1120,36.0
233,content_7d385fd64452fd29,83.97700222545737,STALE_HIGH_OPPORTUNITY,1113,36.0
234,content_a707381ca8a9e304,83.97700222545737,STALE_HIGH_OPPORTUNITY,1113,36.0
235,content_2af42daa393a487b,83.88006072526275,STALE_HIGH_OPPORTUNITY,1091,36.0
236,content_9abace70356e4fe5,83.85557333210588,STALE_HIGH_OPPORTUNITY,879,81.0
237,content_ce85393bc9b9c5d1,83.84288925677853,STALE_HIGH_OPPORTUNITY,1082,36.0
238,content_69da5399c1dfa71f,83.83296278508105,STALE_HIGH_OPPORTUNITY,1080,36.0
239,content_1b80768a4d22c0af,83.82483152635014,STALE_HIGH_OPPORTUNITY,1078,36.0
240,content_8251b5b7e74cc831,83.74805977183873,STALE_HIGH_OPPORTUNITY,1062,36.0
241,content_3ea77ee3d68424f2,83.73000204141032,STALE_HIGH_OPPORTUNITY,1058,36.0
242,content_aa7100acbeca5e0a,83.6160588184147,STALE_HIGH_OPPORTUNITY,1035,36.0
243,content_7c3f9a5865546cec,83.59969070019011,STALE_HIGH_OPPORTUNITY,1031,36.0
244,content_38c432622787fc5b,83.5552447628755,STALE_HIGH_OPPORTUNITY,829,81.0
245,content_116b4f0261228008,83.55407117068677,STALE_HIGH_OPPORTUNITY,1022,36.0
246,content_46bf98a63346a13f,83.53432382805454,STALE_HIGH_OPPORTUNITY,1018,36.0
247,content_5e8b20b3e231a7db,83.49616784113134,STALE_HIGH_OPPORTUNITY,337,234.0
248,content_f29cdaa1740a8e11,83.44487998201441,STALE_HIGH_OPPORTUNITY,999,36.0
249,content_568a352a39556f3e,83.4273502553997,STALE_HIGH_OPPORTUNITY,995,36.0
250,content_c017585e0b7f8e2e,83.3576537519918,STALE_HIGH_OPPORTUNITY,981,36.0
251,content_9ab00d5274e9c8aa,83.25796663196599,STALE_HIGH_OPPORTUNITY,960,36.0
252,content_5550047adef73df7,83.216254330684,STALE_HIGH_OPPORTUNITY,952,36.0
253,content_aff3c07fb1ddf8d6,83.17950526525074,STALE_HIGH_OPPORTUNITY,945,36.0
254,content_70d30a5863edc3e1,83.15014825320924,STALE_HIGH_OPPORTUNITY,939,36.0
255,content_c68f1a60224aee0a,83.12207533674436,STALE_HIGH_OPPORTUNITY,886,59.0
256,content_db0c67d6d4cdb594,83.05320675301462,STALE_HIGH_OPPORTUNITY,921,36.0
257,content_9d9e46f4d6e0d644,83.03354972565134,STALE_HIGH_OPPORTUNITY,850,61.0
258,content_595ff972a8372ef7,82.95658205510824,STALE_HIGH_OPPORTUNITY,902,36.0
259,content_1bc92181b52444bb,82.88518387012482,STALE_HIGH_OPPORTUNITY,694,113.0
260,content_08fcbdfa0d8c82b5,82.8496084824534,STALE_HIGH_OPPORTUNITY,884,36.0
261,content_ba0a02695eb35f0b,82.83756999550114,STALE_HIGH_OPPORTUNITY,882,36.0
262,content_a40db61d6711fcd5,82.79807087826354,STALE_HIGH_OPPORTUNITY,917,35.0
263,content_a4e0a726b424d6e6,82.78994405150576,STALE_HIGH_OPPORTUNITY,873,36.0
264,content_7e11d27a24be81c3,82.77420510588448,STALE_HIGH_OPPORTUNITY,912,35.0
265,content_02895d816b0e3a95,82.76037583793877,STALE_HIGH_OPPORTUNITY,868,36.0
266,content_fd994a655f0d049b,82.70331731448525,STALE_HIGH_OPPORTUNITY,290,234.0
267,content_2078b8b5f5697951,82.70271782148315,STALE_HIGH_OPPORTUNITY,858,36.0
268,content_4fdb52819e8dfb36,82.66364553926964,STALE_HIGH_OPPORTUNITY,851,36.0
269,content_a9e83adc93e21fa6,82.56765444593968,STALE_HIGH_OPPORTUNITY,836,36.0
270,content_beccd739636c4c46,82.55747007476657,STALE_HIGH_OPPORTUNITY,762,62.0
271,content_96f6d6bee646d89f,82.4729305617626,STALE_HIGH_OPPORTUNITY,822,36.0
272,content_10a5f6bdb3fcfc34,82.4729305617626,STALE_HIGH_OPPORTUNITY,822,36.0
273,content_66e700e8e5a3a31f,82.4527608160794,STALE_HIGH_OPPORTUNITY,819,36.0
274,content_892d9925f3f3e8f1,82.40819729420345,STALE_HIGH_OPPORTUNITY,812,36.0
275,content_7dde809bec199bd7,82.33904077840788,STALE_HIGH_OPPORTUNITY,653,81.0
276,content_000e39543d74fd89,82.26512024449042,STALE_HIGH_OPPORTUNITY,644,81.0
277,content_e24acb4e20aab4e2,82.24800093712805,STALE_HIGH_OPPORTUNITY,786,36.0
278,content_acb75f1be3128519,82.22561357542733,STALE_HIGH_OPPORTUNITY,782,36.0
279,content_61aa440a3154937a,82.16964517117555,STALE_HIGH_OPPORTUNITY,773,36.0
280,content_179163c883f149ed,82.0510555146194,STALE_HIGH_OPPORTUNITY,755,36.0
281,content_f43118e089ecc69a,82.03802911839432,STALE_HIGH_OPPORTUNITY,139417,34.0
282,content_9c057b66c30a3abb,82.02683543754397,STALE_HIGH_OPPORTUNITY,83834,34.0
283,content_73aa61dcedebbf30,82.02430101923822,STALE_HIGH_OPPORTUNITY,80124,34.0
284,content_80eb6221de550658,82.02408981771273,STALE_HIGH_OPPORTUNITY,79766,34.0
285,content_ac7b77e81c53d636,82.02387861618726,STALE_HIGH_OPPORTUNITY,79651,34.0
286,content_49267c758cdcb3a8,82.01902098110126,STALE_HIGH_OPPORTUNITY,73768,34.0
287,content_e9f2d0579387d3c3,82.01838737652481,STALE_HIGH_OPPORTUNITY,73503,34.0
288,content_57dcb96896f9a33c,82.01500815211716,STALE_HIGH_OPPORTUNITY,70026,34.0
289,content_b875a2f306635a58,82.01395214448978,STALE_HIGH_OPPORTUNITY,68657,34.0
290,content_f2388a4b87a3b1dc,82.01310733838787,STALE_HIGH_OPPORTUNITY,67646,34.0
291,content_dd5472aea4c7aa91,82.01247373381142,STALE_HIGH_OPPORTUNITY,67277,34.0
292,content_59c5cc86fe3744bf,82.00719369567447,STALE_HIGH_OPPORTUNITY,63951,34.0
293,content_cb42a970d503b0f6,82.00064644838463,STALE_HIGH_OPPORTUNITY,60666,34.0
294,content_161d567f8c1b5205,81.99974421560599,STALE_HIGH_OPPORTUNITY,575,123.0
295,content_64653654be3a70ee,81.99578881329863,STALE_HIGH_OPPORTUNITY,57998,34.0
296,content_62673eea26c31c17,81.99431040262029,STALE_HIGH_OPPORTUNITY,57720,34.0
297,content_fcd637c7229d1e3c,81.99262079041645,STALE_HIGH_OPPORTUNITY,56394,34.0
298,content_3f9e8f387f3fe7e7,81.98353912482088,STALE_HIGH_OPPORTUNITY,53620,34.0
299,content_0d1d0886593f7656,81.97973749736227,STALE_HIGH_OPPORTUNITY,51722,34.0
300,content_ca43be9d1b8c5f32,81.97783668363296,STALE_HIGH_OPPORTUNITY,50820,34.0
301,content_9e58686d3a7a66df,81.97762548210748,STALE_HIGH_OPPORTUNITY,50777,34.0
302,content_2f094ec88d7faa51,81.97656947448009,STALE_HIGH_OPPORTUNITY,50609,34.0
303,content_a8c91365e7dd641b,81.97417815934524,STALE_HIGH_OPPORTUNITY,744,36.0
304,content_66bfed4e421da747,81.97213424244505,STALE_HIGH_OPPORTUNITY,49335,34.0
305,content_cb35c5cd43ee17d2,81.9715006378686,STALE_HIGH_OPPORTUNITY,49066,34.0
306,content_92c4cb6c1125113b,81.96981102566478,STALE_HIGH_OPPORTUNITY,48725,34.0
307,content_9cc57db6534af661,81.96791021193546,STALE_HIGH_OPPORTUNITY,48368,34.0
308,content_2ad767912d94b780,81.96516459210426,STALE_HIGH_OPPORTUNITY,47744,34.0
309,content_285851fed8f368bf,81.95971085484997,STALE_HIGH_OPPORTUNITY,742,36.0
310,content_3abe66b26743fb76,81.95439331430485,STALE_HIGH_OPPORTUNITY,44784,34.0
311,content_33ad57f9ee265477,81.94594525328571,STALE_HIGH_OPPORTUNITY,43098,34.0
312,content_c943bda7971174cd,81.94552285023475,STALE_HIGH_OPPORTUNITY,43034,34.0
313,content_7f0dd41982cecb3e,81.94298843192902,STALE_HIGH_OPPORTUNITY,42567,34.0
314,content_80a30f8020100dfb,81.93454037090989,STALE_HIGH_OPPORTUNITY,41053,34.0
315,content_8f4a737ae176331f,81.92904913124744,STALE_HIGH_OPPORTUNITY,40075,34.0
316,content_b764888fae21c14b,81.92693711599266,STALE_HIGH_OPPORTUNITY,39628,34.0
317,content_6d5d286eece01fe3,81.92630351141622,STALE_HIGH_OPPORTUNITY,39484,34.0
318,content_52717c664c3d82af,81.92461389921239,STALE_HIGH_OPPORTUNITY,39344,34.0
319,content_0cf7684dbe872d01,81.92440269768692,STALE_HIGH_OPPORTUNITY,39331,34.0
320,content_22588e765b93dfac,81.92207948090665,STALE_HIGH_OPPORTUNITY,38813,34.0
321,content_9f4511f661b9603e,81.91891145802448,STALE_HIGH_OPPORTUNITY,38481,34.0
322,content_58fa49fdcd89d41b,81.918700256499,STALE_HIGH_OPPORTUNITY,38456,34.0
323,content_d204ca187154dbd2,81.91827785344805,STALE_HIGH_OPPORTUNITY,38373,34.0
324,content_0cfa3d9d68583bf1,81.91510983056587,STALE_HIGH_OPPORTUNITY,37969,34.0
325,content_580e7d0863f1bc6d,81.91489862904038,STALE_HIGH_OPPORTUNITY,37967,34.0
326,content_0d6905b49fa1729c,81.91257541226011,STALE_HIGH_OPPORTUNITY,37644,34.0
327,content_7d2d6e56d0eecd94,81.91088580005629,STALE_HIGH_OPPORTUNITY,37418,34.0
328,content_a58261e8370a492a,81.90919618785247,STALE_HIGH_OPPORTUNITY,37306,34.0
329,content_db1cf8cf217e6051,81.9074009748859,STALE_HIGH_OPPORTUNITY,37100,34.0
330,content_0b5d0ab50b14a4e0,81.90391614971551,STALE_HIGH_OPPORTUNITY,36715,34.0
331,content_a12d89af10c7513a,81.90328254513906,STALE_HIGH_OPPORTUNITY,36535,34.0
332,content_f33ad8a343180e8b,81.90180413446072,STALE_HIGH_OPPORTUNITY,36389,34.0
333,content_19d77a8a5759ebef,81.90159293293524,STALE_HIGH_OPPORTUNITY,36341,34.0
334,content_497f88ac02fd32d9,81.9006425260706,STALE_HIGH_OPPORTUNITY,36189,34.0
335,content_61ec6c1b524b65d4,81.90032572378237,STALE_HIGH_OPPORTUNITY,36149,34.0
336,content_b47e98f291c7e6cb,81.90011452225689,STALE_HIGH_OPPORTUNITY,36140,34.0
337,content_6315a8859053c7ba,81.89969211920594,STALE_HIGH_OPPORTUNITY,36082,34.0
338,content_1956f8351ed1fd98,81.89909601703766,STALE_HIGH_OPPORTUNITY,734,36.0
339,content_e43d9ec6ada70f02,81.89567929022184,STALE_HIGH_OPPORTUNITY,35670,34.0
340,content_fc6a6c83848a0350,81.89335607344158,STALE_HIGH_OPPORTUNITY,35466,34.0
341,content_a07d1e3236680189,81.88955444598297,STALE_HIGH_OPPORTUNITY,35083,34.0
342,content_d01293722a3176e2,81.88807603530462,STALE_HIGH_OPPORTUNITY,34832,34.0
343,content_0e7bc6744950f433,81.88585841928709,STALE_HIGH_OPPORTUNITY,34700,34.0
344,content_ca0f2e3076315a3b,81.8853304154734,STALE_HIGH_OPPORTUNITY,34679,34.0
345,content_ae959c307b48e71b,81.88511921394793,STALE_HIGH_OPPORTUNITY,34665,34.0
346,content_53d3dcb833154302,81.88490801242244,STALE_HIGH_OPPORTUNITY,34579,34.0
347,content_7d8c5d6c5fae7bd4,81.88390149100184,STALE_HIGH_OPPORTUNITY,599,81.0
348,content_b57a35c940f0e37a,81.88195119106574,STALE_HIGH_OPPORTUNITY,34380,34.0
349,content_d456790f89d05b90,81.88068398191288,STALE_HIGH_OPPORTUNITY,34191,34.0
350,content_16d8f69719b786ae,81.87857196665809,STALE_HIGH_OPPORTUNITY,33879,34.0
351,content_a75e70dd8593bffc,81.87836076513261,STALE_HIGH_OPPORTUNITY,33867,34.0
352,content_4383d5f9a586289a,81.87603754835236,STALE_HIGH_OPPORTUNITY,33519,34.0
353,content_2ee65b0830d5fbcd,81.8756151453014,STALE_HIGH_OPPORTUNITY,33459,34.0
354,content_b394433c2894c481,81.87265832394469,STALE_HIGH_OPPORTUNITY,33254,34.0
355,content_5adfa5e8794daf85,81.86991270411347,STALE_HIGH_OPPORTUNITY,32995,34.0
356,content_e70886c63f95aa1c,81.86822309190964,STALE_HIGH_OPPORTUNITY,32715,34.0
357,content_e7b7e08c2c213cb0,81.86632227818033,STALE_HIGH_OPPORTUNITY,32423,34.0
358,content_d0c978d33599214f,81.86484386750199,STALE_HIGH_OPPORTUNITY,32308,34.0
359,content_0e23e4ce01ea4a6d,81.86442146445104,STALE_HIGH_OPPORTUNITY,32285,34.0
360,content_127eb47329396606,81.85998623241599,STALE_HIGH_OPPORTUNITY,31885,34.0
361,content_92bb90937ddb7672,81.8578742171612,STALE_HIGH_OPPORTUNITY,31760,34.0
362,content_2de9a39d3482a269,81.85702941105929,STALE_HIGH_OPPORTUNITY,31664,34.0
363,content_ac6678c2ce6a05ae,81.85449499275356,STALE_HIGH_OPPORTUNITY,31310,34.0
364,content_dcd7569eeac7e3da,81.85322778360067,STALE_HIGH_OPPORTUNITY,31164,34.0
365,content_87c5ffe2ffb9c701,81.85174937292233,STALE_HIGH_OPPORTUNITY,30966,34.0
366,content_7b546d397e5b8864,81.84942615614207,STALE_HIGH_OPPORTUNITY,30757,34.0
367,content_e4ee37039a140983,81.84773654393824,STALE_HIGH_OPPORTUNITY,30652,34.0
368,content_a872fe0e05536717,81.84741974165003,STALE_HIGH_OPPORTUNITY,30638,34.0
369,content_4939f3fd8ac4d829,81.8471029393618,STALE_HIGH_OPPORTUNITY,30619,34.0
370,content_e16985888e9097a5,81.8452021256325,STALE_HIGH_OPPORTUNITY,30379,34.0
371,content_9c8d98f6fea51274,81.84287890885223,STALE_HIGH_OPPORTUNITY,30204,34.0
372,content_080ea1eb2e428fe9,81.84161169969936,STALE_HIGH_OPPORTUNITY,30108,34.0
373,content_136c4bf04b07b778,81.8382324752917,STALE_HIGH_OPPORTUNITY,29923,34.0
374,content_a458c7d98801b833,81.83781007224076,STALE_HIGH_OPPORTUNITY,29901,34.0
375,content_3ecbd0e3911c0a35,81.83295243715474,STALE_HIGH_OPPORTUNITY,29609,34.0
376,content_7ea10d9117b8b4fa,81.83274123562926,STALE_HIGH_OPPORTUNITY,29551,34.0
377,content_26c8e9afd173cf70,81.82820040283148,STALE_HIGH_OPPORTUNITY,29371,34.0
378,content_ee2230ea13e45ef4,81.8236595700337,STALE_HIGH_OPPORTUNITY,29064,34.0
379,content_a11ad371165293c4,81.82281476393177,STALE_HIGH_OPPORTUNITY,28975,34.0
380,content_bbf8e4d669f253cf,81.8215475547789,STALE_HIGH_OPPORTUNITY,28934,34.0
381,content_e8966f23d1c717e8,81.821069037172,STALE_HIGH_OPPORTUNITY,593,81.0
382,content_daf9c90dfc89c49b,81.820702748677,STALE_HIGH_OPPORTUNITY,28883,34.0
383,content_d6a559d9a93a3eac,81.81985794257508,STALE_HIGH_OPPORTUNITY,28846,34.0
384,content_c5dd01222217c4a5,81.8196467410496,STALE_HIGH_OPPORTUNITY,28843,34.0
385,content_e762b3812901065c,81.81721792350659,STALE_HIGH_OPPORTUNITY,28705,34.0
386,content_91dfa47e02a0a1f1,81.81563391206551,STALE_HIGH_OPPORTUNITY,28556,34.0
387,content_2448d2d52551512f,81.81500030748909,STALE_HIGH_OPPORTUNITY,28482,34.0
388,content_18934e9b5fc3a089,81.8147891059636,STALE_HIGH_OPPORTUNITY,28465,34.0
389,content_3de95bbfbae12eec,81.81436670291264,STALE_HIGH_OPPORTUNITY,28419,34.0
390,content_a31ff7a4803b6369,81.81119868003047,STALE_HIGH_OPPORTUNITY,28252,34.0
391,content_dbbc587923debc96,81.81035387392856,STALE_HIGH_OPPORTUNITY,28209,34.0
392,content_234dd8e624f54018,81.80739705257186,STALE_HIGH_OPPORTUNITY,28035,34.0
393,content_21d96defd17cee52,81.80655224646993,STALE_HIGH_OPPORTUNITY,27966,34.0
394,content_97d74e728da008ce,81.80401782816419,STALE_HIGH_OPPORTUNITY,27819,34.0
395,content_8c32e1bf00aca72b,81.80275061901133,STALE_HIGH_OPPORTUNITY,27748,34.0
396,content_72b8a178d1f2aa59,81.80201141367215,STALE_HIGH_OPPORTUNITY,27738,34.0
397,content_1ff3c48911f11e70,81.80074420451929,STALE_HIGH_OPPORTUNITY,27684,34.0
398,content_4ee39f5889ebcee2,81.80042740223107,STALE_HIGH_OPPORTUNITY,27683,34.0
399,content_39a6426910b2fcd4,81.79937139460367,STALE_HIGH_OPPORTUNITY,27631,34.0
400,content_48d91765e3102127,81.78691050460044,STALE_HIGH_OPPORTUNITY,26938,34.0
401,content_cbfa3e164cbd47a9,81.78141926493801,STALE_HIGH_OPPORTUNITY,26648,34.0
402,content_2e2ab9bda80491a3,81.78078566036157,STALE_HIGH_OPPORTUNITY,26626,34.0
403,content_8d31f2da4f009c2f,81.77888484663227,STALE_HIGH_OPPORTUNITY,26486,34.0
404,content_a92a5bb0eaef6da2,81.77444961459722,STALE_HIGH_OPPORTUNITY,26270,34.0
405,content_4532132265f0537d,81.77001438256218,STALE_HIGH_OPPORTUNITY,26036,34.0
406,content_c6af504827af2c8b,81.7666351581545,STALE_HIGH_OPPORTUNITY,25909,34.0
407,content_e28b077d3074c979,81.76642395662904,STALE_HIGH_OPPORTUNITY,25896,34.0
408,content_605169c51403d450,81.7638895383233,STALE_HIGH_OPPORTUNITY,25785,34.0
409,content_f69310c4bb293622,81.76251672840769,STALE_HIGH_OPPORTUNITY,25721,34.0
410,content_04bc477e417a07c5,81.76198872459399,STALE_HIGH_OPPORTUNITY,25705,34.0
411,content_afa44be39cea94ca,81.76177752306852,STALE_HIGH_OPPORTUNITY,25704,34.0
412,content_d132ebd52ba3ec83,81.76156632154303,STALE_HIGH_OPPORTUNITY,25697,34.0
413,content_b63094bd417908e9,81.75882070171181,STALE_HIGH_OPPORTUNITY,25524,34.0
414,content_c247e86c7ad32eaf,81.7560750818806,STALE_HIGH_OPPORTUNITY,25409,34.0
415,content_a0166457411fad24,81.75375186510033,STALE_HIGH_OPPORTUNITY,25273,34.0
416,content_6fae826f3c4268b2,81.75185105137102,STALE_HIGH_OPPORTUNITY,25155,34.0
417,content_50ca265333432841,81.74995023764171,STALE_HIGH_OPPORTUNITY,25054,34.0
418,content_bd1219cb9ca66395,81.74826062543788,STALE_HIGH_OPPORTUNITY,24992,34.0
419,content_119eedef68f8d86a,81.74783822238693,STALE_HIGH_OPPORTUNITY,24990,34.0
420,content_be77ccb01a76f589,81.74382539340284,STALE_HIGH_OPPORTUNITY,24809,34.0
421,content_e50136e6b99563f1,81.74058484019297,STALE_HIGH_OPPORTUNITY,744,35.0
422,content_ea7474d92d9701c3,81.7402349674697,STALE_HIGH_OPPORTUNITY,24604,34.0
423,content_8eb386d15bade863,81.7383341537404,STALE_HIGH_OPPORTUNITY,24529,34.0
424,content_e42eed0e33b54eed,81.73770054916397,STALE_HIGH_OPPORTUNITY,24451,34.0
425,content_96b7f1d5f7c0c374,81.73453252628178,STALE_HIGH_OPPORTUNITY,24344,34.0
426,content_6cf4c214f6dc2abb,81.72904128661935,STALE_HIGH_OPPORTUNITY,24148,34.0
427,content_d1ae91bd3df09c0b,81.7286188835684,STALE_HIGH_OPPORTUNITY,24097,34.0
428,content_22a01117af6f0ecf,81.72587326373718,STALE_HIGH_OPPORTUNITY,23996,34.0
429,content_bdfe67aa0c7a8a40,81.7235500469569,STALE_HIGH_OPPORTUNITY,23898,34.0
430,content_e1b2be22422f977b,81.72270524085499,STALE_HIGH_OPPORTUNITY,23845,34.0
431,content_2f3653db2addf45c,81.72147553411028,STALE_HIGH_OPPORTUNITY,708,36.0
432,content_a9ccf1d355d09660,81.71953721797281,STALE_HIGH_OPPORTUNITY,23708,34.0
433,content_7fcd733ecf218083,81.7157355905142,STALE_HIGH_OPPORTUNITY,23561,34.0
434,content_bd54915f1b35975e,81.71510198593778,STALE_HIGH_OPPORTUNITY,23510,34.0
435,content_478fd136719cc5ff,81.71415157907312,STALE_HIGH_OPPORTUNITY,23479,34.0
436,content_0e60e9ab0f3b4b33,81.7138347767849,STALE_HIGH_OPPORTUNITY,23477,34.0
437,content_345c8feeab5d080a,81.71256756763204,STALE_HIGH_OPPORTUNITY,23418,34.0
438,content_0d69407501f963f5,81.70728752949508,STALE_HIGH_OPPORTUNITY,23118,34.0
439,content_ab774f387c3fcb1c,81.70559791729124,STALE_HIGH_OPPORTUNITY,23066,34.0
440,content_3ace0ed788e113e3,81.70221869288358,STALE_HIGH_OPPORTUNITY,22956,34.0
441,content_23a7c3c692cec2ad,81.69883946847592,STALE_HIGH_OPPORTUNITY,22794,34.0
442,content_33f51e9b21ad531b,81.69824336630765,STALE_HIGH_OPPORTUNITY,705,36.0
443,content_71cccadd628f451c,81.69736105779758,STALE_HIGH_OPPORTUNITY,22726,34.0
444,content_66bf8e3c2e97eadd,81.69588264711923,STALE_HIGH_OPPORTUNITY,22681,34.0
445,content_44f9d2a1ce416af2,81.69102501203322,STALE_HIGH_OPPORTUNITY,22537,34.0
446,content_4ae1505344734f99,81.68954660135488,STALE_HIGH_OPPORTUNITY,22454,34.0
447,content_a8bd8571450f717a,81.688279392202,STALE_HIGH_OPPORTUNITY,22403,34.0
448,content_c92a0a1c7009dc9c,81.68701218304915,STALE_HIGH_OPPORTUNITY,22375,34.0
449,content_32b84ed90fb846a1,81.68511136931983,STALE_HIGH_OPPORTUNITY,22326,34.0
450,content_5aef6bd783e1a8c7,81.68479456703162,STALE_HIGH_OPPORTUNITY,22319,34.0
451,content_dfa55ff1b1c7ab00,81.68176521534721,STALE_HIGH_OPPORTUNITY,736,35.0
452,content_796fb27be9fd1de0,81.68004253270836,STALE_HIGH_OPPORTUNITY,22151,34.0
453,content_7bbfd1ddfdf1a1f9,81.67866972279273,STALE_HIGH_OPPORTUNITY,22113,34.0
454,content_395dc3545e975e7b,81.67824731974179,STALE_HIGH_OPPORTUNITY,22112,34.0
455,content_295e883e0e86ca3c,81.6731784831303,STALE_HIGH_OPPORTUNITY,21939,34.0
456,content_fbf8a46508e2eefb,81.67096086711277,STALE_HIGH_OPPORTUNITY,21865,34.0
457,content_9dc017d4ef83c0d9,81.67088962751257,STALE_HIGH_OPPORTUNITY,231,235.0
458,content_e53aef0ca93a8ed1,81.66705363889143,STALE_HIGH_OPPORTUNITY,21739,34.0
459,content_990a414af11fb747,81.66610323202677,STALE_HIGH_OPPORTUNITY,21719,34.0
460,content_5e042e106970eba2,81.66378001524652,STALE_HIGH_OPPORTUNITY,21627,34.0
461,content_f10260efe361bf9a,81.6599783877879,STALE_HIGH_OPPORTUNITY,21526,34.0
462,content_914766bca18e7025,81.6589223801605,STALE_HIGH_OPPORTUNITY,21494,34.0
463,content_f1acca843b13537f,81.65871117863503,STALE_HIGH_OPPORTUNITY,21490,34.0
464,content_b1b997c9b211ef67,81.65659916338024,STALE_HIGH_OPPORTUNITY,21430,34.0
465,content_f36d529e22feabc6,81.65469834965093,STALE_HIGH_OPPORTUNITY,21357,34.0
466,content_9f32e892ddc7a3f9,81.6500519160904,STALE_HIGH_OPPORTUNITY,21243,34.0
467,content_19bfd612fe484c52,81.64787180248103,STALE_HIGH_OPPORTUNITY,698,36.0
468,content_a6ba4526675d1f16,81.64265986269866,STALE_HIGH_OPPORTUNITY,21005,34.0
469,content_3c2c7134395bbf95,81.63780222761265,STALE_HIGH_OPPORTUNITY,20851,34.0
470,content_dcf54e6152c6bc91,81.63590141388335,STALE_HIGH_OPPORTUNITY,20824,34.0
471,content_0f2f30f570208f0c,81.63516220854417,STALE_HIGH_OPPORTUNITY,20801,34.0
472,content_f7db7c9b2e37e149,81.63378939862858,STALE_HIGH_OPPORTUNITY,20759,34.0
473,content_f929f99a6f4e0c3f,81.63294459252666,STALE_HIGH_OPPORTUNITY,20740,34.0
474,content_e56c5a249e185098,81.63083257727187,STALE_HIGH_OPPORTUNITY,20670,34.0
475,content_efd376b71171c364,81.62882616277983,STALE_HIGH_OPPORTUNITY,20628,34.0
476,content_e0cf14907d71be9c,81.6281925582034,STALE_HIGH_OPPORTUNITY,20584,34.0
477,content_4e35865f7b782060,81.6281925582034,STALE_HIGH_OPPORTUNITY,20584,34.0
478,content_2802b345a9f98d70,81.62724215133873,STALE_HIGH_OPPORTUNITY,20553,34.0
479,content_f67dac258a6c9136,81.62347802628828,STALE_HIGH_OPPORTUNITY,695,36.0
480,content_43adfe35992620b5,81.62090610557438,STALE_HIGH_OPPORTUNITY,20334,34.0
481,content_1488747a8e5473f3,81.61963889642152,STALE_HIGH_OPPORTUNITY,20309,34.0
482,content_d45d3ba11162fdfe,81.61478126133551,STALE_HIGH_OPPORTUNITY,20180,34.0
483,content_e69b442038b895f0,81.6090788201476,STALE_HIGH_OPPORTUNITY,20040,34.0
484,content_70dc7b69a5719605,81.60548839421446,STALE_HIGH_OPPORTUNITY,19892,34.0
485,content_343ed364a9a038f5,81.60443238658706,STALE_HIGH_OPPORTUNITY,19860,34.0
486,content_12aad21f7eb34ddb,81.59957475150107,STALE_HIGH_OPPORTUNITY,19682,34.0
487,content_343790fb8e17cfbf,81.5983075423482,STALE_HIGH_OPPORTUNITY,19653,34.0
488,content_aceefd53651c3118,81.59704033319532,STALE_HIGH_OPPORTUNITY,19607,34.0
489,content_294276ae224bb13c,81.59556192251698,STALE_HIGH_OPPORTUNITY,19578,34.0
490,content_34c94f23183cb08b,81.59535072099149,STALE_HIGH_OPPORTUNITY,19575,34.0
491,content_ebbe02ffe5cc83e1,81.59323870573671,STALE_HIGH_OPPORTUNITY,19521,34.0
492,content_2253d679b54cf93d,81.59281630268575,STALE_HIGH_OPPORTUNITY,19510,34.0
493,content_80d21f4c5b9e78f1,81.5883675536675,STALE_HIGH_OPPORTUNITY,668,56.0
494,content_92eda03371bcc255,81.58721946226058,STALE_HIGH_OPPORTUNITY,19379,34.0
495,content_c7d99dc8546e8470,81.58567295322764,STALE_HIGH_OPPORTUNITY,690,36.0
496,content_c7004e859babe8f8,81.58542424929401,STALE_HIGH_OPPORTUNITY,19309,34.0
497,content_cbd0fdbc5c6a1ded,81.58500184624305,STALE_HIGH_OPPORTUNITY,19298,34.0
498,content_93d76695da196fdf,81.58436824166662,STALE_HIGH_OPPORTUNITY,19292,34.0
499,content_a45c756c072a7ed8,81.58288983098826,STALE_HIGH_OPPORTUNITY,19275,34.0
500,content_732d03a75765811b,81.57866580047869,STALE_HIGH_OPPORTUNITY,19201,34.0
501,content_dcfa75f4766aa6f1,81.57803219590227,STALE_HIGH_OPPORTUNITY,19187,34.0
502,content_cbf2a806c815ddd1,81.57718738980034,STALE_HIGH_OPPORTUNITY,19153,34.0
503,content_ce467ecc5defe43f,81.575708979122,STALE_HIGH_OPPORTUNITY,19103,34.0
504,content_bd4950d61ff22fd7,81.57549777759652,STALE_HIGH_OPPORTUNITY,19101,34.0
505,content_394a37814ff57783,81.57095694479872,STALE_HIGH_OPPORTUNITY,19024,34.0
506,content_560e817a9365fe73,81.57095694479872,STALE_HIGH_OPPORTUNITY,19024,34.0
507,content_603460daeefa793a,81.57064014251051,STALE_HIGH_OPPORTUNITY,19021,34.0
508,content_1073e371db6e53c4,81.57042894098504,STALE_HIGH_OPPORTUNITY,19005,34.0
509,content_218015bb545a1c96,81.56536010437355,STALE_HIGH_OPPORTUNITY,18889,34.0
510,content_61563149f87b6021,81.56451529827164,STALE_HIGH_OPPORTUNITY,18867,34.0
511,content_34b9ee44e0306475,81.56430409674617,STALE_HIGH_OPPORTUNITY,18866,34.0
512,content_0327a4db985497ea,81.56029126776207,STALE_HIGH_OPPORTUNITY,18766,34.0
513,content_3c1f162f2ae226e3,81.55589353813518,STALE_HIGH_OPPORTUNITY,686,36.0
514,content_1cb551b2a93eaec4,81.55480002809962,STALE_HIGH_OPPORTUNITY,18637,34.0
515,content_3c4694e693d2a2d1,81.55057599759006,STALE_HIGH_OPPORTUNITY,18534,34.0
516,content_89cd22d607e147fe,81.5493087884372,STALE_HIGH_OPPORTUNITY,18503,34.0
517,content_0dea4c7b3f7a8493,81.54867518386075,STALE_HIGH_OPPORTUNITY,18493,34.0
518,content_59a640abf040fcb8,81.54860708550618,STALE_HIGH_OPPORTUNITY,685,36.0
519,content_262a9aef904466d5,81.54698557165693,STALE_HIGH_OPPORTUNITY,18428,34.0
520,content_651ec7ac9bd0b173,81.54381754877475,STALE_HIGH_OPPORTUNITY,18345,34.0
521,content_6d1435f76c4c1887,81.54360634724927,STALE_HIGH_OPPORTUNITY,18327,34.0
522,content_667ca2425a1a29e5,81.54244473885913,STALE_HIGH_OPPORTUNITY,18313,34.0
523,content_ca1ae5fc0a29d859,81.54244473885913,STALE_HIGH_OPPORTUNITY,18313,34.0
524,content_2a0dbe9cebd22097,81.5399103205534,STALE_HIGH_OPPORTUNITY,18274,34.0
525,content_4c584517eb50cc2c,81.53727030148492,STALE_HIGH_OPPORTUNITY,18213,34.0
526,content_8c16bdac48bf7b56,81.53663669690849,STALE_HIGH_OPPORTUNITY,18203,34.0
527,content_e4a1d2ea7bd656cc,81.53477338558733,STALE_HIGH_OPPORTUNITY,683,36.0
528,content_6bc5381110cca2b7,81.53336307326357,STALE_HIGH_OPPORTUNITY,18120,34.0
529,content_14195454a7a73332,81.5326238679244,STALE_HIGH_OPPORTUNITY,18107,34.0
530,content_51ae201488742290,81.52871663970305,STALE_HIGH_OPPORTUNITY,18035,34.0
531,content_67bddeb26fac2add,81.52681582597373,STALE_HIGH_OPPORTUNITY,18004,34.0
532,content_866d060f4d5640d8,81.52206379165047,STALE_HIGH_OPPORTUNITY,17930,34.0
533,content_827cdcfd2bf935ee,81.52121332346222,STALE_HIGH_OPPORTUNITY,507,131.0
534,content_4fd2f1581d511c86,81.51794536190364,STALE_HIGH_OPPORTUNITY,17851,34.0
535,content_ba4867e06f07f3aa,81.51794536190364,STALE_HIGH_OPPORTUNITY,17851,34.0
536,content_831778d900e116e7,81.51615014893707,STALE_HIGH_OPPORTUNITY,17826,34.0
537,content_d0e9dc3888e09623,81.5159389474116,STALE_HIGH_OPPORTUNITY,17819,34.0
538,content_ac8a6e68a352a193,81.5148829397842,STALE_HIGH_OPPORTUNITY,17798,34.0
539,content_1a71ceb11bf0fbcf,81.51485457943485,STALE_HIGH_OPPORTUNITY,642,60.0
540,content_4abfde13fea7afff,81.51456613749599,STALE_HIGH_OPPORTUNITY,17796,34.0
541,content_27d93a25058e10d2,81.51351012986859,STALE_HIGH_OPPORTUNITY,17769,34.0
542,content_850df469a03330c2,81.51034210698641,STALE_HIGH_OPPORTUNITY,17725,34.0
543,content_20e79a8da4f728fa,81.50643487876506,STALE_HIGH_OPPORTUNITY,17631,34.0
544,content_0ccb7b61bfb0f6bc,81.50347805740837,STALE_HIGH_OPPORTUNITY,17571,34.0
545,content_00fad4a08a0a07f9,81.50263325130645,STALE_HIGH_OPPORTUNITY,17563,34.0
546,content_849f80b5a2a0a422,81.5003100345262,STALE_HIGH_OPPORTUNITY,17524,34.0
547,content_7879ff77052092d9,81.4992540268988,STALE_HIGH_OPPORTUNITY,17502,34.0
548,content_71c78c3547cfdf23,81.4976700154577,STALE_HIGH_OPPORTUNITY,17487,34.0
549,content_2756cf9073b67ce8,81.49735321316949,STALE_HIGH_OPPORTUNITY,17485,34.0
550,content_c87e5fbfa3571c3e,81.49587480249114,STALE_HIGH_OPPORTUNITY,17452,34.0
551,content_7b4b4212cccd4d8d,81.49566360096566,STALE_HIGH_OPPORTUNITY,17451,34.0
552,content_a70136eceef1d6db,81.49429079105006,STALE_HIGH_OPPORTUNITY,17436,34.0
553,content_303393b256427d82,81.49312918265993,STALE_HIGH_OPPORTUNITY,17421,34.0
554,content_c128c2be614b343e,81.48531472621721,STALE_HIGH_OPPORTUNITY,17300,34.0
555,content_383d0e709b8447a8,81.48193550180957,STALE_HIGH_OPPORTUNITY,17258,34.0
556,content_876f683b435d69cf,81.48087949418218,STALE_HIGH_OPPORTUNITY,17241,34.0
557,content_c209fefc9f98358d,81.47486025070604,STALE_HIGH_OPPORTUNITY,17112,34.0
558,content_f1437a5432fa9b58,81.47433224689235,STALE_HIGH_OPPORTUNITY,17100,34.0
559,content_6333ecce95f11327,81.47390984384138,STALE_HIGH_OPPORTUNITY,17088,34.0
560,content_3453470e1df6580c,81.4723258324003,STALE_HIGH_OPPORTUNITY,17045,34.0
561,content_d76dc4be4ea4f674,81.47200903011209,STALE_HIGH_OPPORTUNITY,17041,34.0
562,content_5dba194f77b379a6,81.47031941790824,STALE_HIGH_OPPORTUNITY,16968,34.0
563,content_8df0f9673f13d1ed,81.46736259655155,STALE_HIGH_OPPORTUNITY,16913,34.0
564,content_da3ccd90d91f58a3,81.46482817824581,STALE_HIGH_OPPORTUNITY,16873,34.0
565,content_83e2613d126b5eee,81.45870333400694,STALE_HIGH_OPPORTUNITY,16771,34.0
566,content_14632af525c53327,81.45764732637954,STALE_HIGH_OPPORTUNITY,16753,34.0
567,content_8b404a47f95884f8,81.45447930349737,STALE_HIGH_OPPORTUNITY,16699,34.0
568,content_03329b8ded59f0fb,81.4513112806152,STALE_HIGH_OPPORTUNITY,16613,34.0
569,content_3f3dceff8153f3d2,81.45110007908971,STALE_HIGH_OPPORTUNITY,16612,34.0
570,content_830ce45b22a951a0,81.44983286993684,STALE_HIGH_OPPORTUNITY,16599,34.0
571,content_824a6e5b05a2bba9,81.44465843256262,STALE_HIGH_OPPORTUNITY,16481,34.0
572,content_f1d47f46593eea32,81.44370802569797,STALE_HIGH_OPPORTUNITY,16471,34.0
573,content_edfe71343b066b77,81.4429688203588,STALE_HIGH_OPPORTUNITY,16461,34.0
574,content_b65c62f1260b9fd3,81.44149040968044,STALE_HIGH_OPPORTUNITY,16436,34.0
575,content_50bc2f19f2a7f355,81.44096240586674,STALE_HIGH_OPPORTUNITY,16434,34.0
576,content_6ddf7fead4786cb4,81.43800558451005,STALE_HIGH_OPPORTUNITY,16384,34.0
577,content_f484dc050fedabd7,81.43547116620431,STALE_HIGH_OPPORTUNITY,16357,34.0
578,content_fb4a83724f035a2c,81.43019112806735,STALE_HIGH_OPPORTUNITY,16282,34.0
579,content_39ad0976be228264,81.42997992654186,STALE_HIGH_OPPORTUNITY,16278,34.0
580,content_bbe477b14ea25aa8,81.42913512043995,STALE_HIGH_OPPORTUNITY,16268,34.0
581,content_1354bf36b3914fc1,81.42860711662625,STALE_HIGH_OPPORTUNITY,16260,34.0
582,content_dd9a6909fbc76dfb,81.42744550823613,STALE_HIGH_OPPORTUNITY,16251,34.0
583,content_3a13eeefca1fcd45,81.42660070213422,STALE_HIGH_OPPORTUNITY,16242,34.0
584,content_cb4fb4947df7e522,81.42512229145586,STALE_HIGH_OPPORTUNITY,16200,34.0
585,content_41bd09c66e9677e2,81.42410378623663,STALE_HIGH_OPPORTUNITY,668,36.0
586,content_c1056e5fab43cece,81.42374948154026,STALE_HIGH_OPPORTUNITY,16184,34.0
587,content_736f0fed2392ab68,81.42301027620108,STALE_HIGH_OPPORTUNITY,16179,34.0
588,content_4a662bd8e7a490bd,81.4227990746756,STALE_HIGH_OPPORTUNITY,16176,34.0
589,content_d24c87b5d96dffff,81.42258787315012,STALE_HIGH_OPPORTUNITY,16171,34.0
590,content_62cdc18155d94032,81.42132066399726,STALE_HIGH_OPPORTUNITY,16144,34.0
591,content_2ff4f5d769fa9739,81.42068705942081,STALE_HIGH_OPPORTUNITY,16137,34.0
592,content_6bfef55870dbbc66,81.42026465636987,STALE_HIGH_OPPORTUNITY,16131,34.0
593,content_afab478b180040e0,81.4187862456915,STALE_HIGH_OPPORTUNITY,16107,34.0
594,content_67ed454ca2209a12,81.41804704035233,STALE_HIGH_OPPORTUNITY,16096,34.0
595,content_c0bfca959627c226,81.41604062586029,STALE_HIGH_OPPORTUNITY,16065,34.0
596,content_f601df3f6df3f626,81.4149846182329,STALE_HIGH_OPPORTUNITY,16046,34.0
597,content_0c40fae0b03c27e6,81.41435101365646,STALE_HIGH_OPPORTUNITY,16035,34.0
598,content_934e238c2000ca25,81.41392861060551,STALE_HIGH_OPPORTUNITY,16026,34.0
599,content_b94054ef3dc7b467,81.41371740908004,STALE_HIGH_OPPORTUNITY,16025,34.0
600,content_8b9edb992ac4d551,81.40590295263732,STALE_HIGH_OPPORTUNITY,15919,34.0
601,content_aedeb10362246920,81.40569175111185,STALE_HIGH_OPPORTUNITY,15910,34.0
602,content_7f74e782e6ae0c76,81.40526934806088,STALE_HIGH_OPPORTUNITY,15907,34.0
603,content_36f5d5eaad06e37f,81.40252372822967,STALE_HIGH_OPPORTUNITY,15880,34.0
604,content_e829a6421c2dc0c8,81.39887718774058,STALE_HIGH_OPPORTUNITY,547,81.0
605,content_bee4ccfa36cae60a,81.39618768246531,STALE_HIGH_OPPORTUNITY,15787,34.0
606,content_2b9fbacfacf0c94c,81.39449807026149,STALE_HIGH_OPPORTUNITY,15746,34.0
607,content_cbbb0c7db66e4333,81.39407566721053,STALE_HIGH_OPPORTUNITY,15743,34.0
608,content_4cf9b468bb35a45d,81.38879562907357,STALE_HIGH_OPPORTUNITY,15689,34.0
609,content_3cb83aafac132323,81.38267078483469,STALE_HIGH_OPPORTUNITY,15578,34.0
610,content_e7536a012d3ec1a6,81.38224838178374,STALE_HIGH_OPPORTUNITY,15574,34.0
611,content_addb21b0c35dcdd8,81.38161477720732,STALE_HIGH_OPPORTUNITY,15560,34.0
612,content_fe87f18b360ebd8b,81.37517313068021,STALE_HIGH_OPPORTUNITY,15472,34.0
613,content_fbad47ae4dcc7805,81.3738003207646,STALE_HIGH_OPPORTUNITY,15465,34.0
614,content_8a90d7e70f492b85,81.36704187194928,STALE_HIGH_OPPORTUNITY,15358,34.0
615,content_e9ae2cca4c60ebb2,81.36619706584737,STALE_HIGH_OPPORTUNITY,15331,34.0
616,content_2e160e257d19d919,81.36239543838876,STALE_HIGH_OPPORTUNITY,15252,34.0
617,content_731f4fed995f9ccb,81.3600722216085,STALE_HIGH_OPPORTUNITY,15221,34.0
618,content_e3faf06779436e84,81.35915617590638,STALE_HIGH_OPPORTUNITY,218,235.0
619,content_936280fc11b9c25a,81.35394737736964,STALE_HIGH_OPPORTUNITY,15103,34.0
620,content_25b26731f69787b6,81.35109615677567,STALE_HIGH_OPPORTUNITY,15044,34.0
621,content_79f90580eb831294,81.35014574991102,STALE_HIGH_OPPORTUNITY,15037,34.0
622,content_3db5a30bca98ce03,81.34908974228361,STALE_HIGH_OPPORTUNITY,15027,34.0
623,content_8f7c81769e5ef3f8,81.34845613770719,STALE_HIGH_OPPORTUNITY,15018,34.0
624,content_8550d0e65711ca3c,81.34380970414666,STALE_HIGH_OPPORTUNITY,14926,34.0
625,content_7d9b4f374cf32b14,81.34085288278996,STALE_HIGH_OPPORTUNITY,14891,34.0
626,content_5963cb5eb396a6f3,81.34043047973901,STALE_HIGH_OPPORTUNITY,14887,34.0
627,content_4caf8755ada5dfe8,81.33958567363709,STALE_HIGH_OPPORTUNITY,14881,34.0
628,content_3418e48c3ce87f76,81.33810726295874,STALE_HIGH_OPPORTUNITY,14860,34.0
629,content_1514268d56815d11,81.33462243778835,STALE_HIGH_OPPORTUNITY,14815,34.0
630,content_a6d69b12de5ceab7,81.33092641109248,STALE_HIGH_OPPORTUNITY,14779,34.0
631,content_226ba8f0d250f71d,81.33008160499057,STALE_HIGH_OPPORTUNITY,14762,34.0
632,content_3d356fcc8bcdc6c7,81.32775838821031,STALE_HIGH_OPPORTUNITY,14730,34.0
633,content_841f233b4597d75e,81.32691358210839,STALE_HIGH_OPPORTUNITY,14714,34.0
634,content_99fd8511c1a9dcc1,81.32469596609086,STALE_HIGH_OPPORTUNITY,14682,34.0
635,content_a25a5ed178383d8e,81.32142234244594,STALE_HIGH_OPPORTUNITY,14646,34.0
636,content_2efd83b22d589736,81.31867672261474,STALE_HIGH_OPPORTUNITY,14608,34.0
637,content_8ca7911a1e60e9fe,81.31814871880103,STALE_HIGH_OPPORTUNITY,14600,34.0
638,content_034f3d6a57be0366,81.31466389363064,STALE_HIGH_OPPORTUNITY,14554,34.0
639,content_b0957d5d9dab8fbc,81.31381908752873,STALE_HIGH_OPPORTUNITY,14547,34.0
640,content_2e110a0dbd18b78e,81.31248378002127,STALE_HIGH_OPPORTUNITY,654,36.0
641,content_ef313d9269bfae75,81.31128466922299,STALE_HIGH_OPPORTUNITY,14526,34.0
642,content_c3b4fe9e92f9934a,81.30790544481533,STALE_HIGH_OPPORTUNITY,14477,34.0
643,content_9b64151b74ead4ef,81.30748304176437,STALE_HIGH_OPPORTUNITY,14472,34.0
644,content_c61235ca943092f1,81.30420941811946,STALE_HIGH_OPPORTUNITY,14435,34.0
645,content_e6e4887a47c2b8a3,81.30368141430576,STALE_HIGH_OPPORTUNITY,14432,34.0
646,content_dceeb5ab9c28b351,81.30241420515289,STALE_HIGH_OPPORTUNITY,14422,34.0
647,content_93df57f90123f58a,81.30178060057645,STALE_HIGH_OPPORTUNITY,14413,34.0
648,content_d2086d9db5d567f0,81.30156939905098,STALE_HIGH_OPPORTUNITY,14412,34.0
649,content_811d483e874a9967,81.2978733723551,STALE_HIGH_OPPORTUNITY,14377,34.0
650,content_6d64d4bd693b5fc8,81.29512775252388,STALE_HIGH_OPPORTUNITY,14361,34.0
651,content_22f47621dfca0028,81.29417734565924,STALE_HIGH_OPPORTUNITY,14348,34.0
652,content_2ad32eb6f4b72da1,81.291431725828,STALE_HIGH_OPPORTUNITY,14314,34.0
653,content_91094075943a862a,81.28330046709709,STALE_HIGH_OPPORTUNITY,14223,34.0
654,content_3fc3ab57606154a2,81.28266686252066,STALE_HIGH_OPPORTUNITY,14213,34.0
655,content_f8c15fdc81785708,81.28150525413052,STALE_HIGH_OPPORTUNITY,14195,34.0
656,content_f2a580fd75a01906,81.2811884518423,STALE_HIGH_OPPORTUNITY,14194,34.0
657,content_f0d7b541ef0591d2,81.28066044802861,STALE_HIGH_OPPORTUNITY,14191,34.0
658,content_4b56e08933f32d70,81.27886523506204,STALE_HIGH_OPPORTUNITY,14165,34.0
659,content_7e74d4b1ec6d8f0c,81.27886523506204,STALE_HIGH_OPPORTUNITY,14165,34.0
660,content_502ad65d0b770851,81.27812602972286,STALE_HIGH_OPPORTUNITY,14158,34.0
661,content_eac2336781d59443,81.27749242514643,STALE_HIGH_OPPORTUNITY,14143,34.0
662,content_18e42e13bc01573f,81.27707002209547,STALE_HIGH_OPPORTUNITY,14141,34.0
663,content_39790127cf0d017b,81.27643641751904,STALE_HIGH_OPPORTUNITY,14136,34.0
664,content_9051f0ec2271294b,81.27157878243304,STALE_HIGH_OPPORTUNITY,14084,34.0
665,content_f34313c0afd864db,81.27136758090755,STALE_HIGH_OPPORTUNITY,14083,34.0
666,content_0d29509a61df95ba,81.26999477099194,STALE_HIGH_OPPORTUNITY,14061,34.0
667,content_41d18608d90de375,81.269572367941,STALE_HIGH_OPPORTUNITY,14060,34.0
668,content_9d821b8fba435fe2,81.269572367941,STALE_HIGH_OPPORTUNITY,14060,34.0
669,content_93961d1d3002171c,81.26883316260181,STALE_HIGH_OPPORTUNITY,14052,34.0
670,content_fc1c7ca27b62e70d,81.26876063227411,STALE_HIGH_OPPORTUNITY,679,35.0
671,content_51580bd392856fcb,81.2679883564999,STALE_HIGH_OPPORTUNITY,14024,34.0
672,content_5961526e671558ee,81.26577074048237,STALE_HIGH_OPPORTUNITY,13985,34.0
673,content_ca75a93f3ff1cbf2,81.26471473285498,STALE_HIGH_OPPORTUNITY,13974,34.0
674,content_6c5a1272534c0e3d,81.26418672904128,STALE_HIGH_OPPORTUNITY,13967,34.0
675,content_2c673318f1b2f4f7,81.26165231073556,STALE_HIGH_OPPORTUNITY,13912,34.0
676,content_9c1fe3314cc1ab65,81.26059630310816,STALE_HIGH_OPPORTUNITY,13889,34.0
677,content_94b6237a841e9354,81.25763948175145,STALE_HIGH_OPPORTUNITY,13848,34.0
678,content_a2fcf1a75c6f084a,81.25214824208902,STALE_HIGH_OPPORTUNITY,13790,34.0
679,content_388fa288e762427a,81.24933009193009,STALE_HIGH_OPPORTUNITY,676,35.0
680,content_ac4d98b999cd7b22,81.24933009193009,STALE_HIGH_OPPORTUNITY,676,35.0
681,content_41cef3238b9cdaeb,81.24919142073232,STALE_HIGH_OPPORTUNITY,13757,34.0
682,content_2772b08abe387b9c,81.24824101386767,STALE_HIGH_OPPORTUNITY,13751,34.0
683,content_c564b5c90712497d,81.24792421157944,STALE_HIGH_OPPORTUNITY,13750,34.0
684,content_ccd385b8a22ac069,81.24317217725618,STALE_HIGH_OPPORTUNITY,13688,34.0
685,content_37df3c9c1affb032,81.24106016200139,STALE_HIGH_OPPORTUNITY,13664,34.0
686,content_39d5fdad0eb7d39a,81.23926494903483,STALE_HIGH_OPPORTUNITY,13642,34.0
687,content_065252bf795532db,81.23789213911921,STALE_HIGH_OPPORTUNITY,13626,34.0
688,content_7d986479e843e4cd,81.23760167551603,STALE_HIGH_OPPORTUNITY,205,246.0
689,content_79f3bd2d24002c4b,81.23715293378005,STALE_HIGH_OPPORTUNITY,13624,34.0
690,content_0b55418980f61289,81.23651932920362,STALE_HIGH_OPPORTUNITY,13615,34.0
691,content_f30c7eaf89df8788,81.23630812767813,STALE_HIGH_OPPORTUNITY,13608,34.0
692,content_72761d1decf4ad42,81.23314010479595,STALE_HIGH_OPPORTUNITY,13569,34.0
693,content_aa460142942bf9cc,81.23092248877843,STALE_HIGH_OPPORTUNITY,13552,34.0
694,content_a9f835fbf91bd50d,81.22807126818448,STALE_HIGH_OPPORTUNITY,13529,34.0
695,content_c42bb4f4366719db,81.22574805140421,STALE_HIGH_OPPORTUNITY,13490,34.0
696,content_ccbc70861221c789,81.225431249116,STALE_HIGH_OPPORTUNITY,13488,34.0
697,content_0d22abd214468273,81.22395283843764,STALE_HIGH_OPPORTUNITY,13463,34.0
698,content_b92b960cd202246f,81.223002431573,STALE_HIGH_OPPORTUNITY,13455,34.0
699,content_669e673e56d1e9cb,81.2227912300475,STALE_HIGH_OPPORTUNITY,13452,34.0
700,content_bcc0248af1702d97,81.21476557207933,STALE_HIGH_OPPORTUNITY,13369,34.0
701,content_1e5963f9ce2cf1c3,81.21349836292646,STALE_HIGH_OPPORTUNITY,13357,34.0
702,content_d3d9e46e5338b800,81.21233675453632,STALE_HIGH_OPPORTUNITY,13347,34.0
703,content_b850a4c37207dc53,81.21191435148538,STALE_HIGH_OPPORTUNITY,13344,34.0
704,content_107a1ea0912605b8,81.21149194843441,STALE_HIGH_OPPORTUNITY,13339,34.0
705,content_a57aa6aa7d4df4cc,81.21054154156975,STALE_HIGH_OPPORTUNITY,13336,34.0
706,content_b27a421077e3c571,81.20959113470511,STALE_HIGH_OPPORTUNITY,13321,34.0
707,content_bd16e7ac4fcfabb2,81.20832392555225,STALE_HIGH_OPPORTUNITY,13317,34.0
708,content_aefb0b9a70932f00,81.2014598759742,STALE_HIGH_OPPORTUNITY,13256,34.0
709,content_b146bfe987d7172d,81.19977026377036,STALE_HIGH_OPPORTUNITY,13241,34.0
710,content_48a7316f812b9f65,81.19575743478627,STALE_HIGH_OPPORTUNITY,13191,34.0
711,content_80b67991aeb85ffc,81.19459582639614,STALE_HIGH_OPPORTUNITY,13178,34.0
712,content_da3caa29c09139b8,81.19237821037862,STALE_HIGH_OPPORTUNITY,13165,34.0
713,content_72baaef87a0acf67,81.18868218368274,STALE_HIGH_OPPORTUNITY,13130,34.0
714,content_798ca09d4f2dcf9c,81.18794297834357,STALE_HIGH_OPPORTUNITY,13124,34.0
715,content_de47ffb7c124c111,81.18646456766523,STALE_HIGH_OPPORTUNITY,13118,34.0
716,content_897bae88b01c89a2,81.18604216461426,STALE_HIGH_OPPORTUNITY,13109,34.0
717,content_33c141e04352003a,81.18583096308878,STALE_HIGH_OPPORTUNITY,13108,34.0
718,content_2172f59b2c00dfa8,81.18509175774962,STALE_HIGH_OPPORTUNITY,13093,34.0
719,content_b6563d031411673d,81.183718947834,STALE_HIGH_OPPORTUNITY,13078,34.0
720,content_98aa34fcb150e806,81.1818181341047,STALE_HIGH_OPPORTUNITY,13038,34.0
721,content_fb17ac78de5c6d77,81.17801650664609,STALE_HIGH_OPPORTUNITY,12999,34.0
722,content_84d3661fe2dd2391,81.1778053051206,STALE_HIGH_OPPORTUNITY,12991,34.0
723,content_61a40c25a44ae14e,81.17748850283239,STALE_HIGH_OPPORTUNITY,12981,34.0
724,content_56ed8db5afa76626,81.1724196662209,STALE_HIGH_OPPORTUNITY,12939,34.0
725,content_e080fc5170d28a55,81.16977964715242,STALE_HIGH_OPPORTUNITY,12913,34.0
726,content_bffeafcf1217760a,81.16787883342312,STALE_HIGH_OPPORTUNITY,12894,34.0
727,content_3af5007387819035,81.16597801969381,STALE_HIGH_OPPORTUNITY,12876,34.0
728,content_4d98a8ebef58a954,81.16196519070972,STALE_HIGH_OPPORTUNITY,12824,34.0
729,content_4eeaddb4841d4e45,81.16175398918425,STALE_HIGH_OPPORTUNITY,12818,34.0
730,content_c80b746d80f0699c,81.16133158613329,STALE_HIGH_OPPORTUNITY,12811,34.0
731,content_688df67b34e74bbb,81.1597475746922,STALE_HIGH_OPPORTUNITY,12797,34.0
732,content_0319c9c35522464a,81.15636835028454,STALE_HIGH_OPPORTUNITY,12756,34.0
733,content_a77f709a98fa26b1,81.15467873808072,STALE_HIGH_OPPORTUNITY,12733,34.0
734,content_ab7a5e4bea846480,81.15408263591243,STALE_HIGH_OPPORTUNITY,635,36.0
735,content_a87500d3def4a554,81.14971550223197,STALE_HIGH_OPPORTUNITY,12677,34.0
736,content_362bea90cebb3193,81.1489762968928,STALE_HIGH_OPPORTUNITY,12671,34.0
737,content_884c1858174d0110,81.1489762968928,STALE_HIGH_OPPORTUNITY,12671,34.0
738,content_f96cfaec4b8b7782,81.14570267324788,STALE_HIGH_OPPORTUNITY,12638,34.0
739,content_7e0d73528fcc84b3,81.14485786714596,STALE_HIGH_OPPORTUNITY,12634,34.0
740,content_4fe94bdfd75c38f9,81.14422426256952,STALE_HIGH_OPPORTUNITY,12624,34.0
741,content_95b548f7f3d1d588,81.14401306104405,STALE_HIGH_OPPORTUNITY,12620,34.0
742,content_824ed966e3c3196b,81.14126744121283,STALE_HIGH_OPPORTUNITY,12593,34.0
743,content_1c0f6b3ef587bc9c,81.14042263511092,STALE_HIGH_OPPORTUNITY,12578,34.0
744,content_17e1f9590767a167,81.139577829009,STALE_HIGH_OPPORTUNITY,12571,34.0
745,content_684b71d764330fbf,81.1357762015504,STALE_HIGH_OPPORTUNITY,12535,34.0
746,content_197d52c0c87a4650,81.13493139544848,STALE_HIGH_OPPORTUNITY,12519,34.0
747,content_475c167da86129f5,81.12511052451373,STALE_HIGH_OPPORTUNITY,12431,34.0
748,content_1e7e5a6080e06c57,81.12437131917456,STALE_HIGH_OPPORTUNITY,12426,34.0
749,content_7bb587b1dfe79acc,81.12310411002169,STALE_HIGH_OPPORTUNITY,12416,34.0
750,content_545e32ee913f9a4d,81.12162569934333,STALE_HIGH_OPPORTUNITY,12399,34.0
751,content_e227acc775773559,81.12155760098875,STALE_HIGH_OPPORTUNITY,631,36.0
752,content_a4539d35705f7e0f,81.11486725052802,STALE_HIGH_OPPORTUNITY,12331,34.0
753,content_d43830c5c07515b3,81.11402244442611,STALE_HIGH_OPPORTUNITY,12326,34.0
754,content_097c819cc9b64492,81.11360004137515,STALE_HIGH_OPPORTUNITY,12323,34.0
755,content_3beef766ea300c6e,81.10515198035601,STALE_HIGH_OPPORTUNITY,12247,34.0
756,content_beedaa96e88cf477,81.10261756205028,STALE_HIGH_OPPORTUNITY,12218,34.0
757,content_d45ebd50d0c90b99,81.10244386293296,STALE_HIGH_OPPORTUNITY,629,36.0
758,content_af1126ed06b64d09,81.10177275594836,STALE_HIGH_OPPORTUNITY,12210,34.0
759,content_ba5e700449069405,81.09670391933687,STALE_HIGH_OPPORTUNITY,12164,34.0
760,content_78a817e5a5b8b7ee,81.09448630331936,STALE_HIGH_OPPORTUNITY,12144,34.0
761,content_6ffa92847e71cbb5,81.0926910903528,STALE_HIGH_OPPORTUNITY,12137,34.0
762,content_bd286a2e1157e515,81.09089587738622,STALE_HIGH_OPPORTUNITY,12125,34.0
763,content_aebfe5207a01df69,81.0886782613687,STALE_HIGH_OPPORTUNITY,12110,34.0
764,content_ce5c4a6e2b01772c,81.08762225374132,STALE_HIGH_OPPORTUNITY,12094,34.0
765,content_e75386b990457017,81.07051493017755,STALE_HIGH_OPPORTUNITY,11946,34.0
766,content_1e549967e7fdf94a,81.06840291492277,STALE_HIGH_OPPORTUNITY,11924,34.0
767,content_6a711e3265c8c99b,81.06734690729537,STALE_HIGH_OPPORTUNITY,11917,34.0
768,content_78e04415dd880433,81.06516679368602,STALE_HIGH_OPPORTUNITY,624,36.0
769,content_9b4428513ce05374,81.06333407831129,STALE_HIGH_OPPORTUNITY,11883,34.0
770,content_9455f8db4ef9c22b,81.06248927220938,STALE_HIGH_OPPORTUNITY,11874,34.0
771,content_68aeb0c58cd75d9c,81.06185566763293,STALE_HIGH_OPPORTUNITY,11864,34.0
772,content_1e29fbcbccda49ef,81.06143326458198,STALE_HIGH_OPPORTUNITY,11861,34.0
773,content_7ba5c8fa1f292c39,81.05974365237815,STALE_HIGH_OPPORTUNITY,11838,34.0
774,content_f406ec8774d96559,81.05826863253364,STALE_HIGH_OPPORTUNITY,212,234.0
775,content_ab331491c34cc740,81.05509721881762,STALE_HIGH_OPPORTUNITY,11787,34.0
776,content_c05104d13608acf1,81.05002838220615,STALE_HIGH_OPPORTUNITY,11752,34.0
777,content_84ce039b68babb20,81.04833877000232,STALE_HIGH_OPPORTUNITY,11741,34.0
778,content_abeaf3f8d46fed07,81.04802196771409,STALE_HIGH_OPPORTUNITY,11740,34.0
779,content_a5a646d777d852e9,81.04590995245931,STALE_HIGH_OPPORTUNITY,11712,34.0
780,content_19dd70206fb5e0aa,81.0434811349163,STALE_HIGH_OPPORTUNITY,11696,34.0
781,content_94dcfc79d7e4d8ec,81.0434811349163,STALE_HIGH_OPPORTUNITY,11696,34.0
782,content_a92a3ad9b2fd95f9,81.04242512728892,STALE_HIGH_OPPORTUNITY,11684,34.0
783,content_7d9bef4a837ec178,81.041580321187,STALE_HIGH_OPPORTUNITY,11680,34.0
784,content_3539d16ff8091e01,81.03820109677936,STALE_HIGH_OPPORTUNITY,11656,34.0
785,content_dacf0ad48bce7470,81.03651148457553,STALE_HIGH_OPPORTUNITY,11646,34.0
786,content_10eca93c445d4d43,81.03450507008348,STALE_HIGH_OPPORTUNITY,11629,34.0
787,content_9956ceef1d41477d,81.03038664033664,STALE_HIGH_OPPORTUNITY,11611,34.0
788,content_ab8980065a1da54e,81.0210937732156,STALE_HIGH_OPPORTUNITY,11513,34.0
789,content_b9446f4142a2e87a,81.01961536253725,STALE_HIGH_OPPORTUNITY,11506,34.0
790,content_e23cb3713707e5b3,81.01496892897673,STALE_HIGH_OPPORTUNITY,11455,34.0
791,content_39938579d3549d83,81.01422972363754,STALE_HIGH_OPPORTUNITY,11449,34.0
792,content_c6bb0b5e6edc2bac,81.0135961190611,STALE_HIGH_OPPORTUNITY,11447,34.0
793,content_066bb7aeff9aeea8,81.01264571219646,STALE_HIGH_OPPORTUNITY,11443,34.0
794,content_e4bbcb564660f54e,81.01127290228084,STALE_HIGH_OPPORTUNITY,11429,34.0
795,content_cef330d6db6bf214,81.0075087772304,STALE_HIGH_OPPORTUNITY,617,36.0
796,content_bd84587a618b32ec,81.00314164354992,STALE_HIGH_OPPORTUNITY,11370,34.0
797,content_06a1bff74f7d0873,81.00250803897349,STALE_HIGH_OPPORTUNITY,11363,34.0
798,content_f5ef19e7358bdcb9,81.00007922143048,STALE_HIGH_OPPORTUNITY,11339,34.0
799,content_0e03e2138f2f59bf,80.99817840770119,STALE_HIGH_OPPORTUNITY,11323,34.0
800,content_1746253dfa86290c,80.99817840770119,STALE_HIGH_OPPORTUNITY,11323,34.0
801,content_7fef7103d34d88de,80.99754480312475,STALE_HIGH_OPPORTUNITY,11320,34.0
802,content_ceb72734c2b3a3ef,80.99722800083653,STALE_HIGH_OPPORTUNITY,11319,34.0
803,content_ab95b2336c713f5b,80.99680559778557,STALE_HIGH_OPPORTUNITY,11315,34.0
804,content_17cdafb20df641be,80.99574959015818,STALE_HIGH_OPPORTUNITY,11306,34.0
805,content_a9bd755980df01cc,80.99448238100531,STALE_HIGH_OPPORTUNITY,11293,34.0
806,content_507d3247f77dbfd6,80.99342637337791,STALE_HIGH_OPPORTUNITY,11283,34.0
807,content_163f7303d71fe41c,80.98983594744479,STALE_HIGH_OPPORTUNITY,11248,34.0
808,content_6eb6cabcef0bd0f6,80.98782953295274,STALE_HIGH_OPPORTUNITY,11227,34.0
809,content_995242da1ae91ed4,80.9858231184607,STALE_HIGH_OPPORTUNITY,11209,34.0
810,content_5bbf9c248a1dadb3,80.98254949481579,STALE_HIGH_OPPORTUNITY,11180,34.0
811,content_12a589b97ac91723,80.98138788642565,STALE_HIGH_OPPORTUNITY,11175,34.0
812,content_b21e0ebb052435aa,80.97969827422182,STALE_HIGH_OPPORTUNITY,11163,34.0
813,content_865983ff4ec5c16b,80.97917027040813,STALE_HIGH_OPPORTUNITY,11160,34.0
814,content_c0aa7946978e36f8,80.97843106506895,STALE_HIGH_OPPORTUNITY,11158,34.0
815,content_8a3901a8dc5e364d,80.97826934975025,STALE_HIGH_OPPORTUNITY,505,81.0
816,content_2f4842404349193e,80.978008662018,STALE_HIGH_OPPORTUNITY,11155,34.0
817,content_18156104efaa8970,80.9769526543906,STALE_HIGH_OPPORTUNITY,11150,34.0
818,content_f6239cb784e03a74,80.97484063913582,STALE_HIGH_OPPORTUNITY,11139,34.0
819,content_89adae48ae35d250,80.9745238368476,STALE_HIGH_OPPORTUNITY,11138,34.0
820,content_78a907087f4f9933,80.97336222845746,STALE_HIGH_OPPORTUNITY,11132,34.0
821,content_69f7faf72e0015ff,80.96998300404982,STALE_HIGH_OPPORTUNITY,11106,34.0
822,content_42deada22b75f6ee,80.96882139565969,STALE_HIGH_OPPORTUNITY,11096,34.0
823,content_c061c80cfd0a2151,80.95995093158959,STALE_HIGH_OPPORTUNITY,11029,34.0
824,content_fca8606a92a6830b,80.95900052472493,STALE_HIGH_OPPORTUNITY,11024,34.0
825,content_4d9749d0c05e9950,80.95709971099562,STALE_HIGH_OPPORTUNITY,11008,34.0
826,content_eb3a841aa59503d4,80.95322998518243,STALE_HIGH_OPPORTUNITY,611,36.0
827,content_0a0724add729546e,80.9529812812488,STALE_HIGH_OPPORTUNITY,10980,34.0
828,content_bd2aa238379a7497,80.95108046751949,STALE_HIGH_OPPORTUNITY,10963,34.0
829,content_5ede89cd7f2d659f,80.95044686294305,STALE_HIGH_OPPORTUNITY,10959,34.0
830,content_93a635a5a1ace62c,80.94949645607839,STALE_HIGH_OPPORTUNITY,10950,34.0
831,content_17b9e821ceca190e,80.94801804540005,STALE_HIGH_OPPORTUNITY,10943,34.0
832,content_302ec4da585c050e,80.94688950744495,STALE_HIGH_OPPORTUNITY,638,35.0
833,content_9ff88084c9384df5,80.94432201870418,STALE_HIGH_OPPORTUNITY,10924,34.0
834,content_3473834c5abaf09e,80.9430548095513,STALE_HIGH_OPPORTUNITY,10914,34.0
835,content_68c865586c701826,80.93830277522804,STALE_HIGH_OPPORTUNITY,10874,34.0
836,content_bf0a7ef0cc9e1082,80.93766917065162,STALE_HIGH_OPPORTUNITY,10870,34.0
837,content_5f7299124864a33f,80.93555715539682,STALE_HIGH_OPPORTUNITY,10855,34.0
838,content_11af24fdb14b61ef,80.93524035310861,STALE_HIGH_OPPORTUNITY,10854,34.0
839,content_c7df2381def1150d,80.93460674853218,STALE_HIGH_OPPORTUNITY,10850,34.0
840,content_b5d08fdc2a5ee908,80.93323393861657,STALE_HIGH_OPPORTUNITY,10839,34.0
841,content_d32351dd6cb13067,80.92879870658152,STALE_HIGH_OPPORTUNITY,10807,34.0
842,content_ea3f69f068dfb1d2,80.9255250829366,STALE_HIGH_OPPORTUNITY,10782,34.0
843,content_490a1427162fcaee,80.92372986997003,STALE_HIGH_OPPORTUNITY,10775,34.0
844,content_bdbd5a68a4c20e5e,80.9196114402232,STALE_HIGH_OPPORTUNITY,10748,34.0
845,content_9522edf0b01baa5a,80.91929463793498,STALE_HIGH_OPPORTUNITY,10747,34.0
846,content_8c150faad8ae82bc,80.91602101429007,STALE_HIGH_OPPORTUNITY,10731,34.0
847,content_5330f6bc93a4b028,80.91485940589993,STALE_HIGH_OPPORTUNITY,10718,34.0
848,content_44fc6db1877bf6cc,80.91148018149228,STALE_HIGH_OPPORTUNITY,10703,34.0
849,content_61cf0357015e11c8,80.9083121586101,STALE_HIGH_OPPORTUNITY,10678,34.0
850,content_ae59dd7406a62895,80.90799535632188,STALE_HIGH_OPPORTUNITY,10677,34.0
851,content_6da8058ce579ba72,80.90472173267698,STALE_HIGH_OPPORTUNITY,10652,34.0
852,content_b312e504d575407c,80.90366572504958,STALE_HIGH_OPPORTUNITY,10643,34.0
853,content_eda09057681aa39b,80.90271531818493,STALE_HIGH_OPPORTUNITY,10636,34.0
854,content_d270edc3ed1c2b75,80.9023985158967,STALE_HIGH_OPPORTUNITY,10635,34.0
855,content_e1fa0a3555131198,80.90028650064193,STALE_HIGH_OPPORTUNITY,10621,34.0
856,content_370f4e6dc3e6ca90,80.89711847775975,STALE_HIGH_OPPORTUNITY,10606,34.0
857,content_4abd3cb88a5548a7,80.89204964114826,STALE_HIGH_OPPORTUNITY,10577,34.0
858,content_0bdc651886cd50f4,80.89141603657183,STALE_HIGH_OPPORTUNITY,10573,34.0
859,content_4a977571089f35c6,80.88940962207978,STALE_HIGH_OPPORTUNITY,10555,34.0
860,content_224077481f7c7698,80.8862415991976,STALE_HIGH_OPPORTUNITY,10536,34.0
861,content_68d0e46da7013a46,80.88265117326448,STALE_HIGH_OPPORTUNITY,10519,34.0
862,content_5ff3cc874635e7ee,80.88127836334886,STALE_HIGH_OPPORTUNITY,10497,34.0
863,content_520e203a08cd69ee,80.87726553436478,STALE_HIGH_OPPORTUNITY,10462,34.0
864,content_2de748a37a1d611f,80.87620952673738,STALE_HIGH_OPPORTUNITY,10457,34.0
865,content_451d44b824ed5703,80.87515351910999,STALE_HIGH_OPPORTUNITY,10448,34.0
866,content_a1232f4b3574ff02,80.87325270538068,STALE_HIGH_OPPORTUNITY,10435,34.0
867,content_d615c07893cf4a9c,80.87177429470233,STALE_HIGH_OPPORTUNITY,10429,34.0
868,content_84a29eda7f0bad72,80.87103508936316,STALE_HIGH_OPPORTUNITY,10425,34.0
869,content_8eee97e7f3568d70,80.86923987639659,STALE_HIGH_OPPORTUNITY,10415,34.0
870,content_3ffa58de35359d27,80.86723346190455,STALE_HIGH_OPPORTUNITY,10404,34.0
871,content_84063e087e0698fd,80.86586065198894,STALE_HIGH_OPPORTUNITY,10383,34.0
872,content_29ee2eb1c0b9c55d,80.8646990435988,STALE_HIGH_OPPORTUNITY,10377,34.0
873,content_3cc8fe44b722dea8,80.8636430359714,STALE_HIGH_OPPORTUNITY,10370,34.0
874,content_8fedfe6ceb4f4278,80.86322063292046,STALE_HIGH_OPPORTUNITY,10367,34.0
875,content_303821f9a1d9488d,80.86163662147938,STALE_HIGH_OPPORTUNITY,10362,34.0
876,content_2bb8660c3ad4de22,80.86163662147938,STALE_HIGH_OPPORTUNITY,10362,34.0
877,content_960e0c4f995da5a8,80.85804619554624,STALE_HIGH_OPPORTUNITY,10347,34.0
878,content_924ed7613f9654c0,80.85762379249527,STALE_HIGH_OPPORTUNITY,10344,34.0
879,content_576c6f1ff35f47ab,80.85318856046024,STALE_HIGH_OPPORTUNITY,10309,34.0
880,content_f3e367fcb6a63fe6,80.8486852300706,STALE_HIGH_OPPORTUNITY,599,36.0
881,content_37ac00d0bd8d05e6,80.84685251469587,STALE_HIGH_OPPORTUNITY,10272,34.0
882,content_4b9dd2530ee82a29,80.84643011164492,STALE_HIGH_OPPORTUNITY,10269,34.0
883,content_8b674d827d5da401,80.84157247655891,STALE_HIGH_OPPORTUNITY,10237,34.0
884,content_6f95f8f45b4d940c,80.83977726359235,STALE_HIGH_OPPORTUNITY,10228,34.0
885,content_64a55e8df9d4ef88,80.83812515379668,STALE_HIGH_OPPORTUNITY,598,36.0
886,content_acf9e20754cbb522,80.83745404681208,STALE_HIGH_OPPORTUNITY,10209,34.0
887,content_2f239b03fc616d2c,80.83608123689648,STALE_HIGH_OPPORTUNITY,10204,34.0
888,content_421ad263ab8c8c03,80.8342860239299,STALE_HIGH_OPPORTUNITY,10190,34.0
889,content_980fcd2b6d3e2a86,80.8342860239299,STALE_HIGH_OPPORTUNITY,10190,34.0
890,content_304c1b1491813d9b,80.83132920257322,STALE_HIGH_OPPORTUNITY,10174,34.0
891,content_658451790cbdab80,80.82826678045377,STALE_HIGH_OPPORTUNITY,10155,34.0
892,content_ccadf932e1f3b5f1,80.8280555789283,STALE_HIGH_OPPORTUNITY,10154,34.0
893,content_c05ae2ff08677bfb,80.82636596672447,STALE_HIGH_OPPORTUNITY,10146,34.0
894,content_acc6ddf5bc073d1a,80.82499315680886,STALE_HIGH_OPPORTUNITY,10143,34.0
895,content_53721269a8239484,80.82383154841872,STALE_HIGH_OPPORTUNITY,10134,34.0
896,content_e90dfd2eec3a6952,80.82330354460503,STALE_HIGH_OPPORTUNITY,10133,34.0
897,content_f8d77dfe93ebff45,80.81844590951903,STALE_HIGH_OPPORTUNITY,10104,34.0
898,content_ca160aed4d5f16cd,80.81538348739959,STALE_HIGH_OPPORTUNITY,10079,34.0
899,content_271448338b83c2d5,80.81210986375467,STALE_HIGH_OPPORTUNITY,10059,34.0
900,content_a7e07daccecb76ab,80.80482341112567,STALE_HIGH_OPPORTUNITY,10018,34.0
901,content_460f92ccddb6479b,80.80028257832788,STALE_HIGH_OPPORTUNITY,9987,34.0
902,content_47e1dd777d54a04d,80.79890976841227,STALE_HIGH_OPPORTUNITY,9975,34.0
903,content_df930a7f80847c4b,80.79341852874984,STALE_HIGH_OPPORTUNITY,9942,34.0
904,content_c67c7e38bda3567e,80.79088411044408,STALE_HIGH_OPPORTUNITY,9931,34.0
905,content_2e0360f48e3849ae,80.78666007993452,STALE_HIGH_OPPORTUNITY,9907,34.0
906,content_ca7bf07b4f7d26c8,80.78423126239151,STALE_HIGH_OPPORTUNITY,9896,34.0
907,content_a967df837ea47f1d,80.78380885934055,STALE_HIGH_OPPORTUNITY,9895,34.0
908,content_d397987113cb84a0,80.7828584524759,STALE_HIGH_OPPORTUNITY,9887,34.0
909,content_a12cfee646df1a11,80.77493839527047,STALE_HIGH_OPPORTUNITY,9843,34.0
910,content_d402fbbfb15ddfc8,80.7731431823039,STALE_HIGH_OPPORTUNITY,9825,34.0
911,content_6931aa50e526d2a3,80.77145357010006,STALE_HIGH_OPPORTUNITY,9817,34.0
912,content_30991a53788ab9ca,80.77029196170994,STALE_HIGH_OPPORTUNITY,9807,34.0
913,content_854693c22689a059,80.76927345649071,STALE_HIGH_OPPORTUNITY,591,36.0
914,content_99690ba80e6a148d,80.76923595408255,STALE_HIGH_OPPORTUNITY,9797,34.0
915,content_b9d89f331800bf1c,80.76839114798064,STALE_HIGH_OPPORTUNITY,9793,34.0
916,content_27aaaa6884efc79e,80.76406151670832,STALE_HIGH_OPPORTUNITY,9764,34.0
917,content_2a59c5ca811c7c6c,80.76342791213189,STALE_HIGH_OPPORTUNITY,9762,34.0
918,content_b82fe9f8a98d53f6,80.76131589687711,STALE_HIGH_OPPORTUNITY,9749,34.0
919,content_05591f78fc822f9a,80.76015428848697,STALE_HIGH_OPPORTUNITY,9740,34.0
920,content_1a6af861263ac7ee,80.75909828085958,STALE_HIGH_OPPORTUNITY,9735,34.0
921,content_7d27163d3544c0fa,80.7578310717067,STALE_HIGH_OPPORTUNITY,9731,34.0
922,content_0d976961f8f2e3f3,80.75666946331658,STALE_HIGH_OPPORTUNITY,9724,34.0
923,content_4885d725cbddce3c,80.75265663433248,STALE_HIGH_OPPORTUNITY,9709,34.0
924,content_36bbb6c802c5d70d,80.75233983204427,STALE_HIGH_OPPORTUNITY,9708,34.0
925,content_e17810d5b5318415,80.74843260382292,STALE_HIGH_OPPORTUNITY,9684,34.0
926,content_ac3e0bd879b7bb16,80.74843260382292,STALE_HIGH_OPPORTUNITY,9684,34.0
927,content_c3d1a64d55c35205,80.73090287720821,STALE_HIGH_OPPORTUNITY,9595,34.0
928,content_89774c2fb749b1c4,80.72646764517316,STALE_HIGH_OPPORTUNITY,9570,34.0
929,content_3e9509d70ce0f99f,80.72435562991838,STALE_HIGH_OPPORTUNITY,9563,34.0
930,content_adaa4779262d136c,80.72329962229098,STALE_HIGH_OPPORTUNITY,9554,34.0
931,content_745e11373e80f31f,80.72256041695181,STALE_HIGH_OPPORTUNITY,9549,34.0
932,content_8c73fe5cbdcab59b,80.72182121161264,STALE_HIGH_OPPORTUNITY,9545,34.0
933,content_fa4a08e45b33005a,80.72044840169703,STALE_HIGH_OPPORTUNITY,9538,34.0
934,content_db7dec213bc5bdaf,80.71970919635785,STALE_HIGH_OPPORTUNITY,9534,34.0
935,content_97dd80cfe1b131a7,80.71823078567951,STALE_HIGH_OPPORTUNITY,9527,34.0
936,content_84983ca7744ab985,80.71643557271292,STALE_HIGH_OPPORTUNITY,9520,34.0
937,content_a45961814a46c677,80.71569636737377,STALE_HIGH_OPPORTUNITY,9517,34.0
938,content_d740c2feef833786,80.7152739643228,STALE_HIGH_OPPORTUNITY,9514,34.0
939,content_802e713c34f541c6,80.7133731505935,STALE_HIGH_OPPORTUNITY,9503,34.0
940,content_1314807b7e16df69,80.71305634830529,STALE_HIGH_OPPORTUNITY,9501,34.0
941,content_56f153bf02c32aa1,80.70971462630578,STALE_HIGH_OPPORTUNITY,584,36.0
942,content_6895d9070e22c8be,80.70714270559189,STALE_HIGH_OPPORTUNITY,9474,34.0
943,content_943b2e733b7a8bed,80.70576989567628,STALE_HIGH_OPPORTUNITY,9463,34.0
944,content_0ec1e95fd2c794de,80.70408028347244,STALE_HIGH_OPPORTUNITY,9445,34.0
945,content_2fc5da003b12115c,80.70365788042149,STALE_HIGH_OPPORTUNITY,9443,34.0
946,content_c3b29be5827fa747,80.6996450514374,STALE_HIGH_OPPORTUNITY,9426,34.0
947,content_9d559f2902e8bea8,80.69901144686096,STALE_HIGH_OPPORTUNITY,9424,34.0
948,content_54e85b48cda857c9,80.69837784228453,STALE_HIGH_OPPORTUNITY,9421,34.0
949,content_e3231c64697a6ea9,80.69784983847083,STALE_HIGH_OPPORTUNITY,9418,34.0
950,content_ca2230926fe87d81,80.68813456829882,STALE_HIGH_OPPORTUNITY,9360,34.0
951,content_02cff3dc5a236236,80.68391053778926,STALE_HIGH_OPPORTUNITY,9340,34.0
952,content_02fec282e9f1be04,80.68306573168735,STALE_HIGH_OPPORTUNITY,9338,34.0
953,content_b960150c6fcecf80,80.6782593192288,STALE_HIGH_OPPORTUNITY,279,166.0
954,content_09a615a2f51fceb0,80.67789129431311,STALE_HIGH_OPPORTUNITY,9315,34.0
955,content_6f16c5c1c6ef4abe,80.67609608134654,STALE_HIGH_OPPORTUNITY,9305,34.0
956,content_dfba5c31539bb0e3,80.66944323329398,STALE_HIGH_OPPORTUNITY,9269,34.0
957,content_496bd13c5803e196,80.66891522948029,STALE_HIGH_OPPORTUNITY,9267,34.0
958,content_b79ba5230346881a,80.66743681880195,STALE_HIGH_OPPORTUNITY,9257,34.0
959,content_0de9ae000b6c69ce,80.66120637380033,STALE_HIGH_OPPORTUNITY,9223,34.0
960,content_df0273f28d806a72,80.66120637380033,STALE_HIGH_OPPORTUNITY,9223,34.0
961,content_cad9158e049ed359,80.65993916464745,STALE_HIGH_OPPORTUNITY,9218,34.0
962,content_50025fdb79b0cc81,80.65846075396911,STALE_HIGH_OPPORTUNITY,9210,34.0
963,content_4236ed8334f064a4,80.6579327501554,STALE_HIGH_OPPORTUNITY,9205,34.0
964,content_87271052e7e5dd5f,80.65149110362832,STALE_HIGH_OPPORTUNITY,9172,34.0
965,content_7332c37f98022183,80.65011829371271,STALE_HIGH_OPPORTUNITY,9167,34.0
966,content_11e5b9b134dc6140,80.65011829371271,STALE_HIGH_OPPORTUNITY,9167,34.0
967,content_a3a80a5173254873,80.64821747998339,STALE_HIGH_OPPORTUNITY,9155,34.0
968,content_e483e7f7e116b7de,80.64599986396588,STALE_HIGH_OPPORTUNITY,9144,34.0
969,content_1a28fa56fe329902,80.64304304260918,STALE_HIGH_OPPORTUNITY,9124,34.0
970,content_b220093ea8fa1367,80.64262063955822,STALE_HIGH_OPPORTUNITY,9123,34.0
971,content_9937c000e7a10d8f,80.64114222887986,STALE_HIGH_OPPORTUNITY,9118,34.0
972,content_c98c139e9ec37325,80.6398024893993,STALE_HIGH_OPPORTUNITY,602,35.0
973,content_efc50e307a33fee6,80.63801170840584,STALE_HIGH_OPPORTUNITY,576,36.0
974,content_4c4123c3060e29ef,80.632588567098,STALE_HIGH_OPPORTUNITY,9070,34.0
975,content_aa52f67cb99607bb,80.63142695870786,STALE_HIGH_OPPORTUNITY,9063,34.0
976,content_5290cd9d70c9d437,80.62984294726677,STALE_HIGH_OPPORTUNITY,9057,34.0
977,content_ca2a4de41fcbb121,80.62920934269034,STALE_HIGH_OPPORTUNITY,9056,34.0
978,content_a05143043ef9bffa,80.62361250226516,STALE_HIGH_OPPORTUNITY,9028,34.0
979,content_93b882b207e1d751,80.6214323886558,STALE_HIGH_OPPORTUNITY,574,36.0
980,content_aa8289e12041ab95,80.62044447938298,STALE_HIGH_OPPORTUNITY,9020,34.0
981,content_b269c61beab3a937,80.61981087480656,STALE_HIGH_OPPORTUNITY,9019,34.0
982,content_292ab57e4a885cc2,80.61453083666959,STALE_HIGH_OPPORTUNITY,8995,34.0
983,content_f4d87403273d1d9f,80.6124188214148,STALE_HIGH_OPPORTUNITY,8986,34.0
984,content_805dac1e31959aa8,80.61210201912658,STALE_HIGH_OPPORTUNITY,8985,34.0
985,content_4a8757337de2cc1f,80.60956760082084,STALE_HIGH_OPPORTUNITY,8968,34.0
986,content_6c1f18bf7e30996a,80.60882839548167,STALE_HIGH_OPPORTUNITY,8966,34.0
987,content_9c79f1b9c1dd5281,80.60777238785428,STALE_HIGH_OPPORTUNITY,8957,34.0
988,content_6de3259a83a1fd83,80.60249234971731,STALE_HIGH_OPPORTUNITY,8932,34.0
989,content_e1f791537bb0f2a3,80.59869072225871,STALE_HIGH_OPPORTUNITY,8913,34.0
990,content_b6c8550cb83bb631,80.59837391997048,STALE_HIGH_OPPORTUNITY,8912,34.0
991,content_9e99c9b431753192,80.59752911386857,STALE_HIGH_OPPORTUNITY,8906,34.0
992,content_e555142a814cfde8,80.59636750547844,STALE_HIGH_OPPORTUNITY,8895,34.0
993,content_74816757fedb1d96,80.59446669174913,STALE_HIGH_OPPORTUNITY,8883,34.0
994,content_1a1b14ab841a97f2,80.5927770795453,STALE_HIGH_OPPORTUNITY,8874,34.0
995,content_afc266844131af58,80.58834184751026,STALE_HIGH_OPPORTUNITY,8848,34.0
996,content_dbd6ce1792e15039,80.58591302996726,STALE_HIGH_OPPORTUNITY,8837,34.0
997,content_892b91bd7bfd5c8e,80.58200580174591,STALE_HIGH_OPPORTUNITY,8822,34.0
998,content_77bed313672f16a0,80.58084419335577,STALE_HIGH_OPPORTUNITY,8816,34.0
999,content_ece0c9f2614d11f4,80.58042179030481,STALE_HIGH_OPPORTUNITY,8815,34.0
1000,content_af95b2924b448019,80.57830977505004,STALE_HIGH_OPPORTUNITY,8806,34.0
1001,content_34424114ce5c4387,80.56616568733502,STALE_HIGH_OPPORTUNITY,8745,34.0
1002,content_8d16908f59a6e23a,80.56574328428405,STALE_HIGH_OPPORTUNITY,8743,34.0
1003,content_f4643c0695d02b18,80.56521528047037,STALE_HIGH_OPPORTUNITY,8742,34.0
1004,content_71f1d7aa7289a567,80.56437047436845,STALE_HIGH_OPPORTUNITY,8737,34.0
1005,content_e720775d12e7381c,80.56268086216463,STALE_HIGH_OPPORTUNITY,8732,34.0
1006,content_bc1a9e4f941ba597,80.55898483546875,STALE_HIGH_OPPORTUNITY,8709,34.0
1007,content_24ab22a0c2ba0e3e,80.55666161868848,STALE_HIGH_OPPORTUNITY,8703,34.0
1008,content_8a9ba8e32da7243e,80.55602801411206,STALE_HIGH_OPPORTUNITY,8701,34.0
1009,content_46f19cb746e64547,80.55433840190823,STALE_HIGH_OPPORTUNITY,8693,34.0
1010,content_a8cc67fa7838ad00,80.5486359607203,STALE_HIGH_OPPORTUNITY,8670,34.0
1011,content_4379682a3be0d61e,80.54430632944799,STALE_HIGH_OPPORTUNITY,8645,34.0
1012,content_b069b46ce606fa26,80.5429335195324,STALE_HIGH_OPPORTUNITY,8640,34.0
1013,content_a965958a5a189aab,80.5414926112622,STALE_HIGH_OPPORTUNITY,565,36.0
1014,content_42a29b4f49ea7265,80.53712547758174,STALE_HIGH_OPPORTUNITY,8616,34.0
1015,content_2933486cec3a2934,80.53670307453078,STALE_HIGH_OPPORTUNITY,8614,34.0
1016,content_62f1a07aff02c017,80.5340630554623,STALE_HIGH_OPPORTUNITY,8602,34.0
1017,content_d1b11d98942377f4,80.53300704783491,STALE_HIGH_OPPORTUNITY,8597,34.0
1018,content_f0884f851b426f4d,80.53216224173299,STALE_HIGH_OPPORTUNITY,8595,34.0
1019,content_368e83e00a2f6fa1,80.53173983868203,STALE_HIGH_OPPORTUNITY,8593,34.0
1020,content_8a02fbdb52d2b230,80.53152863715655,STALE_HIGH_OPPORTUNITY,8592,34.0
1021,content_0346af58227c4fc1,80.52878301732534,STALE_HIGH_OPPORTUNITY,8579,34.0
1022,content_baf386e21d4f1873,80.52793821122343,STALE_HIGH_OPPORTUNITY,8576,34.0
1023,content_0ff74063b0c5318a,80.52223577003551,STALE_HIGH_OPPORTUNITY,8547,34.0
1024,content_7a3f9fc4867595f7,80.52001815401799,STALE_HIGH_OPPORTUNITY,8533,34.0
1025,content_b0e4211ec207c90d,80.51853974333963,STALE_HIGH_OPPORTUNITY,8526,34.0
1026,content_37193627c038a023,80.51737813494951,STALE_HIGH_OPPORTUNITY,8521,34.0
1027,content_e7842b8465823f63,80.51399891054184,STALE_HIGH_OPPORTUNITY,8510,34.0
1028,content_a033d792151e17f8,80.51273170138897,STALE_HIGH_OPPORTUNITY,8505,34.0
1029,content_a61e57a95becf424,80.51104208918515,STALE_HIGH_OPPORTUNITY,8495,34.0
1030,content_6b5ae9c75b8e57f5,80.51072528689693,STALE_HIGH_OPPORTUNITY,8494,34.0
1031,content_fe23b3e18cbba10a,80.50935247698132,STALE_HIGH_OPPORTUNITY,8486,34.0
1032,content_8953107f2b8835ef,80.50755726401475,STALE_HIGH_OPPORTUNITY,8479,34.0
1033,content_2543095ad3636eea,80.50681805867558,STALE_HIGH_OPPORTUNITY,8473,34.0
1034,content_80d949b8abcb2fee,80.5066068571501,STALE_HIGH_OPPORTUNITY,8470,34.0
1035,content_9eeba1f980fd7436,80.50336630394023,STALE_HIGH_OPPORTUNITY,587,35.0
1036,content_ea448a125a29a115,80.50294833286237,STALE_HIGH_OPPORTUNITY,561,36.0
1037,content_afc4e5cea86b4a27,80.50016521062301,STALE_HIGH_OPPORTUNITY,8439,34.0
1038,content_44475603a9fb48df,80.4987924007074,STALE_HIGH_OPPORTUNITY,8429,34.0
1039,content_dd59235983b32ed4,80.49678598621536,STALE_HIGH_OPPORTUNITY,8421,34.0
1040,content_9037fe99d55f80ca,80.49594118011345,STALE_HIGH_OPPORTUNITY,8417,34.0
1041,content_e59204eb82d02e13,80.49143784972381,STALE_HIGH_OPPORTUNITY,560,36.0
1042,content_d33a2fecb787be19,80.49023873892551,STALE_HIGH_OPPORTUNITY,8393,34.0
1043,content_7e53813b868da196,80.48897152977264,STALE_HIGH_OPPORTUNITY,8386,34.0
1044,content_5b3d3baf7b745996,80.48823232443348,STALE_HIGH_OPPORTUNITY,8382,34.0
1045,content_1b5024955d51ac98,80.4874931190943,STALE_HIGH_OPPORTUNITY,8377,34.0
1046,content_20906269e8fc1a05,80.48707071604335,STALE_HIGH_OPPORTUNITY,8376,34.0
1047,content_76773f1111c808de,80.48569790612773,STALE_HIGH_OPPORTUNITY,8371,34.0
1048,content_18954718c0f80fa9,80.4826354840083,STALE_HIGH_OPPORTUNITY,8360,34.0
1049,content_daac9ae9039aedaf,80.48200187943186,STALE_HIGH_OPPORTUNITY,8358,34.0
1050,content_ef16cd974ed64722,80.4815794763809,STALE_HIGH_OPPORTUNITY,8357,34.0
1051,content_1847d883816cb4ba,80.4810514725672,STALE_HIGH_OPPORTUNITY,8356,34.0
1052,content_3bcf0d9fc425f01f,80.4796786626516,STALE_HIGH_OPPORTUNITY,8352,34.0
1053,content_94fe8d24ab51f590,80.47270901231082,STALE_HIGH_OPPORTUNITY,8332,34.0
1054,content_1c24a79ad2e98ed3,80.47154740392068,STALE_HIGH_OPPORTUNITY,8327,34.0
1055,content_801901cdd7519a55,80.4694353886659,STALE_HIGH_OPPORTUNITY,8318,34.0
1056,content_6fc1e97643821402,80.4659505634955,STALE_HIGH_OPPORTUNITY,8304,34.0
1057,content_c1ab45935a4ba5e1,80.4648945558681,STALE_HIGH_OPPORTUNITY,8301,34.0
1058,content_4c40537ed0da4b6f,80.46394414900345,STALE_HIGH_OPPORTUNITY,8295,34.0
1059,content_a9b08234b90d9bb9,80.46183213374867,STALE_HIGH_OPPORTUNITY,8291,34.0
1060,content_34cacd1e0b52388f,80.45792490552732,STALE_HIGH_OPPORTUNITY,8277,34.0
1061,content_93e96f56178cc317,80.45729130095089,STALE_HIGH_OPPORTUNITY,8276,34.0
1062,content_ae35476f64a84cd2,80.45581289027253,STALE_HIGH_OPPORTUNITY,8273,34.0
1063,content_2760578cd802f630,80.45380647578048,STALE_HIGH_OPPORTUNITY,8267,34.0
1064,content_2626b871a221bc5f,80.45317287120405,STALE_HIGH_OPPORTUNITY,8264,34.0
1065,content_9c16c3dc188e8ac6,80.45264486739036,STALE_HIGH_OPPORTUNITY,8260,34.0
1066,content_1552c98864f4b653,80.45011044908462,STALE_HIGH_OPPORTUNITY,8250,34.0
1067,content_44cf3a70d65e0786,80.44715362772791,STALE_HIGH_OPPORTUNITY,8238,34.0
1068,content_c111b12adbceaed0,80.4444080078967,STALE_HIGH_OPPORTUNITY,8230,34.0
1069,content_1c03b3099dfd6ebd,80.44345760103204,STALE_HIGH_OPPORTUNITY,8222,34.0
1070,content_ebf15f0ba58fd6c7,80.44250719416739,STALE_HIGH_OPPORTUNITY,8217,34.0
1071,content_c0aa950bbd37938e,80.44208479111644,STALE_HIGH_OPPORTUNITY,8216,34.0
1072,content_2727767fed9a4b80,80.43933917128521,STALE_HIGH_OPPORTUNITY,8209,34.0
1073,content_2749e1806835d5a7,80.43933917128521,STALE_HIGH_OPPORTUNITY,8209,34.0
1074,content_eed77d17dd515166,80.43574874535209,STALE_HIGH_OPPORTUNITY,8196,34.0
1075,content_ba0521ab861cf341,80.43205271865621,STALE_HIGH_OPPORTUNITY,8182,34.0
1076,content_7aa0fa0aa6be779e,80.4313510157252,STALE_HIGH_OPPORTUNITY,554,36.0
1077,content_923565cf76e3bad9,80.42656147899378,STALE_HIGH_OPPORTUNITY,8159,34.0
1078,content_4735a1b6878f50e9,80.42613907594281,STALE_HIGH_OPPORTUNITY,8156,34.0
1079,content_bd2c2b7e26e57245,80.42508306831542,STALE_HIGH_OPPORTUNITY,8152,34.0
1080,content_e55b75f4e2b87b15,80.42265425077242,STALE_HIGH_OPPORTUNITY,8144,34.0
1081,content_84736bebbe296acb,80.41293898060042,STALE_HIGH_OPPORTUNITY,8104,34.0
1082,content_e65f06b1ca8f5673,80.41293898060042,STALE_HIGH_OPPORTUNITY,8104,34.0
1083,content_01ea1124f7616fb4,80.41132660880996,STALE_HIGH_OPPORTUNITY,520,60.0
1084,content_11bd494782a01d65,80.40924295390452,STALE_HIGH_OPPORTUNITY,8088,34.0
1085,content_820b496b370f7eca,80.40681413636153,STALE_HIGH_OPPORTUNITY,8080,34.0
1086,content_bdefae6561d6ffa8,80.40628613254783,STALE_HIGH_OPPORTUNITY,8079,34.0
1087,content_8416c2affc38a911,80.40449091958126,STALE_HIGH_OPPORTUNITY,8075,34.0
1088,content_4d3e47b4357aff89,80.40163969898731,STALE_HIGH_OPPORTUNITY,8063,34.0
1089,content_2b5bd566df10d7dd,80.4004099922426,STALE_HIGH_OPPORTUNITY,551,36.0
1090,content_e73320f1edfaf91e,80.40037248983444,STALE_HIGH_OPPORTUNITY,8058,34.0
1091,content_93498b1ff2b8c9a6,80.39804927305417,STALE_HIGH_OPPORTUNITY,8051,34.0
1092,content_1dca636c7b6ddad1,80.39752126924049,STALE_HIGH_OPPORTUNITY,8050,34.0
1093,content_0c62b3d2d318c49e,80.39688766466404,STALE_HIGH_OPPORTUNITY,8049,34.0
1094,content_2981fbcbf1b10cf6,80.38875640593312,STALE_HIGH_OPPORTUNITY,8017,34.0
1095,content_e100e93fb4284217,80.38527158076273,STALE_HIGH_OPPORTUNITY,8004,34.0
1096,content_89ed550c4d99577d,80.3816811548296,STALE_HIGH_OPPORTUNITY,7986,34.0
1097,content_7d2c9ac41b713b12,80.37798512813373,STALE_HIGH_OPPORTUNITY,7969,34.0
1098,content_3bb78a2e7f8059a6,80.37671791898086,STALE_HIGH_OPPORTUNITY,7966,34.0
1099,content_1f5de4ab1f70f7b0,80.37587311287895,STALE_HIGH_OPPORTUNITY,7962,34.0
1100,content_deb3c63296d36862,80.37587311287895,STALE_HIGH_OPPORTUNITY,7962,34.0
1101,content_04d20ac645469996,80.37259948923403,STALE_HIGH_OPPORTUNITY,7947,34.0
1102,content_62a2a04aa7c8c02c,80.36922026482637,STALE_HIGH_OPPORTUNITY,7934,34.0
1103,content_c53dcadc5b346dd0,80.36394022668941,STALE_HIGH_OPPORTUNITY,7914,34.0
1104,content_2de20dd62a6d44f4,80.36309542058748,STALE_HIGH_OPPORTUNITY,7908,34.0
1105,content_f37fc881657b56f3,80.3625674167738,STALE_HIGH_OPPORTUNITY,7905,34.0
1106,content_c466d4277d1f7446,80.36203941296012,STALE_HIGH_OPPORTUNITY,7902,34.0
1107,content_f640434991b62c7c,80.36130020762093,STALE_HIGH_OPPORTUNITY,7899,34.0
1108,content_224e362ff81f3b07,80.35823778550149,STALE_HIGH_OPPORTUNITY,7885,34.0
1109,content_08fc7bb3c746e481,80.3558089679585,STALE_HIGH_OPPORTUNITY,7879,34.0
1110,content_5d1e793212045ec4,80.35316894889002,STALE_HIGH_OPPORTUNITY,7873,34.0
1111,content_2498f8ccb0f2a47e,80.34841691456674,STALE_HIGH_OPPORTUNITY,7855,34.0
1112,content_71aa13ccbe2d3f85,80.34218646956512,STALE_HIGH_OPPORTUNITY,7829,34.0
1113,content_a226e489c8929b7b,80.338596043632,STALE_HIGH_OPPORTUNITY,7814,34.0
1114,content_58f591bda8fcc0ad,80.33384400930872,STALE_HIGH_OPPORTUNITY,7799,34.0
1115,content_9404c013f624180e,80.33310480396955,STALE_HIGH_OPPORTUNITY,7797,34.0
1116,content_e02c3bf8013fef4e,80.33046478490107,STALE_HIGH_OPPORTUNITY,7789,34.0
1117,content_f00d032a0e5a3c12,80.32898637422272,STALE_HIGH_OPPORTUNITY,7782,34.0
1118,content_05b118c81de9a668,80.3272967620189,STALE_HIGH_OPPORTUNITY,7776,34.0
1119,content_2f8a91ca8040592f,80.32360073532303,STALE_HIGH_OPPORTUNITY,7764,34.0
1120,content_7195fe7733721a7e,80.32212232464468,STALE_HIGH_OPPORTUNITY,7761,34.0
1121,content_a5398cc741369689,80.31969350710168,STALE_HIGH_OPPORTUNITY,7754,34.0
1122,content_02702b0ff54a29e5,80.31793136457014,STALE_HIGH_OPPORTUNITY,566,35.0
1123,content_3da8cbeb11fe8682,80.31779269337237,STALE_HIGH_OPPORTUNITY,7746,34.0
1124,content_e478a0ebb7569ee9,80.31715908879592,STALE_HIGH_OPPORTUNITY,7744,34.0
1125,content_b0b4aabcd679e4af,80.31339496374548,STALE_HIGH_OPPORTUNITY,542,36.0
1126,content_0be20b39bc0622ca,80.31251265523541,STALE_HIGH_OPPORTUNITY,7726,34.0
1127,content_383c09fcf949e782,80.31251265523541,STALE_HIGH_OPPORTUNITY,7726,34.0
1128,content_7c846167a41d98ad,80.30564860565735,STALE_HIGH_OPPORTUNITY,7703,34.0
1129,content_b60baa20a0bd119a,80.3046981987927,STALE_HIGH_OPPORTUNITY,7700,34.0
1130,content_9469eb851a7357ad,80.30047416828313,STALE_HIGH_OPPORTUNITY,7685,34.0
1131,content_d351b8ff73610f20,80.29878455607931,STALE_HIGH_OPPORTUNITY,7675,34.0
1132,content_af67cbf930c2c448,80.29825655226561,STALE_HIGH_OPPORTUNITY,7674,34.0
1133,content_0ff8931cde310747,80.29762294768918,STALE_HIGH_OPPORTUNITY,7673,34.0
1134,content_21aeefc57b683764,80.29434932404426,STALE_HIGH_OPPORTUNITY,7661,34.0
1135,content_d98bffb5393328e5,80.29308211489139,STALE_HIGH_OPPORTUNITY,7658,34.0
1136,content_c55fcb2a0b94c7a5,80.29065329734838,STALE_HIGH_OPPORTUNITY,7651,34.0
1137,content_fb9fa1f7a1b789fe,80.28759087522896,STALE_HIGH_OPPORTUNITY,7639,34.0
1138,content_6c12723332d7bc53,80.28519956009411,STALE_HIGH_OPPORTUNITY,539,36.0
1139,content_cdfca32f6c76db8b,80.28368364700759,STALE_HIGH_OPPORTUNITY,7626,34.0
1140,content_c72af35090c1495c,80.2786148103961,STALE_HIGH_OPPORTUNITY,7602,34.0
1141,content_1d019d0f8de806f9,80.2782980081079,STALE_HIGH_OPPORTUNITY,7600,34.0
1142,content_9fb232eaf2405f8f,80.27544678751394,STALE_HIGH_OPPORTUNITY,7594,34.0
1143,content_79a53bf595360d49,80.27396837683558,STALE_HIGH_OPPORTUNITY,7588,34.0
1144,content_a854be4068bf76e3,80.27248996615724,STALE_HIGH_OPPORTUNITY,7582,34.0
1145,content_8fc36ddbc2f0d361,80.27196196234355,STALE_HIGH_OPPORTUNITY,7581,34.0
1146,content_1254c39b5458cded,80.2704835516652,STALE_HIGH_OPPORTUNITY,7577,34.0
1147,content_b73c679fe42a3acd,80.26446430818906,STALE_HIGH_OPPORTUNITY,7551,34.0
1148,content_dd3eeb72b38d726c,80.26203549064607,STALE_HIGH_OPPORTUNITY,7541,34.0
1149,content_64299eac47ca2a4f,80.25960667310306,STALE_HIGH_OPPORTUNITY,7529,34.0
1150,content_57e3294bc1d78b29,80.25802266166197,STALE_HIGH_OPPORTUNITY,7522,34.0
1151,content_d601dc0cdeda8c32,80.25633304945814,STALE_HIGH_OPPORTUNITY,7517,34.0
1152,content_4e87501709f6a558,80.25490412498658,STALE_HIGH_OPPORTUNITY,439,81.0
1153,content_9c3282100e77ab5d,80.25348182886418,STALE_HIGH_OPPORTUNITY,7510,34.0
1154,content_286dcbb654456038,80.25115861208393,STALE_HIGH_OPPORTUNITY,7502,34.0
1155,content_67f5385026d7b78a,80.24946899988008,STALE_HIGH_OPPORTUNITY,7495,34.0
1156,content_ce99990eb0ac05a5,80.24830739148996,STALE_HIGH_OPPORTUNITY,7489,34.0
1157,content_539c966e2aebbf2c,80.24809618996449,STALE_HIGH_OPPORTUNITY,7488,34.0
1158,content_fde3ef63bf87ef46,80.24598417470969,STALE_HIGH_OPPORTUNITY,7480,34.0
1159,content_0f901760a68da07c,80.24422646415128,STALE_HIGH_OPPORTUNITY,534,36.0
1160,content_3532c7c87acb9e81,80.2424993495393,STALE_HIGH_OPPORTUNITY,7466,34.0
1161,content_c3215d179a6a03a5,80.24049293504726,STALE_HIGH_OPPORTUNITY,7457,34.0
1162,content_a72c78749afcd694,80.24017613275905,STALE_HIGH_OPPORTUNITY,7456,34.0
1163,content_d563528672089d3a,80.23880332284342,STALE_HIGH_OPPORTUNITY,7453,34.0
1164,content_65ad702fe3756cfc,80.23880332284342,STALE_HIGH_OPPORTUNITY,7453,34.0
1165,content_19535404dc90fc94,80.23785291597878,STALE_HIGH_OPPORTUNITY,7451,34.0
1166,content_748dc6dd02a2f3a4,80.23542409843577,STALE_HIGH_OPPORTUNITY,7440,34.0
1167,content_c070e36a8393f535,80.2353560000812,STALE_HIGH_OPPORTUNITY,533,36.0
1168,content_046ac32dbece4091,80.23510729614755,STALE_HIGH_OPPORTUNITY,7439,34.0
1169,content_abf9fa911abc9a93,80.23246727707907,STALE_HIGH_OPPORTUNITY,7431,34.0
1170,content_4863575fe4e08c10,80.23109446716346,STALE_HIGH_OPPORTUNITY,7426,34.0
1171,content_8d4373aaa2e74790,80.23077766487525,STALE_HIGH_OPPORTUNITY,7425,34.0
1172,content_0f56b85b997b842f,80.23016949333527,STALE_HIGH_OPPORTUNITY,418,113.0
1173,content_b8889845911b1ee6,80.22919365343415,STALE_HIGH_OPPORTUNITY,7417,34.0
1174,content_21bd8bfd6b701795,80.22507522368733,STALE_HIGH_OPPORTUNITY,7401,34.0
1175,content_c3be4b44668a443e,80.22444161911089,STALE_HIGH_OPPORTUNITY,7399,34.0
1176,content_26ba2962a013c9d2,80.22380801453446,STALE_HIGH_OPPORTUNITY,7396,34.0
1177,content_1cbeffe5b7137ccc,80.22349121224623,STALE_HIGH_OPPORTUNITY,7395,34.0
1178,content_cd730373633f79b7,80.21718823691693,STALE_HIGH_OPPORTUNITY,556,35.0
1179,content_77c43e985e2a2f4e,80.21345913978602,STALE_HIGH_OPPORTUNITY,7356,34.0
1180,content_30565ee3b9f90165,80.21166392681945,STALE_HIGH_OPPORTUNITY,7349,34.0
1181,content_45f8a993ad1f5fac,80.20430937583586,STALE_HIGH_OPPORTUNITY,530,36.0
1182,content_b2c643ffcfdc172d,80.20332146656304,STALE_HIGH_OPPORTUNITY,7326,34.0
1183,content_69c7d42068000a1e,80.20131505207101,STALE_HIGH_OPPORTUNITY,7321,34.0
1184,content_25a2e4c5ba8973f9,80.20131505207101,STALE_HIGH_OPPORTUNITY,7321,34.0
1185,content_54355b2ca56271ff,80.19793582766334,STALE_HIGH_OPPORTUNITY,7310,34.0
1186,content_f4c0ca9775cb3ac0,80.19793582766334,STALE_HIGH_OPPORTUNITY,7310,34.0
1187,content_15f0e7f8ae2b1c0a,80.19434540173022,STALE_HIGH_OPPORTUNITY,7299,34.0
1188,content_bbd5bb6c2c1e985d,80.19117737884804,STALE_HIGH_OPPORTUNITY,7289,34.0
1189,content_30f2175b8f9686dc,80.189170964356,STALE_HIGH_OPPORTUNITY,7280,34.0
1190,content_38462cd85224d438,80.18241251554068,STALE_HIGH_OPPORTUNITY,7263,34.0
1191,content_6d2ba114e504d4ce,80.17776608198015,STALE_HIGH_OPPORTUNITY,7244,34.0
1192,content_bdee67a50c31f42f,80.17776608198015,STALE_HIGH_OPPORTUNITY,7244,34.0
1193,content_634ad272c503a755,80.17322524918237,STALE_HIGH_OPPORTUNITY,7222,34.0
1194,content_bab042c3fb37ae8c,80.17037402858841,STALE_HIGH_OPPORTUNITY,7213,34.0
1195,content_66aae6a62e195e03,80.17030593023384,STALE_HIGH_OPPORTUNITY,526,36.0
1196,content_01da8559ef4e7b53,80.16879001714733,STALE_HIGH_OPPORTUNITY,7207,34.0
1197,content_6dab9e194c936a30,80.16826201333363,STALE_HIGH_OPPORTUNITY,7205,34.0
1198,content_475515f4966d0ad6,80.16826201333363,STALE_HIGH_OPPORTUNITY,7205,34.0
1199,content_63a2be474860cd3f,80.16752280799446,STALE_HIGH_OPPORTUNITY,7203,34.0
1200,content_dbde9d5c99d62bec,80.16530519197693,STALE_HIGH_OPPORTUNITY,7197,34.0
1201,content_fa7e97516326f0a0,80.16213716909475,STALE_HIGH_OPPORTUNITY,7188,34.0
1202,content_92632f98ce968cc9,80.15400591036384,STALE_HIGH_OPPORTUNITY,7164,34.0
1203,content_e15867633e970766,80.15358350731287,STALE_HIGH_OPPORTUNITY,7163,34.0
1204,content_2dd1bf49c277881f,80.1528443019737,STALE_HIGH_OPPORTUNITY,7160,34.0
1205,content_54e61d4cb39faac4,80.15030988366796,STALE_HIGH_OPPORTUNITY,7152,34.0
1206,content_0a4940646671a63c,80.14978187985426,STALE_HIGH_OPPORTUNITY,7151,34.0
1207,content_5520ddd5ea851f76,80.14587465163291,STALE_HIGH_OPPORTUNITY,7138,34.0
1208,content_e36c66e90f60556d,80.13700418756281,STALE_HIGH_OPPORTUNITY,7109,34.0
1209,content_ae798399987ae88c,80.1366873852746,STALE_HIGH_OPPORTUNITY,7106,34.0
1210,content_9c8d34b1652b2878,80.13510337383352,STALE_HIGH_OPPORTUNITY,7099,34.0
1211,content_69dd8586f15d6a96,80.1313017463749,STALE_HIGH_OPPORTUNITY,7088,34.0
1212,content_79609c05009e3086,80.12665531281436,STALE_HIGH_OPPORTUNITY,7074,34.0
1213,content_e805e1df2bdb7a43,80.12665531281436,STALE_HIGH_OPPORTUNITY,7074,34.0
1214,content_590da40762385266,80.12623290976342,STALE_HIGH_OPPORTUNITY,7073,34.0
1215,content_aec4a77c454eef17,80.1245432975596,STALE_HIGH_OPPORTUNITY,7067,34.0
1216,content_0579c88390cb227c,80.12306488688124,STALE_HIGH_OPPORTUNITY,7061,34.0
1217,content_f68bd878a364d5d6,80.12035676945817,STALE_HIGH_OPPORTUNITY,521,36.0
1218,content_9810f967a9b51b84,80.11958006171085,STALE_HIGH_OPPORTUNITY,7045,34.0
1219,content_0de1ff7084dc6d30,80.11662324035416,STALE_HIGH_OPPORTUNITY,7034,34.0
1220,content_93ff877b4d2ce680,80.11313841518376,STALE_HIGH_OPPORTUNITY,7021,34.0
1221,content_f7dc1ea5d85fa5d1,80.11155440374266,STALE_HIGH_OPPORTUNITY,7017,34.0
1222,content_d9433238554fc9c5,80.11007599306431,STALE_HIGH_OPPORTUNITY,7011,34.0
1223,content_b196712c3dfd4f85,80.10891438467418,STALE_HIGH_OPPORTUNITY,7007,34.0
1224,content_624e13302789d725,80.10669676865666,STALE_HIGH_OPPORTUNITY,7000,34.0
1225,content_426f562fa575d990,80.10595756331749,STALE_HIGH_OPPORTUNITY,6999,34.0
1226,content_e1230f4cceafea47,80.09828621004569,STALE_HIGH_OPPORTUNITY,519,36.0
1227,content_4d3246f9862ad126,80.09814310687479,STALE_HIGH_OPPORTUNITY,6981,34.0
1228,content_9c308382f7af9b21,80.09349667331426,STALE_HIGH_OPPORTUNITY,6970,34.0
1229,content_fd9b1e12f0634b8c,80.0920182626359,STALE_HIGH_OPPORTUNITY,6965,34.0
1230,content_7577cd500987f95e,80.09032865043208,STALE_HIGH_OPPORTUNITY,6961,34.0
1231,content_e39d1b66f63affae,80.08948384433016,STALE_HIGH_OPPORTUNITY,6958,34.0
1232,content_7e964af93c31a536,80.08916704204195,STALE_HIGH_OPPORTUNITY,6957,34.0
1233,content_ff0800c01474997b,80.08821663517729,STALE_HIGH_OPPORTUNITY,6954,34.0
1234,content_dc25e07b3b3a9805,80.0867757269071,STALE_HIGH_OPPORTUNITY,518,36.0
1235,content_a46c68e86d33b6f0,80.086315821448,STALE_HIGH_OPPORTUNITY,6947,34.0
1236,content_8b1fe4b57db14612,80.08378140314225,STALE_HIGH_OPPORTUNITY,6942,34.0
1237,content_fd33a1f299850bf5,80.08378140314225,STALE_HIGH_OPPORTUNITY,6942,34.0
1238,content_18a3236a5ef10109,80.07892376805624,STALE_HIGH_OPPORTUNITY,6926,34.0
1239,content_11ff43604d36f64f,80.07184851695271,STALE_HIGH_OPPORTUNITY,6910,34.0
1240,content_663dbf766f2dae4f,80.0691028971215,STALE_HIGH_OPPORTUNITY,6905,34.0
1241,content_7e31f778e3736e39,80.06783568796862,STALE_HIGH_OPPORTUNITY,6901,34.0
1242,content_ed34a035d7ac486d,80.06646287805302,STALE_HIGH_OPPORTUNITY,6897,34.0
1243,content_d3999dff1aebdcc8,80.06572367271384,STALE_HIGH_OPPORTUNITY,6896,34.0
1244,content_7bca28c71a3ec3fd,80.0642452620355,STALE_HIGH_OPPORTUNITY,6892,34.0
1245,content_5f1ee4192e337c92,80.05843722008484,STALE_HIGH_OPPORTUNITY,6876,34.0
1246,content_d641d2d386e0aba5,80.04882755067557,STALE_HIGH_OPPORTUNITY,6835,34.0
1247,content_f34c6f1ca4c15452,80.04639873313256,STALE_HIGH_OPPORTUNITY,6830,34.0
1248,content_87ec6ed06dbf7856,80.04386431482682,STALE_HIGH_OPPORTUNITY,6822,34.0
1249,content_c952e4be5a57b353,80.04143549728381,STALE_HIGH_OPPORTUNITY,6817,34.0
1250,content_d755be553e338a62,80.03383224236659,STALE_HIGH_OPPORTUNITY,6799,34.0
1251,content_cedd2a21f6b89a28,80.03235383168824,STALE_HIGH_OPPORTUNITY,6795,34.0
1252,content_038444d25057347f,80.0265457897376,STALE_HIGH_OPPORTUNITY,6779,34.0
1253,content_796169afca53c767,80.02612338668663,STALE_HIGH_OPPORTUNITY,6778,34.0
1254,content_1987071b51a99454,80.02242735999076,STALE_HIGH_OPPORTUNITY,6767,34.0
1255,content_6da0c21318faabb6,80.02105455007515,STALE_HIGH_OPPORTUNITY,6761,34.0
1256,content_bc75aa329c37f9d0,80.01802519839076,STALE_HIGH_OPPORTUNITY,535,35.0
1257,content_bdc7beabcc2b2894,80.01799212795571,STALE_HIGH_OPPORTUNITY,6751,34.0
1258,content_5df19c6af3e97260,80.01503530659902,STALE_HIGH_OPPORTUNITY,6743,34.0
1259,content_c4e37fe07194a327,80.01345129515792,STALE_HIGH_OPPORTUNITY,6738,34.0
1260,content_2f6923190d174bc9,80.01281769058149,STALE_HIGH_OPPORTUNITY,6734,34.0
1261,content_f712dcc2272991ad,80.00869926083466,STALE_HIGH_OPPORTUNITY,6725,34.0
1262,content_b51ca2d356f69e21,80.0058480402407,STALE_HIGH_OPPORTUNITY,6717,34.0
1263,content_26ff4100d783fcf2,80.00363042422318,STALE_HIGH_OPPORTUNITY,6711,34.0
1264,content_c4f7ae4b7ae12354,80.00310242040948,STALE_HIGH_OPPORTUNITY,6710,34.0
1265,content_61b25a89d5214cd9,79.99391515405118,STALE_HIGH_OPPORTUNITY,6687,34.0
1266,content_aa94f20c8cb5cac4,79.99391515405118,STALE_HIGH_OPPORTUNITY,6687,34.0
1267,content_a4f3fdf25d6a3b34,79.99064153040625,STALE_HIGH_OPPORTUNITY,6679,34.0
1268,content_a16aee9c92cc3c16,79.98884631743968,STALE_HIGH_OPPORTUNITY,6673,34.0
1269,content_9d84a90cb5540bf3,79.98715670523586,STALE_HIGH_OPPORTUNITY,6668,34.0
1270,content_71d708bacf15117c,79.98124306252247,STALE_HIGH_OPPORTUNITY,6646,34.0
1271,content_707dfca8543ae925,79.97902544650493,STALE_HIGH_OPPORTUNITY,6640,34.0
1272,content_8c33a19d53d7edee,79.97807503964029,STALE_HIGH_OPPORTUNITY,6635,34.0
1273,content_c87701d46b4caad7,79.97585742362276,STALE_HIGH_OPPORTUNITY,6629,34.0
1274,content_7a9bf4920522362c,79.97121099006223,STALE_HIGH_OPPORTUNITY,6616,34.0
1275,content_ab4d2830f7ab2875,79.9686765717565,STALE_HIGH_OPPORTUNITY,6609,34.0
1276,content_3d603522ae995437,79.96846537023102,STALE_HIGH_OPPORTUNITY,6607,34.0
1277,content_3d85f25ccd9cc639,79.96681326043534,STALE_HIGH_OPPORTUNITY,507,36.0
1278,content_f25d0b5f40d4d5d0,79.96265732828036,STALE_HIGH_OPPORTUNITY,6589,34.0
1279,content_31b92cfb0c351040,79.9617069214157,STALE_HIGH_OPPORTUNITY,6587,34.0
1280,content_5b54e643769d1d6a,79.96117891760201,STALE_HIGH_OPPORTUNITY,6586,34.0
1281,content_1f857f58035c7403,79.95822209624531,STALE_HIGH_OPPORTUNITY,6576,34.0
1282,content_66bee340e8ab2279,79.95706048785517,STALE_HIGH_OPPORTUNITY,6574,34.0
1283,content_449654f1a973bb51,79.95220285276918,STALE_HIGH_OPPORTUNITY,6560,34.0
1284,content_ca9d1aad93a01473,79.95072444209083,STALE_HIGH_OPPORTUNITY,6556,34.0
1285,content_df61affb97835ae7,79.9500908375144,STALE_HIGH_OPPORTUNITY,6555,34.0
1286,content_9b535f14a0d47dfe,79.9495628337007,STALE_HIGH_OPPORTUNITY,6554,34.0
1287,content_ca97598cec926cca,79.9495628337007,STALE_HIGH_OPPORTUNITY,6554,34.0
1288,content_7f957d8a0390ca20,79.94745081844592,STALE_HIGH_OPPORTUNITY,6548,34.0
1289,content_663c0be24f0fc4bf,79.9455500047166,STALE_HIGH_OPPORTUNITY,6545,34.0
1290,content_b47801524790f093,79.93942516047773,STALE_HIGH_OPPORTUNITY,6524,34.0
1291,content_a049a11d130519f5,79.93858035437582,STALE_HIGH_OPPORTUNITY,6522,34.0
1292,content_5eab7633fd96bc9a,79.93583473454458,STALE_HIGH_OPPORTUNITY,6517,34.0
1293,content_be44336737052617,79.93266671166242,STALE_HIGH_OPPORTUNITY,6509,34.0
1294,content_b044e65f7e1d5ed8,79.93108270022132,STALE_HIGH_OPPORTUNITY,6506,34.0
1295,content_880fef7870d8cb5e,79.92970989030572,STALE_HIGH_OPPORTUNITY,6500,34.0
1296,content_0fa77ced143da8dd,79.9285482819156,STALE_HIGH_OPPORTUNITY,6498,34.0
1297,content_b1572069401ada64,79.92495785598246,STALE_HIGH_OPPORTUNITY,6489,34.0
1298,content_f2c3bce0d019d2cd,79.9191498140318,STALE_HIGH_OPPORTUNITY,6469,34.0
1299,content_a99f0de6a0a31073,79.91830500792989,STALE_HIGH_OPPORTUNITY,6467,34.0
1300,content_953cc57c0faeb4ee,79.91703779877702,STALE_HIGH_OPPORTUNITY,6464,34.0
1301,content_382ce19bd9061566,79.9127081675047,STALE_HIGH_OPPORTUNITY,6448,34.0
1302,content_28374252d6c0138b,79.91038495072445,STALE_HIGH_OPPORTUNITY,6442,34.0
1303,content_de5d5a89f0f74185,79.90985694691075,STALE_HIGH_OPPORTUNITY,6441,34.0
1304,content_f58ca5c15dfdec0c,79.90848413699513,STALE_HIGH_OPPORTUNITY,6438,34.0
1305,content_80c5f176e8173819,79.90394330419734,STALE_HIGH_OPPORTUNITY,6426,34.0
1306,content_245a8c2f98cf53b1,79.9035209011464,STALE_HIGH_OPPORTUNITY,6425,34.0
1307,content_957c93e0468c83d4,79.89707359253296,STALE_HIGH_OPPORTUNITY,372,131.0
1308,content_d552539aee46dd34,79.89021520504124,STALE_HIGH_OPPORTUNITY,6389,34.0
1309,content_48aa2c2866e168b5,79.88947599970209,STALE_HIGH_OPPORTUNITY,6388,34.0
1310,content_ecea724da4234836,79.88831439131195,STALE_HIGH_OPPORTUNITY,6385,34.0
1311,content_33e389c45ee9ea95,79.88778638749825,STALE_HIGH_OPPORTUNITY,6384,34.0
1312,content_1d580d45e34a5a9e,79.8822951478358,STALE_HIGH_OPPORTUNITY,6375,34.0
1313,content_96f4e510bdd1ebbc,79.8822951478358,STALE_HIGH_OPPORTUNITY,6375,34.0
1314,content_b86e00f8dae4dd5c,79.88039772494034,STALE_HIGH_OPPORTUNITY,170,234.0
1315,content_fbfecfbacfe7b2f2,79.87870472190268,STALE_HIGH_OPPORTUNITY,6364,34.0
1316,content_49ad347fe000f4c4,79.87289667995202,STALE_HIGH_OPPORTUNITY,6353,34.0
1317,content_c343b9ac40a4638a,79.87205187385011,STALE_HIGH_OPPORTUNITY,6351,34.0
1318,content_7e42647e71d0a1a1,79.86983425783258,STALE_HIGH_OPPORTUNITY,6345,34.0
1319,content_dfda636503b3d30e,79.8637094135937,STALE_HIGH_OPPORTUNITY,6327,34.0
1320,content_507542b17cf4edb8,79.85948538308413,STALE_HIGH_OPPORTUNITY,6316,34.0
1321,content_c29140e0b850be62,79.85769017011758,STALE_HIGH_OPPORTUNITY,6310,34.0
1322,content_2c6f336df471e154,79.85726776706662,STALE_HIGH_OPPORTUNITY,6308,34.0
1323,content_4ffe66455725133d,79.85557815486278,STALE_HIGH_OPPORTUNITY,6300,34.0
1324,content_cc853a10c20e96b5,79.85526135257457,STALE_HIGH_OPPORTUNITY,6299,34.0
1325,content_c0061d08791f0a0c,79.84945331062391,STALE_HIGH_OPPORTUNITY,6281,34.0
1326,content_228e9f123a5e7f09,79.84776369842008,STALE_HIGH_OPPORTUNITY,6274,34.0
1327,content_d7880dc706ccb5f7,79.84311726485956,STALE_HIGH_OPPORTUNITY,6262,34.0
1328,content_0edd4b941d239912,79.84132205189299,STALE_HIGH_OPPORTUNITY,6258,34.0
1329,content_ce1ed61057c5e474,79.8402660442656,STALE_HIGH_OPPORTUNITY,6256,34.0
1330,content_9502f3c31e174b14,79.83871953523267,STALE_HIGH_OPPORTUNITY,495,36.0
1331,content_08d13ee0539b0056,79.83160678172098,STALE_HIGH_OPPORTUNITY,6237,34.0
1332,content_6f46a96c7b270396,79.83160678172098,STALE_HIGH_OPPORTUNITY,6237,34.0
1333,content_2b4b0d3a8ca4a2d5,79.83118437867003,STALE_HIGH_OPPORTUNITY,6236,34.0
1334,content_bc68f260ffdc5c98,79.82717154968593,STALE_HIGH_OPPORTUNITY,6219,34.0
1335,content_69703d370eb46d3d,79.82527073595664,STALE_HIGH_OPPORTUNITY,6214,34.0
1336,content_18ee8e02e3b64310,79.82432032909198,STALE_HIGH_OPPORTUNITY,6212,34.0
1337,content_440ce57b10c4bcd0,79.82336992222733,STALE_HIGH_OPPORTUNITY,6209,34.0
1338,content_29cffc8100f36699,79.81861788790405,STALE_HIGH_OPPORTUNITY,6198,34.0
1339,content_c5786a7b0ea6ee57,79.81798428332762,STALE_HIGH_OPPORTUNITY,6197,34.0
1340,content_92459e3cd3238cbf,79.81798428332762,STALE_HIGH_OPPORTUNITY,6197,34.0
1341,content_d98e761f1e68186f,79.81798428332762,STALE_HIGH_OPPORTUNITY,6197,34.0
1342,content_bdd9ac0d3ac76723,79.81643777429468,STALE_HIGH_OPPORTUNITY,493,36.0
1343,content_5eaf01e6c1465a58,79.81534426425915,STALE_HIGH_OPPORTUNITY,6193,34.0
1344,content_f4a75dcd696a950f,79.81122583451231,STALE_HIGH_OPPORTUNITY,6181,34.0
1345,content_93c633140ed337a7,79.80784661010466,STALE_HIGH_OPPORTUNITY,6172,34.0
1346,content_af748217e2ec86bc,79.80784661010466,STALE_HIGH_OPPORTUNITY,6172,34.0
1347,content_1360125c0790434a,79.80731860629096,STALE_HIGH_OPPORTUNITY,6171,34.0
1348,content_280c65a5f7f99c12,79.80488978874796,STALE_HIGH_OPPORTUNITY,6164,34.0
1349,content_1727465a29a8ecc5,79.802038568154,STALE_HIGH_OPPORTUNITY,6159,34.0
1350,content_99fc6465edb0e52c,79.79549132086417,STALE_HIGH_OPPORTUNITY,6143,34.0
1351,content_4082b2c8e6bbb57e,79.79147849188008,STALE_HIGH_OPPORTUNITY,6135,34.0
1352,content_504205a7a6aa0d0c,79.79131677656137,STALE_HIGH_OPPORTUNITY,402,81.0
1353,content_71c68cb089bc9e7a,79.78799366670968,STALE_HIGH_OPPORTUNITY,6126,34.0
1354,content_08c7c6932a6c1bf7,79.78651525603134,STALE_HIGH_OPPORTUNITY,6122,34.0
1355,content_7f1ebb4db7d09758,79.78577605069215,STALE_HIGH_OPPORTUNITY,6121,34.0
1356,content_93c796744a4cd7d2,79.78577605069215,STALE_HIGH_OPPORTUNITY,6121,34.0
1357,content_3f78f5e97771ea84,79.78514244611573,STALE_HIGH_OPPORTUNITY,6120,34.0
1358,content_d815010d6d5f160b,79.78472004306478,STALE_HIGH_OPPORTUNITY,6119,34.0
1359,content_395ec1c2366249c9,79.78450884153929,STALE_HIGH_OPPORTUNITY,6118,34.0
1360,content_5d1667b96cd41cf6,79.78419203925107,STALE_HIGH_OPPORTUNITY,6117,34.0
1361,content_dc2b72fc9a6fec3b,79.78229122552176,STALE_HIGH_OPPORTUNITY,6112,34.0
1362,content_a38624567097c11e,79.78123521789436,STALE_HIGH_OPPORTUNITY,6108,34.0
1363,content_1ac75c85024bb553,79.77880640035137,STALE_HIGH_OPPORTUNITY,6102,34.0
1364,content_910a2089c0826460,79.77827839653769,STALE_HIGH_OPPORTUNITY,6099,34.0
1365,content_fd1265c6a925ae5e,79.7698678379267,STALE_HIGH_OPPORTUNITY,489,36.0
1366,content_94f54fbbcc0b7f7d,79.76486709966979,STALE_HIGH_OPPORTUNITY,6069,34.0
1367,content_f71c8261f82ba8f6,79.76444469661884,STALE_HIGH_OPPORTUNITY,6067,34.0
1368,content_da50fcb4d15587fa,79.76286068517774,STALE_HIGH_OPPORTUNITY,6064,34.0
1369,content_3d21568bcdff6544,79.76212147983857,STALE_HIGH_OPPORTUNITY,6063,34.0
1370,content_7d42154519b3973c,79.76095987144843,STALE_HIGH_OPPORTUNITY,6061,34.0
1371,content_a07ddcf75e925dac,79.75905905771914,STALE_HIGH_OPPORTUNITY,6057,34.0
1372,content_eb1cb3772e097923,79.75853105390544,STALE_HIGH_OPPORTUNITY,6056,34.0
1373,content_0993914df1d05561,79.74670376847865,STALE_HIGH_OPPORTUNITY,6027,34.0
1374,content_9913f884fe5c2cb8,79.74543655932577,STALE_HIGH_OPPORTUNITY,6021,34.0
1375,content_688c19763565ca89,79.74353574559647,STALE_HIGH_OPPORTUNITY,6016,34.0
1376,content_0cae6de550600e42,79.74279654025729,STALE_HIGH_OPPORTUNITY,6014,34.0
1377,content_c1d2d59975c49c0e,79.7422685364436,STALE_HIGH_OPPORTUNITY,6012,34.0
1378,content_83f5552fc9b95b34,79.73920611432416,STALE_HIGH_OPPORTUNITY,6004,34.0
1379,content_10eac993ae01084f,79.73804450593403,STALE_HIGH_OPPORTUNITY,6001,34.0
1380,content_c2f286f52a980089,79.73519328534007,STALE_HIGH_OPPORTUNITY,5995,34.0
1381,content_00e63b0bd68c271d,79.73382047542447,STALE_HIGH_OPPORTUNITY,5992,34.0
1382,content_7578a030153bec6b,79.7333980723735,STALE_HIGH_OPPORTUNITY,5990,34.0
1383,content_08e881b3ba824251,79.72832923576202,STALE_HIGH_OPPORTUNITY,5981,34.0
1384,content_f5668ea19635c3a7,79.72790683271107,STALE_HIGH_OPPORTUNITY,5980,34.0
1385,content_98956a888dfc5d46,79.72579481745628,STALE_HIGH_OPPORTUNITY,5973,34.0
1386,content_9d3cdc7c450be16a,79.72579481745628,STALE_HIGH_OPPORTUNITY,5973,34.0
1387,content_eaa096f4c6894814,79.72526681364259,STALE_HIGH_OPPORTUNITY,5972,34.0
1388,content_650ec476d1fd8770,79.72083158160754,STALE_HIGH_OPPORTUNITY,5964,34.0
1389,content_c24dc1a3efba513f,79.71766355872536,STALE_HIGH_OPPORTUNITY,5957,34.0
1390,content_009f22d97762f8cf,79.71702995414893,STALE_HIGH_OPPORTUNITY,5956,34.0
1391,content_fd10be6cb8f620ca,79.70830259324973,STALE_HIGH_OPPORTUNITY,483,36.0
1392,content_ac53520645a0b415,79.70625867634952,STALE_HIGH_OPPORTUNITY,5926,34.0
1393,content_982fec54331adebb,79.70509706795939,STALE_HIGH_OPPORTUNITY,5922,34.0
1394,content_29b976ef796d48c4,79.70097863821256,STALE_HIGH_OPPORTUNITY,5914,34.0
1395,content_452cf671625b5bdc,79.70002823134791,STALE_HIGH_OPPORTUNITY,5911,34.0
1396,content_d91d3e5ac5c9ec41,79.69844421990682,STALE_HIGH_OPPORTUNITY,5906,34.0
1397,content_2ca64fda3b7befdc,79.69837612155224,STALE_HIGH_OPPORTUNITY,482,36.0
1398,content_e6c0184c636c2906,79.69422018939726,STALE_HIGH_OPPORTUNITY,5894,34.0
1399,content_a214fd79763f7e4d,79.6927417787189,STALE_HIGH_OPPORTUNITY,5888,34.0
1400,content_4abe8363e0731d0f,79.69073536422685,STALE_HIGH_OPPORTUNITY,5883,34.0
1401,content_d6033a5870cd336e,79.68746174058194,STALE_HIGH_OPPORTUNITY,5875,34.0
1402,content_a8f9a19bbbed6025,79.68154809786854,STALE_HIGH_OPPORTUNITY,5862,34.0
1403,content_c19f9b639c8270d8,79.68091449329211,STALE_HIGH_OPPORTUNITY,5861,34.0
1404,content_d70ecbefc549ec2d,79.67816887346089,STALE_HIGH_OPPORTUNITY,5855,34.0
1405,content_d9ce211397125500,79.67595125744337,STALE_HIGH_OPPORTUNITY,5849,34.0
1406,content_db908eacf0244e2c,79.67595125744337,STALE_HIGH_OPPORTUNITY,5849,34.0
1407,content_0017e6d53661a061,79.67320563761216,STALE_HIGH_OPPORTUNITY,5843,34.0
1408,content_f0ee56b6be22235d,79.6711992231201,STALE_HIGH_OPPORTUNITY,5840,34.0
1409,content_053f9ce7a81a1513,79.6711992231201,STALE_HIGH_OPPORTUNITY,5840,34.0
1410,content_6c26a1f41829c37f,79.66729199489875,STALE_HIGH_OPPORTUNITY,5835,34.0
1411,content_0641b186e3c5b874,79.66729199489875,STALE_HIGH_OPPORTUNITY,5835,34.0
1412,content_f6a0688035eb49d2,79.66232875905001,STALE_HIGH_OPPORTUNITY,5823,34.0
1413,content_19c9547dd904c577,79.6614839529481,STALE_HIGH_OPPORTUNITY,5822,34.0
1414,content_1ede927e2ed13bbf,79.65472550413278,STALE_HIGH_OPPORTUNITY,5806,34.0
1415,content_0092adbf2c30c4d3,79.65335269421716,STALE_HIGH_OPPORTUNITY,5804,34.0
1416,content_e030cbeda77eadbf,79.65271908964074,STALE_HIGH_OPPORTUNITY,5803,34.0
1417,content_d38070185e57d76f,79.65197988430157,STALE_HIGH_OPPORTUNITY,5802,34.0
1418,content_6699ac893ff39e8a,79.6512406789624,STALE_HIGH_OPPORTUNITY,5801,34.0
1419,content_4421c194da1b0a95,79.65081827591143,STALE_HIGH_OPPORTUNITY,5800,34.0
1420,content_2357e9ccd470c70d,79.64955106675856,STALE_HIGH_OPPORTUNITY,5797,34.0
1421,content_f04545c547b9035c,79.64363742404517,STALE_HIGH_OPPORTUNITY,5785,34.0
1422,content_74e8bcbda51fa8d5,79.64300381946872,STALE_HIGH_OPPORTUNITY,5783,34.0
1423,content_37f8949735cc4eae,79.6413142072649,STALE_HIGH_OPPORTUNITY,5778,34.0
1424,content_b22c5151062998a6,79.6413142072649,STALE_HIGH_OPPORTUNITY,5778,34.0
1425,content_8685db8e747131d4,79.63550616531425,STALE_HIGH_OPPORTUNITY,5766,34.0
1426,content_c1ae09f542392ef8,79.62748050734606,STALE_HIGH_OPPORTUNITY,5752,34.0
1427,content_1b808f31f43bb0e4,79.62684690276963,STALE_HIGH_OPPORTUNITY,5751,34.0
1428,content_ca7dea6c11511d39,79.62536849209128,STALE_HIGH_OPPORTUNITY,5749,34.0
1429,content_bdc75436ccd3a286,79.62536849209128,STALE_HIGH_OPPORTUNITY,5749,34.0
1430,content_380da0ca168a3cff,79.62283407378554,STALE_HIGH_OPPORTUNITY,5744,34.0
1431,content_5d2cc5e8e3705b5b,79.61956045014063,STALE_HIGH_OPPORTUNITY,5737,34.0
1432,content_2055c6dcad221eee,79.61871564403872,STALE_HIGH_OPPORTUNITY,5734,34.0
1433,content_aa61c6f51c3cd564,79.61850444251324,STALE_HIGH_OPPORTUNITY,5733,34.0
1434,content_b6dac538d4e587ee,79.61702603183488,STALE_HIGH_OPPORTUNITY,5729,34.0
1435,content_0bf56604dc25c03a,79.61702603183488,STALE_HIGH_OPPORTUNITY,5729,34.0
1436,content_a617056703bd58ec,79.61417481124093,STALE_HIGH_OPPORTUNITY,5723,34.0
1437,content_e366993a706402c2,79.61185159446066,STALE_HIGH_OPPORTUNITY,5719,34.0
1438,content_74c25bc57a970109,79.61167789534333,STALE_HIGH_OPPORTUNITY,474,36.0
1439,content_960e3a26abd12ad6,79.61058438530779,STALE_HIGH_OPPORTUNITY,5715,34.0
1440,content_b50fd885749bcdeb,79.61058438530779,STALE_HIGH_OPPORTUNITY,5715,34.0
1441,content_a3c6ff8f36e9332f,79.60973957920588,STALE_HIGH_OPPORTUNITY,5714,34.0
1442,content_8e4c83e4dcfc798a,79.60709956013739,STALE_HIGH_OPPORTUNITY,5710,34.0
1443,content_24007ac44b9d1661,79.603614734967,STALE_HIGH_OPPORTUNITY,5702,34.0
1444,content_61be4aedc61b1e78,79.60076351437304,STALE_HIGH_OPPORTUNITY,5695,34.0
1445,content_5c483d44c776b035,79.59865149911826,STALE_HIGH_OPPORTUNITY,5687,34.0
1446,content_d1f6cd031cd417eb,79.5982290960673,STALE_HIGH_OPPORTUNITY,5685,34.0
1447,content_aa070c9348f57373,79.5971730884399,STALE_HIGH_OPPORTUNITY,5682,34.0
1448,content_f6a720bca860cc87,79.59495547242238,STALE_HIGH_OPPORTUNITY,5678,34.0
1449,content_9fcaa08190428df1,79.59456613980646,STALE_HIGH_OPPORTUNITY,494,35.0
1450,content_082cb8df30beb4bd,79.59400506555774,STALE_HIGH_OPPORTUNITY,5677,34.0
1451,content_934eeda401eb6c0d,79.59316025945581,STALE_HIGH_OPPORTUNITY,5676,34.0
1452,content_0c5b3ded084af501,79.591470647252,STALE_HIGH_OPPORTUNITY,5671,34.0
1453,content_c251950a6641016c,79.59030903886186,STALE_HIGH_OPPORTUNITY,5669,34.0
1454,content_55b2d1675fc79ff4,79.59030903886186,STALE_HIGH_OPPORTUNITY,5669,34.0
1455,content_226199ba925f3210,79.58766901979337,STALE_HIGH_OPPORTUNITY,5662,34.0
1456,content_aa99dc979253a0e9,79.58703541521695,STALE_HIGH_OPPORTUNITY,5661,34.0
1457,content_92a79f7bfd9f456b,79.58524020225038,STALE_HIGH_OPPORTUNITY,5658,34.0
1458,content_c04060d322f34d83,79.58524020225038,STALE_HIGH_OPPORTUNITY,5658,34.0
1459,content_741b7179df95c6d7,79.58481779919941,STALE_HIGH_OPPORTUNITY,5657,34.0
1460,content_5835739749cf55b9,79.58481779919941,STALE_HIGH_OPPORTUNITY,5657,34.0
1461,content_1147ee277bc0c968,79.57837615267232,STALE_HIGH_OPPORTUNITY,5643,34.0
1462,content_2be7571636f7a16e,79.57658093970575,STALE_HIGH_OPPORTUNITY,5639,34.0
1463,content_12fbee49001ad69e,79.5742577229255,STALE_HIGH_OPPORTUNITY,5635,34.0
1464,content_2b8699d1578050ba,79.57133397200384,STALE_HIGH_OPPORTUNITY,492,35.0
1465,content_34159d921b2ae2aa,79.57056169622962,STALE_HIGH_OPPORTUNITY,5629,34.0
1466,content_c63db2c9d5fa2846,79.56697127029649,STALE_HIGH_OPPORTUNITY,5620,34.0
1467,content_358297e5ad99b102,79.56559846038088,STALE_HIGH_OPPORTUNITY,5617,34.0
1468,content_9ac2fb01a19e875c,79.56338084436335,STALE_HIGH_OPPORTUNITY,5611,34.0
1469,content_ec360a7c460626c8,79.56295844131239,STALE_HIGH_OPPORTUNITY,5610,34.0
1470,content_42111cad6531fd78,79.56295844131239,STALE_HIGH_OPPORTUNITY,5610,34.0
1471,content_554f890f34642b66,79.56253603826144,STALE_HIGH_OPPORTUNITY,5609,34.0
1472,content_4114d508cf37f535,79.56211363521048,STALE_HIGH_OPPORTUNITY,5608,34.0
1473,content_94822814eb664a0d,79.56116322834583,STALE_HIGH_OPPORTUNITY,5607,34.0
1474,content_668393f2ded4c99e,79.55862881004009,STALE_HIGH_OPPORTUNITY,5603,34.0
1475,content_b4556f27dfb62941,79.55778400393818,STALE_HIGH_OPPORTUNITY,5602,34.0
1476,content_19587be2ed827ffa,79.55313757037766,STALE_HIGH_OPPORTUNITY,5597,34.0
1477,content_a5cba071e0fdd6b9,79.55134235741109,STALE_HIGH_OPPORTUNITY,5592,34.0
1478,content_9cbc619947cd9433,79.54954714444452,STALE_HIGH_OPPORTUNITY,5588,34.0
1479,content_ba9cec57162c0a3e,79.54954148235817,STALE_HIGH_OPPORTUNITY,348,131.0
1480,content_277e8e75c65d25fe,79.54669592385056,STALE_HIGH_OPPORTUNITY,5581,34.0
1481,content_ebc1cf563d9fe2cf,79.54595671851138,STALE_HIGH_OPPORTUNITY,5579,34.0
1482,content_ea0cd6ef09ba2720,79.54458390859577,STALE_HIGH_OPPORTUNITY,5577,34.0
1483,content_fa43d62c0edb61cb,79.54162708723908,STALE_HIGH_OPPORTUNITY,5572,34.0
1484,content_86ecef092ef31e29,79.53444623537281,STALE_HIGH_OPPORTUNITY,5560,34.0
1485,content_f0137ea212644a9b,79.53444623537281,STALE_HIGH_OPPORTUNITY,5560,34.0
1486,content_622d080ce1d07253,79.53370703003364,STALE_HIGH_OPPORTUNITY,5559,34.0
1487,content_caa1c76c3a09d7af,79.53289972633988,STALE_HIGH_OPPORTUNITY,467,36.0
1488,content_cb0d950177839034,79.53191181706707,STALE_HIGH_OPPORTUNITY,5554,34.0
1489,content_3f90660dc284bd4f,79.52969420104955,STALE_HIGH_OPPORTUNITY,5549,34.0
1490,content_0cfeb11ec530ce79,79.52969420104955,STALE_HIGH_OPPORTUNITY,5549,34.0
1491,content_b2bd44470fdf33a7,79.52916619723584,STALE_HIGH_OPPORTUNITY,5547,34.0
1492,content_be3f3702d408ce0a,79.52874379418489,STALE_HIGH_OPPORTUNITY,5546,34.0
1493,content_5e60f52775cdc7c8,79.52874379418489,STALE_HIGH_OPPORTUNITY,5546,34.0
1494,content_a4aacad39507fbb7,79.52789898808298,STALE_HIGH_OPPORTUNITY,5543,34.0
1495,content_ffbc032eb45819b0,79.52726538350655,STALE_HIGH_OPPORTUNITY,5542,34.0
1496,content_33f5d47b564eeb1d,79.52663177893011,STALE_HIGH_OPPORTUNITY,5541,34.0
1497,content_aeda6a95480f2354,79.52356935681067,STALE_HIGH_OPPORTUNITY,5536,34.0
1498,content_b4a9bc689d742e15,79.52050693469124,STALE_HIGH_OPPORTUNITY,5529,34.0
1499,content_eacd65b3ad0e736c,79.5139596874014,STALE_HIGH_OPPORTUNITY,5516,34.0
1500,content_16307315b887fa58,79.51195327290935,STALE_HIGH_OPPORTUNITY,5513,34.0
1501,content_f70bf151b7241509,79.50625083172143,STALE_HIGH_OPPORTUNITY,5504,34.0
1502,content_93b32943eaa90505,79.50413881646665,STALE_HIGH_OPPORTUNITY,5501,34.0
1503,content_9ef95b1371efa83c,79.5026604057883,STALE_HIGH_OPPORTUNITY,5497,34.0
1504,content_8c793f9c2bea0943,79.50202680121187,STALE_HIGH_OPPORTUNITY,5496,34.0
1505,content_81b0e55d15c54eb1,79.49569075544751,STALE_HIGH_OPPORTUNITY,5481,34.0
1506,content_7280aa5ff25faf95,79.49526835239655,STALE_HIGH_OPPORTUNITY,5480,34.0
1507,content_97672a3ef1a9314d,79.49389554248094,STALE_HIGH_OPPORTUNITY,5477,34.0
1508,content_64f5aeae000b4645,79.4932619379045,STALE_HIGH_OPPORTUNITY,5475,34.0
1509,content_898d3774bb824bee,79.49051631807329,STALE_HIGH_OPPORTUNITY,5471,34.0
1510,content_f5de0cc3b3dcf4ec,79.48854740598941,STALE_HIGH_OPPORTUNITY,463,36.0
1511,content_b817314ecd096cf1,79.48481387688537,STALE_HIGH_OPPORTUNITY,5456,34.0
1512,content_673bf1d2e9f10bca,79.48344106696977,STALE_HIGH_OPPORTUNITY,5453,34.0
1513,content_9c93a7f28b09218c,79.48249066010511,STALE_HIGH_OPPORTUNITY,5452,34.0
1514,content_de06534cbd8a6bf9,79.47911143569746,STALE_HIGH_OPPORTUNITY,5445,34.0
1515,content_6ba6cbf5917d9572,79.47911143569746,STALE_HIGH_OPPORTUNITY,5445,34.0
1516,content_e7141763349a9caa,79.47863291809054,STALE_HIGH_OPPORTUNITY,379,81.0
1517,content_ee4ba68f8064d742,79.47805542807006,STALE_HIGH_OPPORTUNITY,5444,34.0
1518,content_e46d44fd45e70293,79.47668261815446,STALE_HIGH_OPPORTUNITY,5441,34.0
1519,content_1a8cfb6fe223c0ec,79.47509860671336,STALE_HIGH_OPPORTUNITY,5438,34.0
1520,content_47a657be9bc46cb6,79.4727753899331,STALE_HIGH_OPPORTUNITY,5432,34.0
1521,content_1c961c9fa8b3c275,79.47098017696653,STALE_HIGH_OPPORTUNITY,5428,34.0
1522,content_c687360e9b8e8627,79.46875689886268,STALE_HIGH_OPPORTUNITY,343,131.0
1523,content_9935ab3cd9d226b5,79.46865696018628,STALE_HIGH_OPPORTUNITY,5424,34.0
1524,content_f43f431f7e3cf06f,79.4679177548471,STALE_HIGH_OPPORTUNITY,5423,34.0
1525,content_0ac001f7884d8f2b,79.4620041121337,STALE_HIGH_OPPORTUNITY,5409,34.0
1526,content_4515e55849a0cf0a,79.4595752945907,STALE_HIGH_OPPORTUNITY,5404,34.0
1527,content_26d5546da548c69d,79.4555624656066,STALE_HIGH_OPPORTUNITY,5397,34.0
1528,content_8a2ba754563a4a51,79.45408405492826,STALE_HIGH_OPPORTUNITY,5395,34.0
1529,content_89818d55cb0efe20,79.45112723357157,STALE_HIGH_OPPORTUNITY,5392,34.0
1530,content_25d58cc74bdf014e,79.45038802823238,STALE_HIGH_OPPORTUNITY,5391,34.0
1531,content_592152a47bd002c6,79.44869841602856,STALE_HIGH_OPPORTUNITY,5389,34.0
1532,content_cf367da359f1eca1,79.44753680763843,STALE_HIGH_OPPORTUNITY,5388,34.0
1533,content_c76729929a4fff21,79.44626959848556,STALE_HIGH_OPPORTUNITY,5386,34.0
1534,content_5bf5df39730f54c1,79.44426318399351,STALE_HIGH_OPPORTUNITY,5383,34.0
1535,content_aa5e1bf9198b7fec,79.44320717636612,STALE_HIGH_OPPORTUNITY,5382,34.0
1536,content_731877fa077759df,79.44120076187407,STALE_HIGH_OPPORTUNITY,5379,34.0
1537,content_9ccf89f49f3def04,79.4394055489075,STALE_HIGH_OPPORTUNITY,5376,34.0
1538,content_45bde75f32e76cf4,79.43687113060177,STALE_HIGH_OPPORTUNITY,5372,34.0
1539,content_df483c7bf2e2d35e,79.43687113060177,STALE_HIGH_OPPORTUNITY,5372,34.0
1540,content_92515e15c2fe89b6,79.43613192526259,STALE_HIGH_OPPORTUNITY,5370,34.0
1541,content_23e1f7b8319bc0e5,79.43549832068615,STALE_HIGH_OPPORTUNITY,5369,34.0
1542,content_858ac0c8ad1a058c,79.43497031687245,STALE_HIGH_OPPORTUNITY,5368,34.0
1543,content_72569e5dd011b24a,79.43497031687245,STALE_HIGH_OPPORTUNITY,5368,34.0
1544,content_c73e679b127a485a,79.43264710009218,STALE_HIGH_OPPORTUNITY,5363,34.0
1545,content_f485bf6216ea308d,79.42852867034537,STALE_HIGH_OPPORTUNITY,5354,34.0
1546,content_bb1f39530fddc697,79.42852867034537,STALE_HIGH_OPPORTUNITY,5354,34.0
1547,content_bc5320e6ec308805,79.41934140398706,STALE_HIGH_OPPORTUNITY,5340,34.0
1548,content_8931c36f79530e8f,79.41448376890105,STALE_HIGH_OPPORTUNITY,5330,34.0
1549,content_30efb4a9a9b7e32f,79.41395576508735,STALE_HIGH_OPPORTUNITY,5329,34.0
1550,content_c56b9aae8e7306bc,79.41258295517174,STALE_HIGH_OPPORTUNITY,5325,34.0
1551,content_f020b2b8d424a5cb,79.40698611474657,STALE_HIGH_OPPORTUNITY,5313,34.0
1552,content_7910adf5ea19d1a3,79.40339568881343,STALE_HIGH_OPPORTUNITY,5307,34.0
1553,content_f230543224c747e3,79.39779884838826,STALE_HIGH_OPPORTUNITY,5295,34.0
1554,content_8b017a1dee43ac09,79.39568683313347,STALE_HIGH_OPPORTUNITY,5290,34.0
1555,content_bc0c3809cb66d6d2,79.39410282169237,STALE_HIGH_OPPORTUNITY,5285,34.0
1556,content_b35bfdc50327c4d3,79.39230760872582,STALE_HIGH_OPPORTUNITY,5281,34.0
1557,content_c782a61d9fa5eb83,79.38407074923215,STALE_HIGH_OPPORTUNITY,5268,34.0
1558,content_e9199bf44dbba0d4,79.38174753245188,STALE_HIGH_OPPORTUNITY,5264,34.0
1559,content_9d2be85413dd12ca,79.37784030423055,STALE_HIGH_OPPORTUNITY,5256,34.0
1560,content_aae5750b32e2c06e,79.37784030423055,STALE_HIGH_OPPORTUNITY,5256,34.0
1561,content_a4709533c89b315c,79.37646749431492,STALE_HIGH_OPPORTUNITY,5255,34.0
1562,content_f5c6ba31632e0020,79.3737218744837,STALE_HIGH_OPPORTUNITY,5251,34.0
1563,content_32446f07f65d452e,79.37245466533084,STALE_HIGH_OPPORTUNITY,5249,34.0
1564,content_7542f676a298b906,79.37160985922893,STALE_HIGH_OPPORTUNITY,5248,34.0
1565,content_40376274c0c121cb,79.36949784397414,STALE_HIGH_OPPORTUNITY,5246,34.0
1566,content_25fa211aaf01c2dd,79.36886423939771,STALE_HIGH_OPPORTUNITY,5245,34.0
1567,content_32146e82e2031904,79.36780823177031,STALE_HIGH_OPPORTUNITY,5243,34.0
1568,content_f316ba3726c68ca6,79.36622422032923,STALE_HIGH_OPPORTUNITY,5241,34.0
1569,content_5016b46d31334403,79.36442900736266,STALE_HIGH_OPPORTUNITY,5239,34.0
1570,content_e797782928a8f50e,79.36221139134514,STALE_HIGH_OPPORTUNITY,5235,34.0
1571,content_c0e9c2c8c14a09c2,79.36115538371774,STALE_HIGH_OPPORTUNITY,5234,34.0
1572,content_76c388d85ff36e2f,79.35978257380214,STALE_HIGH_OPPORTUNITY,5232,34.0
1573,content_acb92e62a670e32c,79.35893776770021,STALE_HIGH_OPPORTUNITY,5231,34.0
1574,content_057778c04c65f985,79.3567201516827,STALE_HIGH_OPPORTUNITY,5228,34.0
1575,content_8f8b4051c3eef0ab,79.35429133413969,STALE_HIGH_OPPORTUNITY,5224,34.0
1576,content_7046676f193c8681,79.35408013261421,STALE_HIGH_OPPORTUNITY,5223,34.0
1577,content_8d8762e536c4bffe,79.35190001900484,STALE_HIGH_OPPORTUNITY,451,36.0
1578,content_f9107e9eb6148ee7,79.35175691583395,STALE_HIGH_OPPORTUNITY,5215,34.0
1579,content_6b9e44e0e75518a6,79.35101771049477,STALE_HIGH_OPPORTUNITY,5214,34.0
1580,content_76028765f4b6d303,79.35017290439286,STALE_HIGH_OPPORTUNITY,5213,34.0
1581,content_005c591623c770f7,79.34943369905369,STALE_HIGH_OPPORTUNITY,5211,34.0
1582,content_e8d07eaf54923a83,79.34742728456165,STALE_HIGH_OPPORTUNITY,5208,34.0
1583,content_4ea19abb51bc34c4,79.34742728456165,STALE_HIGH_OPPORTUNITY,5208,34.0
1584,content_62c4942016d44998,79.3459488738833,STALE_HIGH_OPPORTUNITY,5204,34.0
1585,content_17d9af127ba3821c,79.34563207159508,STALE_HIGH_OPPORTUNITY,5203,34.0
1586,content_27bb7bb7f7e10e6c,79.34415366091673,STALE_HIGH_OPPORTUNITY,5201,34.0
1587,content_81dbad18ab8abda7,79.34017833434079,STALE_HIGH_OPPORTUNITY,450,36.0
1588,content_3409d8b4946f69f4,79.33581120066032,STALE_HIGH_OPPORTUNITY,5185,34.0
1589,content_f68f165e0c9d594a,79.33433278998197,STALE_HIGH_OPPORTUNITY,5181,34.0
1590,content_e8de4f85b83ac5af,79.33295998006636,STALE_HIGH_OPPORTUNITY,5177,34.0
1591,content_b551661be268d607,79.3316927709135,STALE_HIGH_OPPORTUNITY,5175,34.0
1592,content_daed2384a5ea22e6,79.3316927709135,STALE_HIGH_OPPORTUNITY,5175,34.0
1593,content_ed9c7fe5a778c796,79.32556792667462,STALE_HIGH_OPPORTUNITY,5162,34.0
1594,content_61aac6d65ee6ff93,79.32472312057271,STALE_HIGH_OPPORTUNITY,5161,34.0
1595,content_3543bc8774d5fde9,79.32166069845327,STALE_HIGH_OPPORTUNITY,5154,34.0
1596,content_adf06c0fd06a1e21,79.31933748167302,STALE_HIGH_OPPORTUNITY,5150,34.0
1597,content_0d9edbf00e54bec1,79.31933748167302,STALE_HIGH_OPPORTUNITY,5150,34.0
1598,content_246251279741a648,79.3165918618418,STALE_HIGH_OPPORTUNITY,5147,34.0
1599,content_ac614ffb13a8ffc2,79.31490224963797,STALE_HIGH_OPPORTUNITY,5145,34.0
1600,content_77d400220bc653ba,79.31384624201057,STALE_HIGH_OPPORTUNITY,5144,34.0
1601,content_50630804e912c3ae,79.31131182370483,STALE_HIGH_OPPORTUNITY,5141,34.0
1602,content_551f28251ea2fab4,79.3111381245875,STALE_HIGH_OPPORTUNITY,447,36.0
1603,content_424c1288159ef9b1,79.30941100997552,STALE_HIGH_OPPORTUNITY,5139,34.0
1604,content_dab57f48a38be0f7,79.30539818099145,STALE_HIGH_OPPORTUNITY,5133,34.0
1605,content_e99f8c77bcefc889,79.30286376268569,STALE_HIGH_OPPORTUNITY,5128,34.0
1606,content_1e57e3be83c530e1,79.30054054590542,STALE_HIGH_OPPORTUNITY,5121,34.0
1607,content_5de5cda566a1588d,79.2988509337016,STALE_HIGH_OPPORTUNITY,5118,34.0
1608,content_7abf5fd6f0c9e2de,79.29857163382154,STALE_HIGH_OPPORTUNITY,446,36.0
1609,content_06d71a76597f2096,79.29504930624299,STALE_HIGH_OPPORTUNITY,5111,34.0
1610,content_51799474c85f3712,79.29431010090381,STALE_HIGH_OPPORTUNITY,5110,34.0
1611,content_a73b63f70785bc04,79.29431010090381,STALE_HIGH_OPPORTUNITY,5110,34.0
1612,content_46e1458e59a7fb5d,79.29377643500378,STALE_HIGH_OPPORTUNITY,332,131.0
1613,content_def693f151827e92,79.29124767878437,STALE_HIGH_OPPORTUNITY,5104,34.0
1614,content_86be1ec6ddd399ab,79.29040287268246,STALE_HIGH_OPPORTUNITY,5103,34.0
1615,content_910ec744bae775e2,79.28966366734328,STALE_HIGH_OPPORTUNITY,5102,34.0
1616,content_ab92513d5d21da09,79.28586203988468,STALE_HIGH_OPPORTUNITY,5095,34.0
1617,content_a5db8b3356a1157b,79.28586203988468,STALE_HIGH_OPPORTUNITY,5095,34.0
1618,content_7cccb014a4f05ad9,79.28396122615537,STALE_HIGH_OPPORTUNITY,5093,34.0
1619,content_9552ac2625b6e135,79.28089880403593,STALE_HIGH_OPPORTUNITY,5086,34.0
1620,content_8103b84cd49304b3,79.27794198267924,STALE_HIGH_OPPORTUNITY,5080,34.0
1621,content_a78b5e09c8c2d47d,79.27730837810279,STALE_HIGH_OPPORTUNITY,5079,34.0
1622,content_3b69f933baebb5e7,79.27582996742444,STALE_HIGH_OPPORTUNITY,5077,34.0
1623,content_00e9c5cbe2e165f1,79.27582996742444,STALE_HIGH_OPPORTUNITY,5077,34.0
1624,content_741e55b9e9b76d66,79.27456275827159,STALE_HIGH_OPPORTUNITY,5076,34.0
1625,content_8bb0c4614ce1fcbf,79.27139473538939,STALE_HIGH_OPPORTUNITY,5070,34.0
1626,content_58d73198a69674dd,79.27139473538939,STALE_HIGH_OPPORTUNITY,5070,34.0
1627,content_69d7b4d4a42242fe,79.27107793310118,STALE_HIGH_OPPORTUNITY,5067,34.0
1628,content_c0a26e823bff1c4c,79.27012752623654,STALE_HIGH_OPPORTUNITY,5066,34.0
1629,content_8447636d53b1b793,79.27012752623654,STALE_HIGH_OPPORTUNITY,5066,34.0
1630,content_7c441f8497ee9f19,79.26685390259162,STALE_HIGH_OPPORTUNITY,5060,34.0
1631,content_2cc30879ef63f775,79.26474188733684,STALE_HIGH_OPPORTUNITY,5056,34.0
1632,content_cdf9e0ee95947697,79.2627354728448,STALE_HIGH_OPPORTUNITY,5051,34.0
1633,content_30722222cd25e3c7,79.2627354728448,STALE_HIGH_OPPORTUNITY,5051,34.0
1634,content_2918ef83f95ff3b0,79.2627354728448,STALE_HIGH_OPPORTUNITY,5051,34.0
1635,content_bb21064343842c2f,79.25977865148809,STALE_HIGH_OPPORTUNITY,5045,34.0
1636,content_2083d4ee1e7a4329,79.25492101640208,STALE_HIGH_OPPORTUNITY,5039,34.0
1637,content_8dcc0143610c3dda,79.25196419504539,STALE_HIGH_OPPORTUNITY,5033,34.0
1638,content_c923b7b98899a064,79.25006338131608,STALE_HIGH_OPPORTUNITY,5029,34.0
1639,content_2cfa106095b30312,79.24911297445142,STALE_HIGH_OPPORTUNITY,5027,34.0
1640,content_34767b8652ff06bc,79.2474233622476,STALE_HIGH_OPPORTUNITY,5024,34.0
1641,content_e31bace1a709930b,79.24393853707721,STALE_HIGH_OPPORTUNITY,5018,34.0
1642,content_7fcaed06adac8752,79.24013690961858,STALE_HIGH_OPPORTUNITY,5013,34.0
1643,content_80cfe3497ab31e95,79.2385528981775,STALE_HIGH_OPPORTUNITY,5010,34.0
1644,content_ef7bbe272b5f1624,79.23686328597368,STALE_HIGH_OPPORTUNITY,5007,34.0
1645,content_e8d0772d2afed1af,79.23014233956653,STALE_HIGH_OPPORTUNITY,440,36.0
1646,content_45b5c4d2263114e9,79.22978803487014,STALE_HIGH_OPPORTUNITY,4993,34.0
1647,content_3515e841687db344,79.22978803487014,STALE_HIGH_OPPORTUNITY,4993,34.0
1648,content_f31e61412c395c5a,79.22688069972023,STALE_HIGH_OPPORTUNITY,361,81.0
1649,content_6bccd7249373aef0,79.16055143692137,STALE_HIGH_OPPORTUNITY,434,36.0
1650,content_4d107e35e06eefd2,79.16055143692137,STALE_HIGH_OPPORTUNITY,434,36.0
1651,content_96b323f1c0a1678b,79.14872415149459,STALE_HIGH_OPPORTUNITY,433,36.0
1652,content_f40d26121faa4641,79.13573525767767,STALE_HIGH_OPPORTUNITY,432,36.0
1653,content_4ad60d1fd077520a,79.13573525767767,STALE_HIGH_OPPORTUNITY,432,36.0
1654,content_28294ec803b5e640,79.04994993592526,STALE_HIGH_OPPORTUNITY,4988,34.0
1655,content_da5a72b93578dd7b,79.04994993592526,STALE_HIGH_OPPORTUNITY,4988,34.0
1656,content_16baf34964846f58,79.04773231990772,STALE_HIGH_OPPORTUNITY,4985,34.0
1657,content_abf8e0784f34f737,79.04572590541568,STALE_HIGH_OPPORTUNITY,4982,34.0
1658,content_abb95b7911b88d99,79.04572590541568,STALE_HIGH_OPPORTUNITY,4982,34.0
1659,content_a98c16c0cebf18c6,79.04107947185516,STALE_HIGH_OPPORTUNITY,4976,34.0
1660,content_f78c4dac3f29f067,79.04034026651598,STALE_HIGH_OPPORTUNITY,4975,34.0
1661,content_6b8612c3cb6ae736,79.03949546041406,STALE_HIGH_OPPORTUNITY,4974,34.0
1662,content_877a8b9da11e14ad,79.0377002474475,STALE_HIGH_OPPORTUNITY,4972,34.0
1663,content_2df06dc60869cc18,79.03410982151438,STALE_HIGH_OPPORTUNITY,4964,34.0
1664,content_182620af91bb3300,79.0328426123615,STALE_HIGH_OPPORTUNITY,4961,34.0
1665,content_d49de79bbf0e54cc,79.03062499634397,STALE_HIGH_OPPORTUNITY,4957,34.0
1666,content_48316aa9eb98cee6,79.02978019024205,STALE_HIGH_OPPORTUNITY,4956,34.0
1667,content_6464b97147a66902,79.0293577871911,STALE_HIGH_OPPORTUNITY,4955,34.0
1668,content_68cd47d48d9a89ff,79.02460575286784,STALE_HIGH_OPPORTUNITY,4947,34.0
1669,content_fe2b54e22f228735,79.02175453227389,STALE_HIGH_OPPORTUNITY,4941,34.0
1670,content_7d4f795c0151770b,79.01995931930732,STALE_HIGH_OPPORTUNITY,4938,34.0
1671,content_9860cb63f8383263,79.01837530786622,STALE_HIGH_OPPORTUNITY,4936,34.0
1672,content_4a8b16f4c187cdca,79.01689689718788,STALE_HIGH_OPPORTUNITY,4934,34.0
1673,content_2ec6391a2a25687b,79.01584088956048,STALE_HIGH_OPPORTUNITY,4932,34.0
1674,content_1f0ce0c283fc40d7,79.01351767278022,STALE_HIGH_OPPORTUNITY,4926,34.0
1675,content_1939011582d2fd5a,79.01056085142353,STALE_HIGH_OPPORTUNITY,4922,34.0
1676,content_3a025922b92c2084,79.01056085142353,STALE_HIGH_OPPORTUNITY,4922,34.0
1677,content_9315f91d5a99b81e,79.00929364227065,STALE_HIGH_OPPORTUNITY,4921,34.0
1678,content_04f336f2eaa5d98d,79.00929364227065,STALE_HIGH_OPPORTUNITY,4921,34.0
1679,content_c222ffe64855d442,79.00929364227065,STALE_HIGH_OPPORTUNITY,4921,34.0
1680,content_495851fa57793992,79.00929364227065,STALE_HIGH_OPPORTUNITY,4921,34.0
1681,content_f665b7a3cbc38254,79.00857986996793,STALE_HIGH_OPPORTUNITY,332,113.0
1682,content_77b98a556ee1f97a,79.00770963082957,STALE_HIGH_OPPORTUNITY,4918,34.0
1683,content_b59b036f1b9ce9d4,79.00707602625312,STALE_HIGH_OPPORTUNITY,4917,34.0
1684,content_1398ce0e7c528ab0,79.00602001862573,STALE_HIGH_OPPORTUNITY,4915,34.0
1685,content_7e850b82c9a42ade,79.00464720871013,STALE_HIGH_OPPORTUNITY,4912,34.0
1686,content_50159d782282d77b,79.00190158887891,STALE_HIGH_OPPORTUNITY,4909,34.0
1687,content_994b2f650038fba4,78.99493193853812,STALE_HIGH_OPPORTUNITY,4899,34.0
1688,content_81aa2a778a145a87,78.99260872175786,STALE_HIGH_OPPORTUNITY,4895,34.0
1689,content_886fa32a1a058ac7,78.99123591184224,STALE_HIGH_OPPORTUNITY,4891,34.0
1690,content_f8978c1bac069ce0,78.98996870268937,STALE_HIGH_OPPORTUNITY,4888,34.0
1691,content_404c346f562f11f8,78.9827878508231,STALE_HIGH_OPPORTUNITY,4878,34.0
1692,content_5fde73ece2ba6d36,78.98162624243298,STALE_HIGH_OPPORTUNITY,4876,34.0
1693,content_f8082422a282d751,78.97983102946641,STALE_HIGH_OPPORTUNITY,4873,34.0
1694,content_b7e7b3933d0ccb87,78.97877502183901,STALE_HIGH_OPPORTUNITY,4872,34.0
1695,content_05942874fc960a6c,78.97719101039793,STALE_HIGH_OPPORTUNITY,4870,34.0
1696,content_11917c3e5271b58b,78.97719101039793,STALE_HIGH_OPPORTUNITY,4870,34.0
1697,content_a1efa563219eec8c,78.97613500277053,STALE_HIGH_OPPORTUNITY,4868,34.0
1698,content_844a2290d6b2ef08,78.97529019666862,STALE_HIGH_OPPORTUNITY,4867,34.0
1699,content_9490fac33e6f6794,78.97433978980398,STALE_HIGH_OPPORTUNITY,4866,34.0
1700,content_7914445f767f21eb,78.97349498370205,STALE_HIGH_OPPORTUNITY,4865,34.0
1701,content_401418847e824f66,78.97212217378645,STALE_HIGH_OPPORTUNITY,4862,34.0
1702,content_cbb92fe3e2b8ffd6,78.96557492649661,STALE_HIGH_OPPORTUNITY,4853,34.0
1703,content_6c467ccfd761b7c5,78.96430771734374,STALE_HIGH_OPPORTUNITY,4849,34.0
1704,content_19c0930585ac5bf0,78.96314610895362,STALE_HIGH_OPPORTUNITY,4846,34.0
1705,content_067d90fcf9f622a7,78.96272370590265,STALE_HIGH_OPPORTUNITY,4845,34.0
1706,content_1b40a9ea85930837,78.96096599534424,STALE_HIGH_OPPORTUNITY,418,36.0
1707,content_cdb3b3fc87e55a05,78.95712686547748,STALE_HIGH_OPPORTUNITY,4838,34.0
1708,content_49028cfbcfc04b20,78.95480364869721,STALE_HIGH_OPPORTUNITY,4835,34.0
1709,content_f7c1c08b6a32296d,78.95480364869721,STALE_HIGH_OPPORTUNITY,4835,34.0
1710,content_bed6f46dbd292685,78.95385324183256,STALE_HIGH_OPPORTUNITY,4834,34.0
1711,content_ff273fbf78f0bb96,78.95026281589942,STALE_HIGH_OPPORTUNITY,4830,34.0
1712,content_575dd1b1871c7725,78.94762279683096,STALE_HIGH_OPPORTUNITY,4826,34.0
1713,content_a7761e284f3b16f6,78.9461443861526,STALE_HIGH_OPPORTUNITY,4824,34.0
1714,content_35c866f2ab40d06d,78.94445477394876,STALE_HIGH_OPPORTUNITY,4821,34.0
1715,content_c8005fad67e9a2a2,78.94297636327042,STALE_HIGH_OPPORTUNITY,4819,34.0
1716,content_9a3f878e6769c233,78.94054754572741,STALE_HIGH_OPPORTUNITY,4816,34.0
1717,content_c6c9d9186c24ed01,78.93875233276086,STALE_HIGH_OPPORTUNITY,4814,34.0
1718,content_634a5f5b6e938114,78.93875233276086,STALE_HIGH_OPPORTUNITY,4814,34.0
1719,content_ed9499f22c968a04,78.93769632513346,STALE_HIGH_OPPORTUNITY,4813,34.0
1720,content_9c7ab9f28ee69003,78.93769632513346,STALE_HIGH_OPPORTUNITY,4813,34.0
1721,content_7c85d937bcad7afc,78.93600671292963,STALE_HIGH_OPPORTUNITY,4810,34.0
1722,content_2999b2115fd161df,78.93294429081018,STALE_HIGH_OPPORTUNITY,4805,34.0
1723,content_8699f866fa51add5,78.9289314618261,STALE_HIGH_OPPORTUNITY,4800,34.0
1724,content_360e2e1a01a10dfd,78.92829785724966,STALE_HIGH_OPPORTUNITY,4799,34.0
1725,content_1fa246466ac8d129,78.92660824504584,STALE_HIGH_OPPORTUNITY,4796,34.0
1726,content_9124f15d175eaff2,78.9252729375384,STALE_HIGH_OPPORTUNITY,415,36.0
1727,content_62e8bfa1f8bcace7,78.92449622979106,STALE_HIGH_OPPORTUNITY,4793,34.0
1728,content_6bacfd079d716164,78.9171041763993,STALE_HIGH_OPPORTUNITY,4781,34.0
1729,content_c09f0a88d9a0be92,78.91647057182287,STALE_HIGH_OPPORTUNITY,4780,34.0
1730,content_f29ae963c801ce3f,78.91425295580535,STALE_HIGH_OPPORTUNITY,4776,34.0
1731,content_6555f0abf9e4ba2a,78.91414169295628,STALE_HIGH_OPPORTUNITY,309,131.0
1732,content_a325c5420128545b,78.91340814970344,STALE_HIGH_OPPORTUNITY,4774,34.0
1733,content_780d9be7438d1e0d,78.90654410012539,STALE_HIGH_OPPORTUNITY,4762,34.0
1734,content_bddc43cdf1046e41,78.90527689097252,STALE_HIGH_OPPORTUNITY,4760,34.0
1735,content_f8ece80708aba8d4,78.90379848029417,STALE_HIGH_OPPORTUNITY,4757,34.0
1736,content_8802dea3fc2cfae9,78.90041925588652,STALE_HIGH_OPPORTUNITY,4750,34.0
1737,content_90f95e2efb474d28,78.89830724063172,STALE_HIGH_OPPORTUNITY,4746,34.0
1738,content_e4f395b115afb157,78.89535041927503,STALE_HIGH_OPPORTUNITY,4741,34.0
1739,content_4e47d95a767a68e7,78.89302720249476,STALE_HIGH_OPPORTUNITY,4735,34.0
1740,content_dbb4967fe87dfb36,78.89249919868108,STALE_HIGH_OPPORTUNITY,4734,34.0
1741,content_3fd63ecf57588c25,78.89249919868108,STALE_HIGH_OPPORTUNITY,4734,34.0
1742,content_0ba2fa8081eb50d8,78.89197119486737,STALE_HIGH_OPPORTUNITY,4733,34.0
1743,content_e25ea7297a1dffd3,78.88500154452659,STALE_HIGH_OPPORTUNITY,4721,34.0
1744,content_30fa8aeb6fa1f2bd,78.8823615254581,STALE_HIGH_OPPORTUNITY,4716,34.0
1745,content_33ac3f90eb61d880,78.87697588655841,STALE_HIGH_OPPORTUNITY,4707,34.0
1746,content_a65d0370d66d0aaa,78.8737022629135,STALE_HIGH_OPPORTUNITY,4704,34.0
1747,content_ae359fae54ea1287,78.8717333508296,STALE_HIGH_OPPORTUNITY,411,36.0
1748,content_56ecb2e7dc696787,78.8691614301157,STALE_HIGH_OPPORTUNITY,4697,34.0
1749,content_41c59a93aed3cfba,78.86810542248831,STALE_HIGH_OPPORTUNITY,4695,34.0
1750,content_de0504de9987c3f9,78.86609900799627,STALE_HIGH_OPPORTUNITY,4692,34.0
1751,content_c94f720a28a2638a,78.86514860113162,STALE_HIGH_OPPORTUNITY,4691,34.0
1752,content_3597038706b0c80e,78.86409259350421,STALE_HIGH_OPPORTUNITY,4690,34.0
1753,content_ab9b1176758fff18,78.86409259350421,STALE_HIGH_OPPORTUNITY,4690,34.0
1754,content_41648f52cf7a9396,78.86409259350421,STALE_HIGH_OPPORTUNITY,4690,34.0
1755,content_d67d71764c297c65,78.86187497748669,STALE_HIGH_OPPORTUNITY,4686,34.0
1756,content_a6ee8f11fa4b2e17,78.86187497748669,STALE_HIGH_OPPORTUNITY,4686,34.0
1757,content_baaa2b97e7385305,78.8608189698593,STALE_HIGH_OPPORTUNITY,4683,34.0
1758,content_a58b2d5064ec9591,78.85902375689274,STALE_HIGH_OPPORTUNITY,4680,34.0
1759,content_1ab1a39d23558ea3,78.8573341446889,STALE_HIGH_OPPORTUNITY,4676,34.0
1760,content_109307e253159ad5,78.85427172256948,STALE_HIGH_OPPORTUNITY,4671,34.0
1761,content_dbbac2a9a0192b72,78.8511036996873,STALE_HIGH_OPPORTUNITY,4663,34.0
1762,content_2c6e857c1462d56d,78.84941408748347,STALE_HIGH_OPPORTUNITY,4660,34.0
1763,content_3353f9cf07541c4c,78.84941408748347,STALE_HIGH_OPPORTUNITY,4660,34.0
1764,content_8144078e59713d59,78.8476188745169,STALE_HIGH_OPPORTUNITY,4658,34.0
1765,content_a1309c574b4635cd,78.84571806078759,STALE_HIGH_OPPORTUNITY,4656,34.0
1766,content_3f43ab8a584a665d,78.84487325468568,STALE_HIGH_OPPORTUNITY,4655,34.0
1767,content_3f157a4d6fb920cd,78.84423965010924,STALE_HIGH_OPPORTUNITY,4653,34.0
1768,content_c5ee5ab62ec50eb7,78.84423965010924,STALE_HIGH_OPPORTUNITY,4653,34.0
1769,content_8b6db29a9faa1840,78.84054362341337,STALE_HIGH_OPPORTUNITY,4647,34.0
1770,content_d6fe89a595f07242,78.83705879824298,STALE_HIGH_OPPORTUNITY,4642,34.0
1771,content_2a45f44c27b2a1bd,78.83188436086876,STALE_HIGH_OPPORTUNITY,4633,34.0
1772,content_a0a56301ef2ac273,78.82618191968083,STALE_HIGH_OPPORTUNITY,4624,34.0
1773,content_1b3c328b0fea6b10,78.82618191968083,STALE_HIGH_OPPORTUNITY,4624,34.0
1774,content_569d9f6984b94c04,78.82533711357893,STALE_HIGH_OPPORTUNITY,4623,34.0
1775,content_77cf69a31ec01983,78.82164108688306,STALE_HIGH_OPPORTUNITY,4618,34.0
1776,content_44b302fe133a5fa2,78.81995147467921,STALE_HIGH_OPPORTUNITY,4615,34.0
1777,content_ce2e70d600abd5da,78.81847306400088,STALE_HIGH_OPPORTUNITY,4613,34.0
1778,content_291450bc56840793,78.81847306400088,STALE_HIGH_OPPORTUNITY,4613,34.0
1779,content_a938a01820c92489,78.81734452604577,STALE_HIGH_OPPORTUNITY,425,35.0
1780,content_056624fb9ca68f29,78.81731145561075,STALE_HIGH_OPPORTUNITY,4612,34.0
1781,content_8b8e65201967620b,78.81614984722061,STALE_HIGH_OPPORTUNITY,4611,34.0
1782,content_e70d25bdd731181c,78.81414343272857,STALE_HIGH_OPPORTUNITY,4609,34.0
1783,content_857bd11954aaf418,78.81414343272857,STALE_HIGH_OPPORTUNITY,4609,34.0
1784,content_ed36708ee9987e49,78.81277062281296,STALE_HIGH_OPPORTUNITY,4608,34.0
1785,content_1417f63cec5bccae,78.81269045508667,STALE_HIGH_OPPORTUNITY,320,113.0
1786,content_b62a42f25eb03be4,78.81171461518556,STALE_HIGH_OPPORTUNITY,4606,34.0
1787,content_1e2d0e6c670886af,78.80858409471155,STALE_HIGH_OPPORTUNITY,406,36.0
1788,content_e6c88e0009ab87ff,78.80812418925244,STALE_HIGH_OPPORTUNITY,4602,34.0
1789,content_926791b3eafe4af5,78.8064345770486,STALE_HIGH_OPPORTUNITY,4599,34.0
1790,content_b524ebe14f398c13,78.80580097247217,STALE_HIGH_OPPORTUNITY,4598,34.0
1791,content_5d3aaca43849137a,78.80442816255655,STALE_HIGH_OPPORTUNITY,4596,34.0
1792,content_f5d0032dbad9c95e,78.80358335645464,STALE_HIGH_OPPORTUNITY,4594,34.0
1793,content_5b32c929b930e152,78.8029497518782,STALE_HIGH_OPPORTUNITY,4593,34.0
1794,content_86a24c4015387bef,78.8029497518782,STALE_HIGH_OPPORTUNITY,4593,34.0
1795,content_2c45cf52d428cfed,78.79967612823329,STALE_HIGH_OPPORTUNITY,4587,34.0
1796,content_a266d3d7bcba03db,78.79281207865525,STALE_HIGH_OPPORTUNITY,4574,34.0
1797,content_94cd7886ee90b5e0,78.79252834680207,STALE_HIGH_OPPORTUNITY,423,35.0
1798,content_02e0352e7b580fc1,78.79217847407881,STALE_HIGH_OPPORTUNITY,4573,34.0
1799,content_e952ff791cd1e23e,78.7908056641632,STALE_HIGH_OPPORTUNITY,4571,34.0
1800,content_8edf109612001567,78.79006645882403,STALE_HIGH_OPPORTUNITY,4570,34.0
1801,content_bd10195398dae535,78.78594802907719,STALE_HIGH_OPPORTUNITY,4564,34.0
1802,content_d13e086d95c8426e,78.78594802907719,STALE_HIGH_OPPORTUNITY,4564,34.0
1803,content_e815bab6e6a7ee76,78.78499762221254,STALE_HIGH_OPPORTUNITY,4563,34.0
1804,content_36a7306ce29aa879,78.78119599475393,STALE_HIGH_OPPORTUNITY,4556,34.0
1805,content_51c0f0af0b54547d,78.77369834059944,STALE_HIGH_OPPORTUNITY,4545,34.0
1806,content_c46ed5daec4a11b3,78.76862950398797,STALE_HIGH_OPPORTUNITY,4539,34.0
1807,content_d8fc2c7369e8ac02,78.76451107424113,STALE_HIGH_OPPORTUNITY,4533,34.0
1808,content_fc0c5eb8b253d316,78.76366626813922,STALE_HIGH_OPPORTUNITY,4532,34.0
1809,content_fbb8f84183089349,78.76028704373157,STALE_HIGH_OPPORTUNITY,4527,34.0
1810,content_6f3973f47ff174ca,78.75944223762964,STALE_HIGH_OPPORTUNITY,4526,34.0
1811,content_6b1e54f0a298f167,78.7579638269513,STALE_HIGH_OPPORTUNITY,4524,34.0
1812,content_f358554daff73ac6,78.75416219949268,STALE_HIGH_OPPORTUNITY,4518,34.0
1813,content_15ce379ba58640de,78.75331739339077,STALE_HIGH_OPPORTUNITY,4517,34.0
1814,content_808e90bb628c5bff,78.75215578500064,STALE_HIGH_OPPORTUNITY,4516,34.0
1815,content_1536bb226d3f2bd2,78.75215578500064,STALE_HIGH_OPPORTUNITY,4516,34.0
1816,content_ffdb4251fc7a1a51,78.74972696745763,STALE_HIGH_OPPORTUNITY,4513,34.0
1817,content_8180b7c0b5da3da2,78.74877656059299,STALE_HIGH_OPPORTUNITY,4511,34.0
1818,content_8c306658393971e5,78.74803735525381,STALE_HIGH_OPPORTUNITY,4509,34.0
1819,content_55faaba7b2272536,78.74750935144012,STALE_HIGH_OPPORTUNITY,4508,34.0
1820,content_5004d2061d39a260,78.74413012703246,STALE_HIGH_OPPORTUNITY,4503,34.0
1821,content_ea0ebc1304dc8444,78.7437077239815,STALE_HIGH_OPPORTUNITY,4502,34.0
1822,content_9f7067abaee1995b,78.73515406219963,STALE_HIGH_OPPORTUNITY,4490,34.0
1823,content_c33d3a2d588ea3fb,78.73515406219963,STALE_HIGH_OPPORTUNITY,4490,34.0
1824,content_10f027128adc1bfc,78.73441485686045,STALE_HIGH_OPPORTUNITY,4489,34.0
1825,content_f08792d9e87e6824,78.7334644499958,STALE_HIGH_OPPORTUNITY,4488,34.0
1826,content_d87486569899c3fa,78.72976842329993,STALE_HIGH_OPPORTUNITY,4482,34.0
1827,content_e1b14eeb0fff74d8,78.72691720270598,STALE_HIGH_OPPORTUNITY,4477,34.0
1828,content_f20ea6944a57c2b6,78.72396038134927,STALE_HIGH_OPPORTUNITY,4473,34.0
1829,content_89edeb5544952a42,78.7232211760101,STALE_HIGH_OPPORTUNITY,4472,34.0
1830,content_ea49facb7450bc6c,78.72227076914544,STALE_HIGH_OPPORTUNITY,4470,34.0
1831,content_f6c2ab24c2d3af11,78.7204074578243,STALE_HIGH_OPPORTUNITY,399,36.0
1832,content_caa28af8be835150,78.7202643546534,STALE_HIGH_OPPORTUNITY,4466,34.0
1833,content_2ed21225a7271cf4,78.71889154473779,STALE_HIGH_OPPORTUNITY,4464,34.0
1834,content_9fc72c2635b1768e,78.71688513024574,STALE_HIGH_OPPORTUNITY,4461,34.0
1835,content_429ad7727e26606e,78.71477311499096,STALE_HIGH_OPPORTUNITY,4459,34.0
1836,content_7412e8a526d411e3,78.70907067380303,STALE_HIGH_OPPORTUNITY,4451,34.0
1837,content_1c682f74381c8c00,78.70907067380303,STALE_HIGH_OPPORTUNITY,4451,34.0
1838,content_f9fcac23e5275d6b,78.69629298151159,STALE_HIGH_OPPORTUNITY,4431,34.0
1839,content_dca4726bd6b1989d,78.69629298151159,STALE_HIGH_OPPORTUNITY,4431,34.0
1840,content_bb358e882ed45043,78.69449776854503,STALE_HIGH_OPPORTUNITY,4430,34.0
1841,content_6ce49cb383503e30,78.69449776854503,STALE_HIGH_OPPORTUNITY,4430,34.0
1842,content_c2a027956ce5e894,78.68752811820423,STALE_HIGH_OPPORTUNITY,4416,34.0
1843,content_149d0986a78ad6c9,78.6868945136278,STALE_HIGH_OPPORTUNITY,4415,34.0
1844,content_c6c4cc39107f7b09,78.6868945136278,STALE_HIGH_OPPORTUNITY,4415,34.0
1845,content_3371a22d9a06bb57,78.68573290523767,STALE_HIGH_OPPORTUNITY,4413,34.0
1846,content_f608b95b04f57420,78.68573290523767,STALE_HIGH_OPPORTUNITY,4413,34.0
1847,content_1f1694b04a4ecb21,78.68224808006728,STALE_HIGH_OPPORTUNITY,4410,34.0
1848,content_d91b572e9926aeea,78.6812264336024,STALE_HIGH_OPPORTUNITY,130,235.0
1849,content_09ffb9524d77caf2,78.68098087091441,STALE_HIGH_OPPORTUNITY,4409,34.0
1850,content_8c021591c0def13d,78.67823525108318,STALE_HIGH_OPPORTUNITY,4405,34.0
1851,content_ae809f618fdd2e33,78.67348321675992,STALE_HIGH_OPPORTUNITY,4396,34.0
1852,content_071073a11d5206f0,78.67211040684431,STALE_HIGH_OPPORTUNITY,4394,34.0
1853,content_a1b9e67ccb774108,78.67084319769144,STALE_HIGH_OPPORTUNITY,4392,34.0
1854,content_2448d9ed49f39fee,78.67031519387774,STALE_HIGH_OPPORTUNITY,4391,34.0
1855,content_e16fd4bafa5526ac,78.66862558167392,STALE_HIGH_OPPORTUNITY,4387,34.0
1856,content_0b6a0d818e69aac7,78.66661916718188,STALE_HIGH_OPPORTUNITY,4385,34.0
1857,content_6bffb65e08b6d185,78.66661916718188,STALE_HIGH_OPPORTUNITY,4385,34.0
1858,content_75b52054f7404e56,78.665351958029,STALE_HIGH_OPPORTUNITY,4384,34.0
1859,content_b0a3a0f8d6bebe7d,78.66155033057039,STALE_HIGH_OPPORTUNITY,4378,34.0
1860,content_66ed313542a47f4a,78.66155033057039,STALE_HIGH_OPPORTUNITY,4378,34.0
1861,content_0850d8ef153fff70,78.66007191989203,STALE_HIGH_OPPORTUNITY,4375,34.0
1862,content_d4f4fc43134c1c13,78.66007191989203,STALE_HIGH_OPPORTUNITY,4375,34.0
1863,content_c91526167220a434,78.65817110616273,STALE_HIGH_OPPORTUNITY,4373,34.0
1864,content_6520612edd375848,78.65817110616273,STALE_HIGH_OPPORTUNITY,4373,34.0
1865,content_701a7e4047b39dc0,78.65605909090795,STALE_HIGH_OPPORTUNITY,4370,34.0
1866,content_959e245550815c64,78.65479188175509,STALE_HIGH_OPPORTUNITY,4367,34.0
1867,content_eedbbce7a7ff552d,78.65384147489043,STALE_HIGH_OPPORTUNITY,4366,34.0
1868,content_759f014d2af4226f,78.65194066116112,STALE_HIGH_OPPORTUNITY,4364,34.0
1869,content_bc70ab7b881957d3,78.65141265734742,STALE_HIGH_OPPORTUNITY,4363,34.0
1870,content_0fccdee19142278b,78.65141265734742,STALE_HIGH_OPPORTUNITY,4363,34.0
1871,content_9ef922621dcdd620,78.65071095441641,STALE_HIGH_OPPORTUNITY,394,36.0
1872,content_2cc1e0ce0e407c06,78.64560461539676,STALE_HIGH_OPPORTUNITY,4355,34.0
1873,content_34c75f2fb25b6e5f,78.64475980929485,STALE_HIGH_OPPORTUNITY,4353,34.0
1874,content_33e262278b43ebc5,78.64095818183624,STALE_HIGH_OPPORTUNITY,4348,34.0
1875,content_84a2a2648dc05537,78.63916296886968,STALE_HIGH_OPPORTUNITY,4346,34.0
1876,content_8dc7f9c3f04b1818,78.63916296886968,STALE_HIGH_OPPORTUNITY,4346,34.0
1877,content_71f3f9cc0e292dd7,78.63814003167731,STALE_HIGH_OPPORTUNITY,411,35.0
1878,content_6a37ec4777bb1077,78.63810696124227,STALE_HIGH_OPPORTUNITY,4345,34.0
1879,content_2ac185f24535eabf,78.63525574064832,STALE_HIGH_OPPORTUNITY,4339,34.0
1880,content_e387b37ce837fbdb,78.63430533378367,STALE_HIGH_OPPORTUNITY,4338,34.0
1881,content_af08a4ecd09e800c,78.63346052768175,STALE_HIGH_OPPORTUNITY,4337,34.0
1882,content_a730c5cca10ea50f,78.63187651624067,STALE_HIGH_OPPORTUNITY,4335,34.0
1883,content_cdc058587cdc03ce,78.63187651624067,STALE_HIGH_OPPORTUNITY,4335,34.0
1884,content_fd21108296ef9376,78.63029250479958,STALE_HIGH_OPPORTUNITY,4333,34.0
1885,content_57bf71c0ad9eb06f,78.63029250479958,STALE_HIGH_OPPORTUNITY,4333,34.0
1886,content_f4eebca85f266e3c,78.62923649717219,STALE_HIGH_OPPORTUNITY,4332,34.0
1887,content_a597cd94ef69e15e,78.62754688496835,STALE_HIGH_OPPORTUNITY,4330,34.0
1888,content_0d990a3c15a11ad6,78.62184444378043,STALE_HIGH_OPPORTUNITY,4323,34.0
1889,content_2a8ee406195bc00a,78.62184444378043,STALE_HIGH_OPPORTUNITY,4323,34.0
1890,content_fd1d19e381fc653e,78.61751481250813,STALE_HIGH_OPPORTUNITY,4319,34.0
1891,content_5dd18a9bd73ecf0d,78.61402998733773,STALE_HIGH_OPPORTUNITY,4316,34.0
1892,content_0cc6d047d552023f,78.61307958047308,STALE_HIGH_OPPORTUNITY,4315,34.0
1893,content_48da1b6944ba47c4,78.60684913547148,STALE_HIGH_OPPORTUNITY,4307,34.0
1894,content_047fa931e095a097,78.60442031792847,STALE_HIGH_OPPORTUNITY,4303,34.0
1895,content_b87fdedff1d7b936,78.60146349657177,STALE_HIGH_OPPORTUNITY,4297,34.0
1896,content_6f68c3abc91c2fd0,78.59956268284246,STALE_HIGH_OPPORTUNITY,4293,34.0
1897,content_232f9ab6f9604e59,78.59861227597781,STALE_HIGH_OPPORTUNITY,4292,34.0
1898,content_395d514a254faa1e,78.59861227597781,STALE_HIGH_OPPORTUNITY,4292,34.0
1899,content_7e4002025a540cf9,78.59692266377398,STALE_HIGH_OPPORTUNITY,4291,34.0
1900,content_c8a9d40b6bfa195e,78.59312103631537,STALE_HIGH_OPPORTUNITY,4286,34.0
1901,content_cdf5a5f95f07d13c,78.58784099817841,STALE_HIGH_OPPORTUNITY,4279,34.0
1902,content_8d6f17ee107f5c06,78.58784099817841,STALE_HIGH_OPPORTUNITY,4279,34.0
1903,content_5c871137e55444ac,78.58657378902555,STALE_HIGH_OPPORTUNITY,4278,34.0
1904,content_5ee03a9cb8f0cedb,78.58477857605897,STALE_HIGH_OPPORTUNITY,4276,34.0
1905,content_cc26c314261f0cff,78.58129375088858,STALE_HIGH_OPPORTUNITY,4272,34.0
1906,content_36512927d10d78ab,78.58013214249844,STALE_HIGH_OPPORTUNITY,4271,34.0
1907,content_73c0a88682d6279f,78.5737960967341,STALE_HIGH_OPPORTUNITY,4261,34.0
1908,content_00465450a82e9b66,78.57010007003822,STALE_HIGH_OPPORTUNITY,4256,34.0
1909,content_1af5cfde4118b03c,78.564925632664,STALE_HIGH_OPPORTUNITY,4250,34.0
1910,content_d2bf1b2d6a0e3e52,78.5628136174092,STALE_HIGH_OPPORTUNITY,4248,34.0
1911,content_9963c58db35789db,78.5584839861369,STALE_HIGH_OPPORTUNITY,4243,34.0
1912,content_2b2dab44cbeb6f17,78.55785038156047,STALE_HIGH_OPPORTUNITY,4242,34.0
1913,content_517608181548076e,78.55647757164486,STALE_HIGH_OPPORTUNITY,4240,34.0
1914,content_fad516a4d7587469,78.55573836630568,STALE_HIGH_OPPORTUNITY,4239,34.0
1915,content_e39f0cdf5dec9235,78.55468235867829,STALE_HIGH_OPPORTUNITY,4238,34.0
1916,content_6bda2cda4a406de3,78.55468235867829,STALE_HIGH_OPPORTUNITY,4238,34.0
1917,content_a0c629c45d843295,78.55468235867829,STALE_HIGH_OPPORTUNITY,4238,34.0
1918,content_7047e3919af1914f,78.55320394799995,STALE_HIGH_OPPORTUNITY,4237,34.0
1919,content_5c91b7a79c776719,78.550352727406,STALE_HIGH_OPPORTUNITY,4234,34.0
1920,content_0e28039ccd76d738,78.550352727406,STALE_HIGH_OPPORTUNITY,4234,34.0
1921,content_3f0d16a3b97c5b28,78.54560069308273,STALE_HIGH_OPPORTUNITY,4229,34.0
1922,content_c6829b61dac190a7,78.54137666257314,STALE_HIGH_OPPORTUNITY,4222,34.0
1923,content_e072796bc80265ec,78.53662462824988,STALE_HIGH_OPPORTUNITY,4216,34.0
1924,content_806cd5d1cf7b793c,78.53567422138524,STALE_HIGH_OPPORTUNITY,4215,34.0
1925,content_1cbde4af2c6d85d5,78.53166139240115,STALE_HIGH_OPPORTUNITY,4211,34.0
1926,content_04347c0613893c5c,78.52923257485814,STALE_HIGH_OPPORTUNITY,4208,34.0
1927,content_f88873788ae09d2c,78.52923257485814,STALE_HIGH_OPPORTUNITY,4208,34.0
1928,content_2fd520f385bd3531,78.52870457104444,STALE_HIGH_OPPORTUNITY,4207,34.0
1929,content_161afdbbc5a897a3,78.5282821679935,STALE_HIGH_OPPORTUNITY,4206,34.0
1930,content_04aa4fe4f044af53,78.5261701527387,STALE_HIGH_OPPORTUNITY,4203,34.0
1931,content_3603e5c216240293,78.52553654816226,STALE_HIGH_OPPORTUNITY,4202,34.0
1932,content_a5d705917acf9a4d,78.5245861412976,STALE_HIGH_OPPORTUNITY,4201,34.0
1933,content_9df13162c9be5e40,78.51677168485492,STALE_HIGH_OPPORTUNITY,4191,34.0
1934,content_8395064b4affe5e1,78.51497647188835,STALE_HIGH_OPPORTUNITY,4188,34.0
1935,content_71a34c7d005b96dd,78.51497647188835,STALE_HIGH_OPPORTUNITY,4188,34.0
1936,content_dd0e467b669fbec4,78.50800682154755,STALE_HIGH_OPPORTUNITY,4180,34.0
1937,content_838c971cd028ecb5,78.50800682154755,STALE_HIGH_OPPORTUNITY,4180,34.0
1938,content_5d4d1e3b161f4a12,78.50800682154755,STALE_HIGH_OPPORTUNITY,4180,34.0
1939,content_b835d46f674274dc,78.5009690728522,STALE_HIGH_OPPORTUNITY,383,36.0
1940,content_6b31bfdb873e9676,78.50061476815581,STALE_HIGH_OPPORTUNITY,4170,34.0
1941,content_a5169aec26516393,78.50061476815581,STALE_HIGH_OPPORTUNITY,4170,34.0
1942,content_61ffca6121795c09,78.49881955518924,STALE_HIGH_OPPORTUNITY,4168,34.0
1943,content_ef8e1c636d30458d,78.49691874145994,STALE_HIGH_OPPORTUNITY,4166,34.0
1944,content_2c64c720c83a776e,78.4962851368835,STALE_HIGH_OPPORTUNITY,4165,34.0
1945,content_e5663dac680ce2c1,78.4962851368835,STALE_HIGH_OPPORTUNITY,4165,34.0
1946,content_914373c5a92bf066,78.49544033078159,STALE_HIGH_OPPORTUNITY,4164,34.0
1947,content_936217ac2f131188,78.49448992391694,STALE_HIGH_OPPORTUNITY,4163,34.0
1948,content_99cc4061cbe916a2,78.49269471095036,STALE_HIGH_OPPORTUNITY,4161,34.0
1949,content_55c9e50e03040c38,78.4884706804408,STALE_HIGH_OPPORTUNITY,4156,34.0
1950,content_d03f330fa9ee3794,78.48625306442328,STALE_HIGH_OPPORTUNITY,4153,34.0
1951,content_ee222514bf526d28,78.48551385908411,STALE_HIGH_OPPORTUNITY,4152,34.0
1952,content_d0facc3accbd5e89,78.48456345221945,STALE_HIGH_OPPORTUNITY,4150,34.0
1953,content_b2cbe3377e15fd06,78.48033942170987,STALE_HIGH_OPPORTUNITY,4144,34.0
1954,content_aa0720bdaf868ca0,78.47780500340414,STALE_HIGH_OPPORTUNITY,4142,34.0
1955,content_be03ed22f744845c,78.47780500340414,STALE_HIGH_OPPORTUNITY,4142,34.0
1956,content_9da57e7211e3f9af,78.47548178662387,STALE_HIGH_OPPORTUNITY,4140,34.0
1957,content_b690fc07f75ee333,78.47463698052196,STALE_HIGH_OPPORTUNITY,4139,34.0
1958,content_845d3c79ad0d3d3a,78.47241936450443,STALE_HIGH_OPPORTUNITY,4136,34.0
1959,content_439bf34b3077233c,78.46977934543595,STALE_HIGH_OPPORTUNITY,4131,34.0
1960,content_f90fc89f93266b3a,78.46914574085953,STALE_HIGH_OPPORTUNITY,4130,34.0
1961,content_cedd620643626737,78.46861773704583,STALE_HIGH_OPPORTUNITY,4129,34.0
1962,content_1db07800672b1c22,78.46238729204421,STALE_HIGH_OPPORTUNITY,4119,34.0
1963,content_00950612a4f9216b,78.46238729204421,STALE_HIGH_OPPORTUNITY,4119,34.0
1964,content_a56461e6ac6959fe,78.46027527678943,STALE_HIGH_OPPORTUNITY,4116,34.0
1965,content_264c3e34950ff679,78.459641672213,STALE_HIGH_OPPORTUNITY,4115,34.0
1966,content_d116ae27e558d693,78.459641672213,STALE_HIGH_OPPORTUNITY,4115,34.0
1967,content_9f8e3a51ad3d86e2,78.459641672213,STALE_HIGH_OPPORTUNITY,4115,34.0
1968,content_7c27a500eed74248,78.45900806763656,STALE_HIGH_OPPORTUNITY,4114,34.0
1969,content_81a6e4ad9d6194c7,78.45689605238177,STALE_HIGH_OPPORTUNITY,4111,34.0
1970,content_117e2c412048fb5d,78.45689605238177,STALE_HIGH_OPPORTUNITY,4111,34.0
1971,content_02c4ea0cf6fad4f7,78.45531204094068,STALE_HIGH_OPPORTUNITY,4109,34.0
1972,content_af64df42fec0b927,78.45172161500756,STALE_HIGH_OPPORTUNITY,4104,34.0
1973,content_c51e51b700567113,78.4507712081429,STALE_HIGH_OPPORTUNITY,4103,34.0
1974,content_b5355d936526f102,78.44802558831168,STALE_HIGH_OPPORTUNITY,4098,34.0
1975,content_0ae0c157cb173c8d,78.44654717763332,STALE_HIGH_OPPORTUNITY,4096,34.0
1976,content_464af6ccd01252eb,78.44559677076869,STALE_HIGH_OPPORTUNITY,4095,34.0
1977,content_dcf64dfe273a4bf7,78.44454076314128,STALE_HIGH_OPPORTUNITY,4094,34.0
1978,content_670bc007213dbc56,78.44116153873364,STALE_HIGH_OPPORTUNITY,4091,34.0
1979,content_7d916e8bb57d5737,78.44010553110623,STALE_HIGH_OPPORTUNITY,4090,34.0
1980,content_b3cbae9e2af06f2f,78.43746551203775,STALE_HIGH_OPPORTUNITY,4087,34.0
1981,content_00e875dd1bf9c1c3,78.43292467923997,STALE_HIGH_OPPORTUNITY,4082,34.0
1982,content_a6f5a80a415ffc5d,78.43197427237531,STALE_HIGH_OPPORTUNITY,4081,34.0
1983,content_b1c7f8629cc61d93,78.4306014624597,STALE_HIGH_OPPORTUNITY,4078,34.0
1984,content_1c286568ef34ff67,78.42447661822084,STALE_HIGH_OPPORTUNITY,4067,34.0
1985,content_fb0c9630d998f5ab,78.42151979686413,STALE_HIGH_OPPORTUNITY,4064,34.0
1986,content_3252c99e9fabb419,78.42151979686413,STALE_HIGH_OPPORTUNITY,4064,34.0
1987,content_770950f6b9736d4f,78.420358188474,STALE_HIGH_OPPORTUNITY,4063,34.0
1988,content_138cd83a3de81efc,78.420358188474,STALE_HIGH_OPPORTUNITY,4063,34.0
1989,content_87e32245ed16da45,78.420358188474,STALE_HIGH_OPPORTUNITY,4063,34.0
1990,content_c8e0be64734d6ad7,78.41528935186253,STALE_HIGH_OPPORTUNITY,4056,34.0
1991,content_2530addd5dd02d18,78.41528935186253,STALE_HIGH_OPPORTUNITY,4056,34.0
1992,content_33c90f81fc509207,78.41191012745486,STALE_HIGH_OPPORTUNITY,4050,34.0
1993,content_ea77e048bcf3cc25,78.40736929465709,STALE_HIGH_OPPORTUNITY,4044,34.0
1994,content_1555f6be2e351969,78.40589088397873,STALE_HIGH_OPPORTUNITY,4043,34.0
1995,content_75e0d8f4c4198185,78.40303966338476,STALE_HIGH_OPPORTUNITY,4040,34.0
1996,content_92cb776b519db4fd,78.40303966338476,STALE_HIGH_OPPORTUNITY,4040,34.0
1997,content_8caf82043497b68b,78.39849883058699,STALE_HIGH_OPPORTUNITY,4034,34.0
1998,content_eaccd7441ee37d02,78.39849883058699,STALE_HIGH_OPPORTUNITY,4034,34.0
1999,content_b56d2fde7e602234,78.39723162143412,STALE_HIGH_OPPORTUNITY,4033,34.0
2000,content_177153a86ae1a21f,78.39723162143412,STALE_HIGH_OPPORTUNITY,4033,34.0
2001,content_569d8798de8249d4,78.3965299185031,STALE_HIGH_OPPORTUNITY,376,36.0
2002,content_0d2303de0333960b,78.39078997490702,STALE_HIGH_OPPORTUNITY,4025,34.0
2003,content_f9dce21fe2aeb630,78.38804435507579,STALE_HIGH_OPPORTUNITY,4022,34.0
2004,content_888134ab983e356f,78.38329232075253,STALE_HIGH_OPPORTUNITY,4018,34.0
2005,content_71a11c0ab6c3628f,78.38234191388788,STALE_HIGH_OPPORTUNITY,4017,34.0
2006,content_e9ea0dbd61b1195e,78.38234191388788,STALE_HIGH_OPPORTUNITY,4017,34.0
2007,content_87a433ef37c5974e,78.37801228261557,STALE_HIGH_OPPORTUNITY,4010,34.0
2008,content_ff80b9c27132966d,78.37663947269996,STALE_HIGH_OPPORTUNITY,4009,34.0
2009,content_0cd3ac86bcbb5d36,78.37212085681654,STALE_HIGH_OPPORTUNITY,348,61.0
2010,content_d0d328ffedea14fc,78.37104263227478,STALE_HIGH_OPPORTUNITY,4002,34.0
2011,content_53f3e94c3819530a,78.36924741930821,STALE_HIGH_OPPORTUNITY,3999,34.0
2012,content_08cadb374f8e3bda,78.36861381473179,STALE_HIGH_OPPORTUNITY,3998,34.0
2013,content_353601e28196dfa1,78.36534019108686,STALE_HIGH_OPPORTUNITY,3994,34.0
2014,content_c02f133f644401f8,78.36291137354387,STALE_HIGH_OPPORTUNITY,3989,34.0
2015,content_2467fc66c9b9dd0f,78.3600601529499,STALE_HIGH_OPPORTUNITY,3986,34.0
2016,content_6e60fca417f9220f,78.3600601529499,STALE_HIGH_OPPORTUNITY,3986,34.0
2017,content_0bacea2afe66cb3a,78.3581593392206,STALE_HIGH_OPPORTUNITY,3984,34.0
2018,content_213652c6b2afb5c6,78.35752573464417,STALE_HIGH_OPPORTUNITY,3983,34.0
2019,content_57cf5e6acd7526b6,78.35013368125242,STALE_HIGH_OPPORTUNITY,3974,34.0
2020,content_95cf2e8badc50570,78.35013368125242,STALE_HIGH_OPPORTUNITY,3974,34.0
2021,content_5a7268c256a7fd98,78.35013368125242,STALE_HIGH_OPPORTUNITY,3974,34.0
2022,content_b24e5323e8d11918,78.3479160652349,STALE_HIGH_OPPORTUNITY,3971,34.0
2023,content_6ca71bbe618bbbf3,78.34675445684476,STALE_HIGH_OPPORTUNITY,3970,34.0
2024,content_2f584c5042ea4f6e,78.34348083319985,STALE_HIGH_OPPORTUNITY,3966,34.0
2025,content_969a87fbdee5b027,78.34052401184314,STALE_HIGH_OPPORTUNITY,3963,34.0
2026,content_ff726df514f8da2d,78.33820079506289,STALE_HIGH_OPPORTUNITY,3961,34.0
2027,content_e852e6ac4ebfb44d,78.33820079506289,STALE_HIGH_OPPORTUNITY,3961,34.0
2028,content_628562666d1fb139,78.33725038819824,STALE_HIGH_OPPORTUNITY,3960,34.0
2029,content_948d77ccaa8ab5f0,78.33608877980811,STALE_HIGH_OPPORTUNITY,3959,34.0
2030,content_d1c539ebac0bf0d3,78.33482157065524,STALE_HIGH_OPPORTUNITY,3958,34.0
2031,content_d863347bb762ec13,78.33091434243387,STALE_HIGH_OPPORTUNITY,3953,34.0
2032,content_dd5db28dd85b7a01,78.32595110658514,STALE_HIGH_OPPORTUNITY,3948,34.0
2033,content_043ad3ab6bd51f18,78.32457829666953,STALE_HIGH_OPPORTUNITY,3947,34.0
2034,content_4706c7a683071f60,78.32352228904213,STALE_HIGH_OPPORTUNITY,3946,34.0
2035,content_f1dbd0384d72bae9,78.31760864632874,STALE_HIGH_OPPORTUNITY,3939,34.0
2036,content_b9731e4f9ae81908,78.31644703793862,STALE_HIGH_OPPORTUNITY,3938,34.0
2037,content_a418cec4148a33d0,78.31253980971726,STALE_HIGH_OPPORTUNITY,3934,34.0
2038,content_c968d2078d991b34,78.31147814000353,STALE_HIGH_OPPORTUNITY,276,131.0
2039,content_022fae8bdc7eafb0,78.31085019751343,STALE_HIGH_OPPORTUNITY,3932,34.0
2040,content_76250d52f3c24d5d,78.30736537234303,STALE_HIGH_OPPORTUNITY,3927,34.0
2041,content_e9f02350886c230f,78.30557015937647,STALE_HIGH_OPPORTUNITY,3926,34.0
2042,content_f4aa2b83a36d872b,78.30529085949641,STALE_HIGH_OPPORTUNITY,369,36.0
2043,content_ae5bfc3d1651d07c,78.30366934564717,STALE_HIGH_OPPORTUNITY,3925,34.0
2044,content_0f74546453014bc6,78.30155733039237,STALE_HIGH_OPPORTUNITY,3921,34.0
2045,content_89879ee789d22428,78.30155733039237,STALE_HIGH_OPPORTUNITY,3921,34.0
2046,content_e7650bb3bcc58c7e,78.29870610979842,STALE_HIGH_OPPORTUNITY,3918,34.0
2047,content_0bed3306b8120735,78.2970164975946,STALE_HIGH_OPPORTUNITY,3916,34.0
2048,content_c0f3a13561fb9813,78.29458768005159,STALE_HIGH_OPPORTUNITY,3912,34.0
2049,content_81c41134b8a25f97,78.29279246708502,STALE_HIGH_OPPORTUNITY,3910,34.0
2050,content_ae66b3fd35ba308f,78.29145715957758,STALE_HIGH_OPPORTUNITY,368,36.0
2051,content_8e5cd54c4086c8e1,78.28983564572832,STALE_HIGH_OPPORTUNITY,3907,34.0
2052,content_be97cd217a9d58d1,78.2886740373382,STALE_HIGH_OPPORTUNITY,3906,34.0
2053,content_46d3359a24509122,78.28624521979519,STALE_HIGH_OPPORTUNITY,3903,34.0
2054,content_a3d9081c36794290,78.28381640225219,STALE_HIGH_OPPORTUNITY,3900,34.0
2055,content_2406f1d07924cc90,78.27505153894484,STALE_HIGH_OPPORTUNITY,3885,34.0
2056,content_3575aa9d55f0a28e,78.27061630690979,STALE_HIGH_OPPORTUNITY,3880,34.0
2057,content_09725382cf39f473,78.26776508631582,STALE_HIGH_OPPORTUNITY,3877,34.0
2058,content_6c9efebc80333032,78.26596987334925,STALE_HIGH_OPPORTUNITY,3875,34.0
2059,content_ba932278147f9fe6,78.26596987334925,STALE_HIGH_OPPORTUNITY,3875,34.0
2060,content_e2dd51e49b8cf471,78.26385785809447,STALE_HIGH_OPPORTUNITY,3873,34.0
2061,content_ff4c0be31ed3815e,78.25667700622822,STALE_HIGH_OPPORTUNITY,3866,34.0
2062,content_a0890cb579d851f5,78.25667700622822,STALE_HIGH_OPPORTUNITY,3866,34.0
2063,content_f5a8da2443c79084,78.25667700622822,STALE_HIGH_OPPORTUNITY,3866,34.0
2064,content_094014896c6d8216,78.25583220012629,STALE_HIGH_OPPORTUNITY,3865,34.0
2065,content_ce578ec30688c04f,78.2553041963126,STALE_HIGH_OPPORTUNITY,3864,34.0
2066,content_144cd7cbc9fa0240,78.2553041963126,STALE_HIGH_OPPORTUNITY,3864,34.0
2067,content_ae552a6210eaee37,78.25329778182055,STALE_HIGH_OPPORTUNITY,3861,34.0
2068,content_34d68d47b74e37f8,78.25245297571864,STALE_HIGH_OPPORTUNITY,3860,34.0
2069,content_4bf1e37b4bee6869,78.2518193711422,STALE_HIGH_OPPORTUNITY,3859,34.0
2070,content_d2e59f2fb98810fd,78.24706733681893,STALE_HIGH_OPPORTUNITY,3854,34.0
2071,content_eb718417b19af7bd,78.24506092232689,STALE_HIGH_OPPORTUNITY,3852,34.0
2072,content_530070a62a20c003,78.24326570936032,STALE_HIGH_OPPORTUNITY,3850,34.0
2073,content_7263e7f2e8c29652,78.24220970173293,STALE_HIGH_OPPORTUNITY,3849,34.0
2074,content_72604908ccf80195,78.24220970173293,STALE_HIGH_OPPORTUNITY,3849,34.0
2075,content_6328d36d02a692ab,78.24073129105459,STALE_HIGH_OPPORTUNITY,3847,34.0
2076,content_146284a03c8832b6,78.23967528342719,STALE_HIGH_OPPORTUNITY,3846,34.0
2077,content_dde4686a1cbab801,78.23851367503705,STALE_HIGH_OPPORTUNITY,3845,34.0
2078,content_4453942ff75d1e5d,78.23692966359597,STALE_HIGH_OPPORTUNITY,3844,34.0
2079,content_c9654c103d139142,78.23692966359597,STALE_HIGH_OPPORTUNITY,3844,34.0
2080,content_5053bfde0fc58260,78.23399827527572,STALE_HIGH_OPPORTUNITY,287,113.0
2081,content_63cb4cfe95145aa0,78.22774239723766,STALE_HIGH_OPPORTUNITY,3836,34.0
2082,content_90090abb42a21a24,78.22721439342396,STALE_HIGH_OPPORTUNITY,3835,34.0
2083,content_ab7af04961da12b7,78.22658078884753,STALE_HIGH_OPPORTUNITY,3834,34.0
2084,content_dcf044f6f6d19625,78.22531357969466,STALE_HIGH_OPPORTUNITY,3832,34.0
2085,content_3b2ba0661c2858e9,78.2214063514733,STALE_HIGH_OPPORTUNITY,3828,34.0
2086,content_4700bed3f94c9f12,78.2214063514733,STALE_HIGH_OPPORTUNITY,3828,34.0
2087,content_51222353b702df80,78.22045594460866,STALE_HIGH_OPPORTUNITY,3827,34.0
2088,content_f7bfe868523ee975,78.2201766447286,STALE_HIGH_OPPORTUNITY,363,36.0
2089,content_817fca9874d56788,78.2201766447286,STALE_HIGH_OPPORTUNITY,363,36.0
2090,content_297bf0e580778151,78.2173935224892,STALE_HIGH_OPPORTUNITY,3824,34.0
2091,content_00ebdd386dec1453,78.21651288622002,STALE_HIGH_OPPORTUNITY,349,57.0
2092,content_57e2362bcc3d627b,78.21612631333635,STALE_HIGH_OPPORTUNITY,3823,34.0
2093,content_ec68f204b4e789f1,78.21243028664047,STALE_HIGH_OPPORTUNITY,3819,34.0
2094,content_dee8ca08302970d0,78.21243028664047,STALE_HIGH_OPPORTUNITY,3819,34.0
2095,content_4903034cbff27c5d,78.20979026757199,STALE_HIGH_OPPORTUNITY,3816,34.0
2096,content_39f64aede799e681,78.20894546147008,STALE_HIGH_OPPORTUNITY,3815,34.0
2097,content_bb3fbbd1a31a4298,78.20208141189202,STALE_HIGH_OPPORTUNITY,3806,34.0
2098,content_cd41498250b299b7,78.19912459053532,STALE_HIGH_OPPORTUNITY,3804,34.0
2099,content_bd00c70c6104a4cd,78.1955341646022,STALE_HIGH_OPPORTUNITY,3800,34.0
2100,content_721b6590d9b86cc9,78.19405575392385,STALE_HIGH_OPPORTUNITY,3798,34.0
2101,content_d14520b0db5be386,78.19226054095728,STALE_HIGH_OPPORTUNITY,3796,34.0
2102,content_4c99bbeaffa78ee0,78.19046532799072,STALE_HIGH_OPPORTUNITY,3795,34.0
2103,content_2bc684fe55ea6b92,78.18634689824388,STALE_HIGH_OPPORTUNITY,3790,34.0
2104,content_09504baea582b1a4,78.18529089061649,STALE_HIGH_OPPORTUNITY,3789,34.0
2105,content_98bc1fd4c27e3f69,78.18529089061649,STALE_HIGH_OPPORTUNITY,3789,34.0
2106,content_70b3be8c5cdf6406,78.18529089061649,STALE_HIGH_OPPORTUNITY,3789,34.0
2107,content_b7362ae314aa61d8,78.18529089061649,STALE_HIGH_OPPORTUNITY,3789,34.0
2108,content_1032cde8d53cafde,78.18307327459897,STALE_HIGH_OPPORTUNITY,3787,34.0
2109,content_9bba09085c5cb25f,78.18307327459897,STALE_HIGH_OPPORTUNITY,3787,34.0
2110,content_594c72bf6ee325f3,78.18307327459897,STALE_HIGH_OPPORTUNITY,3787,34.0
2111,content_c4694e6f93447153,78.18106686010692,STALE_HIGH_OPPORTUNITY,3784,34.0
2112,content_6f2cfcb16aaa16b0,78.18032765476774,STALE_HIGH_OPPORTUNITY,3783,34.0
2113,content_68077d417908814e,78.17948284866583,STALE_HIGH_OPPORTUNITY,3782,34.0
2114,content_61f093bcb3806d71,78.17863804256392,STALE_HIGH_OPPORTUNITY,3781,34.0
2115,content_3c286ded8bd68120,78.17314680290147,STALE_HIGH_OPPORTUNITY,3777,34.0
2116,content_83f4bbe3cf44b7d1,78.17219639603684,STALE_HIGH_OPPORTUNITY,3776,34.0
2117,content_6df7322d9021af72,78.16258672662755,STALE_HIGH_OPPORTUNITY,3765,34.0
2118,content_e56717f3c1397f76,78.16195312205113,STALE_HIGH_OPPORTUNITY,3764,34.0
2119,content_d3c967e5935425d6,78.16195312205113,STALE_HIGH_OPPORTUNITY,3764,34.0
2120,content_152e77d274f43d6d,78.16068591289826,STALE_HIGH_OPPORTUNITY,3762,34.0
2121,content_3c32f5cd8a7bc5d6,78.15857389764346,STALE_HIGH_OPPORTUNITY,3758,34.0
2122,content_2b736b09be5bdaa7,78.15783469230429,STALE_HIGH_OPPORTUNITY,3757,34.0
2123,content_403ed0a01af0f96e,78.15603947933772,STALE_HIGH_OPPORTUNITY,3755,34.0
2124,content_b023a72383c05c87,78.15371626255747,STALE_HIGH_OPPORTUNITY,3752,34.0
2125,content_0a3190ebaf5a0891,78.15223785187912,STALE_HIGH_OPPORTUNITY,3750,34.0
2126,content_4045720b2b6f4c21,78.15223785187912,STALE_HIGH_OPPORTUNITY,3750,34.0
2127,content_398ab360b2578f39,78.15107624348899,STALE_HIGH_OPPORTUNITY,3749,34.0
2128,content_9ac2bf6d2e7ed311,78.14959783281064,STALE_HIGH_OPPORTUNITY,3748,34.0
2129,content_607056919c8536b5,78.14685221297941,STALE_HIGH_OPPORTUNITY,3746,34.0
2130,content_3e066edcaa44a4ed,78.14558500382654,STALE_HIGH_OPPORTUNITY,3745,34.0
2131,content_a4ab82900ea520eb,78.14431779467368,STALE_HIGH_OPPORTUNITY,3744,34.0
2132,content_cecb782863091e80,78.13798174890931,STALE_HIGH_OPPORTUNITY,3739,34.0
2133,content_d90c3068f2e87c84,78.13291291229783,STALE_HIGH_OPPORTUNITY,3734,34.0
2134,content_291eecc22ecf294d,78.128794482551,STALE_HIGH_OPPORTUNITY,3729,34.0
2135,content_05be4b02633ddd1f,78.128794482551,STALE_HIGH_OPPORTUNITY,3729,34.0
2136,content_0599fe7fe386b596,78.12678806805896,STALE_HIGH_OPPORTUNITY,3726,34.0
2137,content_6e62e384fbcb3469,78.12594326195705,STALE_HIGH_OPPORTUNITY,3725,34.0
2138,content_7810cedc547b7ce6,78.12045202229461,STALE_HIGH_OPPORTUNITY,3720,34.0
2139,content_f01ff965c8cff1cb,78.12045202229461,STALE_HIGH_OPPORTUNITY,3720,34.0
2140,content_d55d406670993334,78.1185512085653,STALE_HIGH_OPPORTUNITY,3718,34.0
2141,content_dd8ff41d9378fdd5,78.1185512085653,STALE_HIGH_OPPORTUNITY,3718,34.0
2142,content_945b1500f9d42131,78.11696719712421,STALE_HIGH_OPPORTUNITY,3717,34.0
2143,content_278dbac90c492316,78.11499828504033,STALE_HIGH_OPPORTUNITY,356,36.0
2144,content_5279f263dcf19a9d,78.11432717805573,STALE_HIGH_OPPORTUNITY,3714,34.0
2145,content_7c76a8d6ef77a11a,78.1131655696656,STALE_HIGH_OPPORTUNITY,3712,34.0
2146,content_5ed97bb934cd6d69,78.11084235288534,STALE_HIGH_OPPORTUNITY,3710,34.0
2147,content_cfb480f8546410a0,78.10767433000316,STALE_HIGH_OPPORTUNITY,3708,34.0
2148,content_8bfa07b1442c24e2,78.10693512466399,STALE_HIGH_OPPORTUNITY,3707,34.0
2149,content_29ef06fe14443a8d,78.10693512466399,STALE_HIGH_OPPORTUNITY,3707,34.0
2150,content_3f5e8baeaccc17b2,78.10577351627386,STALE_HIGH_OPPORTUNITY,3706,34.0
2151,content_09f6af45faa04222,78.10577351627386,STALE_HIGH_OPPORTUNITY,3706,34.0
2152,content_26d30591fc3ade7a,78.10334469873087,STALE_HIGH_OPPORTUNITY,3704,34.0
2153,content_9e259e1791fd8a4e,78.1023942918662,STALE_HIGH_OPPORTUNITY,3703,34.0
2154,content_35264440fb6577b9,78.1004934781369,STALE_HIGH_OPPORTUNITY,3701,34.0
2155,content_8fb8fb6921f8d1a5,78.09933186974676,STALE_HIGH_OPPORTUNITY,3700,34.0
2156,content_19b8463743d421de,78.09827586211937,STALE_HIGH_OPPORTUNITY,3699,34.0
2157,content_a95099507f580ca9,78.0964806491528,STALE_HIGH_OPPORTUNITY,3697,34.0
2158,content_977888eb54267ae9,78.09489663771171,STALE_HIGH_OPPORTUNITY,3695,34.0
2159,content_2ca16e3d6c50519e,78.09204541711775,STALE_HIGH_OPPORTUNITY,3691,34.0
2160,content_6e9d25ad82100a1c,78.0803237324537,STALE_HIGH_OPPORTUNITY,3677,34.0
2161,content_4c6bc2201f3c8ba8,78.0803237324537,STALE_HIGH_OPPORTUNITY,3677,34.0
2162,content_65c88015c4874772,78.0789509225381,STALE_HIGH_OPPORTUNITY,3676,34.0
2163,content_2e25d5b2173dec24,78.077366911097,STALE_HIGH_OPPORTUNITY,3675,34.0
2164,content_0e292cb17820b113,78.077366911097,STALE_HIGH_OPPORTUNITY,3675,34.0
2165,content_f1e74dc1deb55ba1,78.074938093554,STALE_HIGH_OPPORTUNITY,3673,34.0
2166,content_d4475edc5b8d6897,78.07377648516388,STALE_HIGH_OPPORTUNITY,3672,34.0
2167,content_4837dc5eaa2df2f9,78.0721924737228,STALE_HIGH_OPPORTUNITY,3669,34.0
2168,content_8b658fcf9d2ff361,78.0721924737228,STALE_HIGH_OPPORTUNITY,3669,34.0
2169,content_9b7c73a6d823c391,78.07177007067182,STALE_HIGH_OPPORTUNITY,3668,34.0
2170,content_f9005069956bafb2,78.06997485770525,STALE_HIGH_OPPORTUNITY,3666,34.0
2171,content_e7b4a509f417ef1e,78.0684964470269,STALE_HIGH_OPPORTUNITY,3664,34.0
2172,content_4b01e31adb603a16,78.06744043939952,STALE_HIGH_OPPORTUNITY,3663,34.0
2173,content_8fc89bd807165cfa,78.0672667402822,STALE_HIGH_OPPORTUNITY,353,36.0
2174,content_0e15c66659bf6511,78.06649003253486,STALE_HIGH_OPPORTUNITY,3662,34.0
2175,content_371cad3b95e77c91,78.0646948195683,STALE_HIGH_OPPORTUNITY,3660,34.0
2176,content_35d1f03821390fb9,78.0636388119409,STALE_HIGH_OPPORTUNITY,3659,34.0
2177,content_c44b6355a8e2b418,78.0612099943979,STALE_HIGH_OPPORTUNITY,3656,34.0
2178,content_d91a5ccbd042f9f6,78.05920357990586,STALE_HIGH_OPPORTUNITY,3653,34.0
2179,content_29b1146be4f560bc,78.05920357990586,STALE_HIGH_OPPORTUNITY,3653,34.0
2180,content_e95c27bf915d44a7,78.0574083669393,STALE_HIGH_OPPORTUNITY,3652,34.0
2181,content_b47609adc5d8066a,78.0574083669393,STALE_HIGH_OPPORTUNITY,3652,34.0
2182,content_c063d4f18e9f6fc5,78.05592995626094,STALE_HIGH_OPPORTUNITY,3651,34.0
2183,content_e810722815c88dd4,78.05508515015903,STALE_HIGH_OPPORTUNITY,3650,34.0
2184,content_1372d8ac31bf84da,78.05424034405712,STALE_HIGH_OPPORTUNITY,3649,34.0
2185,content_b47c910b26f0c273,78.05311623807515,STALE_HIGH_OPPORTUNITY,352,36.0
2186,content_cfd458cec3f0c202,78.05181152651411,STALE_HIGH_OPPORTUNITY,3647,34.0
2187,content_79946b2cb7be2106,78.04729612675278,STALE_HIGH_OPPORTUNITY,277,113.0
2188,content_a469789751f443e2,78.04727069371631,STALE_HIGH_OPPORTUNITY,3641,34.0
2189,content_48639726700951df,78.04653148837716,STALE_HIGH_OPPORTUNITY,3640,34.0
2190,content_1f04dea389082543,78.04420827159689,STALE_HIGH_OPPORTUNITY,3638,34.0
2191,content_de3d38097e0bdf3a,78.04177945405388,STALE_HIGH_OPPORTUNITY,3636,34.0
2192,content_9f81d3e63749413e,78.0391394349854,STALE_HIGH_OPPORTUNITY,3633,34.0
2193,content_a094907dd4ad9410,78.03776662506979,STALE_HIGH_OPPORTUNITY,3632,34.0
2194,content_a0748c649306ca6f,78.03649941591692,STALE_HIGH_OPPORTUNITY,3631,34.0
2195,content_9404ae21204758a7,78.03649941591692,STALE_HIGH_OPPORTUNITY,3631,34.0
2196,content_80aabe7196fcfe71,78.03333139303474,STALE_HIGH_OPPORTUNITY,3629,34.0
2197,content_e65b07265a242c35,78.03174738159366,STALE_HIGH_OPPORTUNITY,3628,34.0
2198,content_979d47a42857d0ba,78.03005776938984,STALE_HIGH_OPPORTUNITY,3626,34.0
2199,content_ea43ab19a18d325a,78.02710094803314,STALE_HIGH_OPPORTUNITY,3623,34.0
2200,content_bb20c83862050d93,78.02583373888025,STALE_HIGH_OPPORTUNITY,3622,34.0
2201,content_654f067948d473ef,78.0248833320156,STALE_HIGH_OPPORTUNITY,3621,34.0
2202,content_5993b1e5619f092a,78.0248833320156,STALE_HIGH_OPPORTUNITY,3621,34.0
2203,content_fcd48ef26303d216,78.02361612286275,STALE_HIGH_OPPORTUNITY,3620,34.0
2204,content_a734f3a9ab7f3fdf,78.02182090989618,STALE_HIGH_OPPORTUNITY,3618,34.0
2205,content_6eac416815d16c22,78.02055370074329,STALE_HIGH_OPPORTUNITY,3617,34.0
2206,content_45121126094d0505,78.0191808908277,STALE_HIGH_OPPORTUNITY,3616,34.0
2207,content_04618f2f74d60260,78.01632967023373,STALE_HIGH_OPPORTUNITY,3614,34.0
2208,content_55fb2cf792668b2f,78.01632967023373,STALE_HIGH_OPPORTUNITY,3614,34.0
2209,content_f9749e682a3f54ad,78.01548486413182,STALE_HIGH_OPPORTUNITY,3613,34.0
2210,content_f146d3ce3ad5cea2,78.0146400580299,STALE_HIGH_OPPORTUNITY,3612,34.0
2211,content_e566dd54de604978,78.01372272160029,STALE_HIGH_OPPORTUNITY,365,35.0
2212,content_b1571f9699be75cb,78.01200003896142,STALE_HIGH_OPPORTUNITY,3609,34.0
2213,content_be2f0f6e73b24b39,78.01115523285951,STALE_HIGH_OPPORTUNITY,3608,34.0
2214,content_503a6d0b3a233110,78.00914881836746,STALE_HIGH_OPPORTUNITY,3606,34.0
2215,content_620161331ba9c6d7,78.00524159014611,STALE_HIGH_OPPORTUNITY,3602,34.0
2216,content_e6e6c55fa2660ac3,78.00239036955216,STALE_HIGH_OPPORTUNITY,3599,34.0
2217,content_3cdb874754664143,77.99816633904258,STALE_HIGH_OPPORTUNITY,3595,34.0
2218,content_1f0d9700debcabc0,77.99721593217794,STALE_HIGH_OPPORTUNITY,3594,34.0
2219,content_43b53de56a1e55e4,77.99573752149959,STALE_HIGH_OPPORTUNITY,3592,34.0
2220,content_4bc1862ef81f7333,77.99267509938015,STALE_HIGH_OPPORTUNITY,3588,34.0
2221,content_8b337bfc5d371c36,77.99056308412536,STALE_HIGH_OPPORTUNITY,3586,34.0
2222,content_abea1f633e71c0df,77.98919027420976,STALE_HIGH_OPPORTUNITY,3585,34.0
2223,content_05f68bef0a2d9f36,77.98919027420976,STALE_HIGH_OPPORTUNITY,3585,34.0
2224,content_7259d4f36a3c6cdb,77.98591665056483,STALE_HIGH_OPPORTUNITY,3582,34.0
2225,content_fa5395e98a8a7332,77.98369903454731,STALE_HIGH_OPPORTUNITY,3580,34.0
2226,content_90afddfee59f300a,77.98369903454731,STALE_HIGH_OPPORTUNITY,3580,34.0
2227,content_7f81670c12720c2f,77.98369903454731,STALE_HIGH_OPPORTUNITY,3580,34.0
2228,content_edfa1079f69b77b5,77.98243182539444,STALE_HIGH_OPPORTUNITY,3579,34.0
2229,content_7313463160c50b25,77.98084781395335,STALE_HIGH_OPPORTUNITY,3577,34.0
2230,content_db017da6cec6066d,77.98021420937692,STALE_HIGH_OPPORTUNITY,3576,34.0
2231,content_bd8e15161f422170,77.97789099259666,STALE_HIGH_OPPORTUNITY,3573,34.0
2232,content_248ae2c121b9616d,77.97789099259666,STALE_HIGH_OPPORTUNITY,3573,34.0
2233,content_2795e0a8b5325ec0,77.97630698115556,STALE_HIGH_OPPORTUNITY,3572,34.0
2234,content_7733bd1186b3f126,77.9750397720027,STALE_HIGH_OPPORTUNITY,3571,34.0
2235,content_d8894dc7c8f534a0,77.9750397720027,STALE_HIGH_OPPORTUNITY,3571,34.0
2236,content_77bae798faf69635,77.9739837643753,STALE_HIGH_OPPORTUNITY,3570,34.0
2237,content_a539f293e723c5ac,77.97282215598517,STALE_HIGH_OPPORTUNITY,3569,34.0
2238,content_9a2b2bb3538859ff,77.97144934606956,STALE_HIGH_OPPORTUNITY,3568,34.0
2239,content_aaccff67e3244af4,77.97144934606956,STALE_HIGH_OPPORTUNITY,3568,34.0
2240,content_0f78565a7ed3409a,77.96817572242465,STALE_HIGH_OPPORTUNITY,3565,34.0
2241,content_668184dcfc59092d,77.96817572242465,STALE_HIGH_OPPORTUNITY,3565,34.0
2242,content_86907d40101766e3,77.96120607208385,STALE_HIGH_OPPORTUNITY,3557,34.0
2243,content_21e8d964d24f46db,77.9588828553036,STALE_HIGH_OPPORTUNITY,3555,34.0
2244,content_45beb9923222e284,77.95444762326855,STALE_HIGH_OPPORTUNITY,3550,34.0
2245,content_f85c341995ba5954,77.95444762326855,STALE_HIGH_OPPORTUNITY,3550,34.0
2246,content_1bd52021eba47c5c,77.95275801106473,STALE_HIGH_OPPORTUNITY,3548,34.0
2247,content_6a24292c30a9d110,77.95180760420007,STALE_HIGH_OPPORTUNITY,3547,34.0
2248,content_a7a5f0d74ec03ce8,77.95180760420007,STALE_HIGH_OPPORTUNITY,3547,34.0
2249,content_97a7a8d913e042eb,77.95075159657267,STALE_HIGH_OPPORTUNITY,3546,34.0
2250,content_f605b4f6546abf4d,77.9500123912335,STALE_HIGH_OPPORTUNITY,3545,34.0
2251,content_619f9609644715b0,77.94906198436884,STALE_HIGH_OPPORTUNITY,3544,34.0
2252,content_a5e5b1e95050bd7c,77.94906198436884,STALE_HIGH_OPPORTUNITY,3544,34.0
2253,content_c1812fff3ef0ac9d,77.94716117063955,STALE_HIGH_OPPORTUNITY,3542,34.0
2254,content_1aeac607752115a7,77.94716117063955,STALE_HIGH_OPPORTUNITY,3542,34.0
2255,content_787dc6af3810bfe1,77.94599956224941,STALE_HIGH_OPPORTUNITY,3541,34.0
2256,content_8361a4d99174aee7,77.94526035691024,STALE_HIGH_OPPORTUNITY,3540,34.0
2257,content_6669e03b3855f609,77.94209233402806,STALE_HIGH_OPPORTUNITY,3537,34.0
2258,content_787b5229dfb9f4f6,77.94209233402806,STALE_HIGH_OPPORTUNITY,3537,34.0
2259,content_f645981e6097b0e3,77.93934671419683,STALE_HIGH_OPPORTUNITY,3534,34.0
2260,content_859aea13a20bb106,77.93818510580671,STALE_HIGH_OPPORTUNITY,3533,34.0
2261,content_baa83dd76e20140a,77.93818510580671,STALE_HIGH_OPPORTUNITY,3533,34.0
2262,content_29fc14cc164f00be,77.93818510580671,STALE_HIGH_OPPORTUNITY,3533,34.0
2263,content_5d5b3d0fd4c522b4,77.93818510580671,STALE_HIGH_OPPORTUNITY,3533,34.0
2264,content_4220fd834971ecf9,77.93248266461879,STALE_HIGH_OPPORTUNITY,3528,34.0
2265,content_31c5233585533e77,77.93248266461879,STALE_HIGH_OPPORTUNITY,3528,34.0
2266,content_676d15b6cebea749,77.93142665699139,STALE_HIGH_OPPORTUNITY,3527,34.0
2267,content_33251c2a7c6d15fb,77.93114735711134,STALE_HIGH_OPPORTUNITY,344,36.0
2268,content_702fcc3226d82233,77.9284698356347,STALE_HIGH_OPPORTUNITY,3523,34.0
2269,content_9badc29f462ff405,77.9284698356347,STALE_HIGH_OPPORTUNITY,3523,34.0
2270,content_245abfe69a24798e,77.92773063029551,STALE_HIGH_OPPORTUNITY,3522,34.0
2271,content_16ab92514d90b72b,77.92487940970156,STALE_HIGH_OPPORTUNITY,3518,34.0
2272,content_0593c57c9ebf903b,77.92076097995474,STALE_HIGH_OPPORTUNITY,3515,34.0
2273,content_99a2ff886f47408a,77.91769855783531,STALE_HIGH_OPPORTUNITY,3511,34.0
2274,content_56870084335b5f0a,77.91653694944517,STALE_HIGH_OPPORTUNITY,3510,34.0
2275,content_be0e91f79eacbbed,77.91569214334326,STALE_HIGH_OPPORTUNITY,3508,34.0
2276,content_de2863aa7f7b85ce,77.91358012808847,STALE_HIGH_OPPORTUNITY,3506,34.0
2277,content_b47d8a1cefc25dde,77.91358012808847,STALE_HIGH_OPPORTUNITY,3506,34.0
2278,content_c84d53fcdc7a0ae1,77.91220731817285,STALE_HIGH_OPPORTUNITY,3505,34.0
2279,content_282be08133ee60be,77.91115131054546,STALE_HIGH_OPPORTUNITY,3504,34.0
2280,content_54368f304237ccdd,77.91030650444355,STALE_HIGH_OPPORTUNITY,3503,34.0
2281,content_dcc383a3cf25a707,77.90956729910438,STALE_HIGH_OPPORTUNITY,3502,34.0
2282,content_e30bd100a0a9d5c1,77.90903929529068,STALE_HIGH_OPPORTUNITY,3501,34.0
2283,content_74e4afffd57fde47,77.90671607851041,STALE_HIGH_OPPORTUNITY,3498,34.0
2284,content_2e90ded887e3d017,77.90523766783207,STALE_HIGH_OPPORTUNITY,3497,34.0
2285,content_1ece9b9e04432a70,77.90523766783207,STALE_HIGH_OPPORTUNITY,3497,34.0
2286,content_22fd13cc8de5fc9a,77.90238644723811,STALE_HIGH_OPPORTUNITY,3495,34.0
2287,content_eb500f05f8f6c0cc,77.90238644723811,STALE_HIGH_OPPORTUNITY,3495,34.0
2288,content_402398e9ed87a85e,77.89890162206773,STALE_HIGH_OPPORTUNITY,3491,34.0
2289,content_45fc74f4e3c20846,77.89788311684848,STALE_HIGH_OPPORTUNITY,342,36.0
2290,content_a7cdba06bf98372e,77.89626160299923,STALE_HIGH_OPPORTUNITY,3488,34.0
2291,content_793fef2f182c4fa8,77.89478319232089,STALE_HIGH_OPPORTUNITY,3486,34.0
2292,content_2def3a59ce30da81,77.89288237859158,STALE_HIGH_OPPORTUNITY,3484,34.0
2293,content_41b47c7165e3c35a,77.8921431732524,STALE_HIGH_OPPORTUNITY,3483,34.0
2294,content_05253ec2ace17d1d,77.8912983671505,STALE_HIGH_OPPORTUNITY,3482,34.0
2295,content_cd8540b185c85f42,77.8912983671505,STALE_HIGH_OPPORTUNITY,3482,34.0
2296,content_b65b7eb367d00d31,77.88644073206449,STALE_HIGH_OPPORTUNITY,3477,34.0
2297,content_5808d5ebc508ab65,77.88559592596258,STALE_HIGH_OPPORTUNITY,3476,34.0
2298,content_f16c541b6bef66db,77.88453991833518,STALE_HIGH_OPPORTUNITY,3475,34.0
2299,content_fabbd29bba755e4d,77.88042148858835,STALE_HIGH_OPPORTUNITY,3471,34.0
2300,content_2cfa0a7a3858f69e,77.88042148858835,STALE_HIGH_OPPORTUNITY,3471,34.0
2301,content_fcb321049be4cf92,77.87925988019822,STALE_HIGH_OPPORTUNITY,3470,34.0
2302,content_895e6a2170648cf7,77.87809827180808,STALE_HIGH_OPPORTUNITY,3469,34.0
2303,content_ccf803ae79cd0c34,77.87271263290839,STALE_HIGH_OPPORTUNITY,3463,34.0
2304,content_d5b5b1b7a7122fc7,77.87155102451825,STALE_HIGH_OPPORTUNITY,3462,34.0
2305,content_1b893744b1d22f06,77.87007261383991,STALE_HIGH_OPPORTUNITY,3461,34.0
2306,content_fc58082f82bd7f19,77.87007261383991,STALE_HIGH_OPPORTUNITY,3461,34.0
2307,content_8b12d33d10a32a3a,77.87007261383991,STALE_HIGH_OPPORTUNITY,3461,34.0
2308,content_a8582bc625087e36,77.86838300163608,STALE_HIGH_OPPORTUNITY,3460,34.0
2309,content_60311742c55a91a3,77.86838300163608,STALE_HIGH_OPPORTUNITY,3460,34.0
2310,content_d1412eafd088d8c3,77.86774020151765,STALE_HIGH_OPPORTUNITY,312,62.0
2311,content_2ebd0e43aadb0513,77.86658778866952,STALE_HIGH_OPPORTUNITY,3458,34.0
2312,content_cc19c0bc73f696c8,77.86500377722844,STALE_HIGH_OPPORTUNITY,3457,34.0
2313,content_3c490f36f7a02fe5,77.85877333222682,STALE_HIGH_OPPORTUNITY,3452,34.0
2314,content_437d64ee34dba654,77.85877333222682,STALE_HIGH_OPPORTUNITY,3452,34.0
2315,content_0f7cf554a615ae13,77.85750612307395,STALE_HIGH_OPPORTUNITY,3451,34.0
2316,content_06843dde8c358925,77.85750612307395,STALE_HIGH_OPPORTUNITY,3451,34.0
2317,content_74db463232f8a016,77.85370449561532,STALE_HIGH_OPPORTUNITY,3447,34.0
2318,content_6d12ff008eb3b751,77.85275408875067,STALE_HIGH_OPPORTUNITY,3446,34.0
2319,content_5edbd636566e670c,77.84853005824111,STALE_HIGH_OPPORTUNITY,3442,34.0
2320,content_bc779d8abea25ce6,77.84705164756276,STALE_HIGH_OPPORTUNITY,3441,34.0
2321,content_54c5c62ed106b05f,77.84705164756276,STALE_HIGH_OPPORTUNITY,3441,34.0
2322,content_bfdbc008fd76d29c,77.84599563993537,STALE_HIGH_OPPORTUNITY,3439,34.0
2323,content_722104f569807098,77.84599563993537,STALE_HIGH_OPPORTUNITY,3439,34.0
2324,content_9fc773a5ce66e29c,77.8447284307825,STALE_HIGH_OPPORTUNITY,3438,34.0
2325,content_d10984db3a0a151b,77.84240521400224,STALE_HIGH_OPPORTUNITY,3436,34.0
2326,content_91c7c8c94dd61ea7,77.8388147880691,STALE_HIGH_OPPORTUNITY,3433,34.0
2327,content_6bd138cec2a00df4,77.83754757891623,STALE_HIGH_OPPORTUNITY,3431,34.0
2328,content_c22c2af45212b0f8,77.83670277281432,STALE_HIGH_OPPORTUNITY,3430,34.0
2329,content_a520f93b8596896d,77.83596356747515,STALE_HIGH_OPPORTUNITY,3429,34.0
2330,content_67899b8a412824fb,77.83596356747515,STALE_HIGH_OPPORTUNITY,3429,34.0
2331,content_30da7ef1a9b8153f,77.83395715298309,STALE_HIGH_OPPORTUNITY,3426,34.0
2332,content_e01b3ff5082500dd,77.83026112628723,STALE_HIGH_OPPORTUNITY,3420,34.0
2333,content_34eeeef59d5960d1,77.82899391713434,STALE_HIGH_OPPORTUNITY,3419,34.0
2334,content_76dbf263343ff057,77.82899391713434,STALE_HIGH_OPPORTUNITY,3419,34.0
2335,content_7d964a8a42895d54,77.82762110721875,STALE_HIGH_OPPORTUNITY,3418,34.0
2336,content_a99edf31732e154c,77.82762110721875,STALE_HIGH_OPPORTUNITY,3418,34.0
2337,content_859f92e2ef39da3d,77.82392508052287,STALE_HIGH_OPPORTUNITY,3415,34.0
2338,content_5aab82f387ff4901,77.82139066221713,STALE_HIGH_OPPORTUNITY,3412,34.0
2339,content_a7439490bab4a805,77.81706103094481,STALE_HIGH_OPPORTUNITY,3408,34.0
2340,content_e913026a6ef2923b,77.81315380272346,STALE_HIGH_OPPORTUNITY,3403,34.0
2341,content_dde350226117689c,77.81315380272346,STALE_HIGH_OPPORTUNITY,3403,34.0
2342,content_7bcbbb1ae1e64c1f,77.81167539204512,STALE_HIGH_OPPORTUNITY,3402,34.0
2343,content_faa699cc0ca64099,77.81061938441772,STALE_HIGH_OPPORTUNITY,3401,34.0
2344,content_778c1b0c2f0ae507,77.81061938441772,STALE_HIGH_OPPORTUNITY,3401,34.0
2345,content_ecd06e77e5476a05,77.80966897755307,STALE_HIGH_OPPORTUNITY,3400,34.0
2346,content_ec0b5a5922e1b882,77.80850736916295,STALE_HIGH_OPPORTUNITY,3399,34.0
2347,content_c6e7a8523db405a5,77.80639535390816,STALE_HIGH_OPPORTUNITY,3397,34.0
2348,content_873aee6e75448328,77.80639535390816,STALE_HIGH_OPPORTUNITY,3397,34.0
2349,content_c35fbcbc92fd701d,77.80639535390816,STALE_HIGH_OPPORTUNITY,3397,34.0
2350,content_60bb325071ac6048,77.80491694322981,STALE_HIGH_OPPORTUNITY,3396,34.0
2351,content_446f921a1c109fc1,77.80301612950049,STALE_HIGH_OPPORTUNITY,3394,34.0
2352,content_4abc203d4d2417f7,77.80301612950049,STALE_HIGH_OPPORTUNITY,3394,34.0
2353,content_fd007fda4887fb7f,77.80301612950049,STALE_HIGH_OPPORTUNITY,3394,34.0
2354,content_9cf34383c285ef7d,77.80196012187311,STALE_HIGH_OPPORTUNITY,3393,34.0
2355,content_332183ea04bf4de4,77.80143211805941,STALE_HIGH_OPPORTUNITY,3392,34.0
2356,content_8a1071bc1c4b7265,77.79963690509285,STALE_HIGH_OPPORTUNITY,3389,34.0
2357,content_60d2848f0cb872d2,77.79889769975368,STALE_HIGH_OPPORTUNITY,3388,34.0
2358,content_70298f2497e05ecd,77.79889769975368,STALE_HIGH_OPPORTUNITY,3388,34.0
2359,content_9ad8b3a2eca5ab4c,77.79752488983806,STALE_HIGH_OPPORTUNITY,3386,34.0
2360,content_efe343da4fcdb5f5,77.79752488983806,STALE_HIGH_OPPORTUNITY,3386,34.0
2361,content_19b9d11cc3297a1f,77.79615207992246,STALE_HIGH_OPPORTUNITY,3385,34.0
2362,content_70b778446a3e4963,77.7943568669559,STALE_HIGH_OPPORTUNITY,3384,34.0
2363,content_12efca53644691de,77.7943568669559,STALE_HIGH_OPPORTUNITY,3384,34.0
2364,content_937de779aeda50b4,77.79171684788741,STALE_HIGH_OPPORTUNITY,3381,34.0
2365,content_cc74a8d21e0b82c0,77.79171684788741,STALE_HIGH_OPPORTUNITY,3381,34.0
2366,content_422b8381450181bd,77.79171684788741,STALE_HIGH_OPPORTUNITY,3381,34.0
2367,content_a969755ebe7b631e,77.79171684788741,STALE_HIGH_OPPORTUNITY,3381,34.0
2368,content_5fdb9cb7530bd89b,77.78992163492084,STALE_HIGH_OPPORTUNITY,3380,34.0
2369,content_f8c901ae5c48a387,77.78844322424249,STALE_HIGH_OPPORTUNITY,3379,34.0
2370,content_11d2f7c5ae1e4c05,77.78844322424249,STALE_HIGH_OPPORTUNITY,3379,34.0
2371,content_1cb1fb3592eaa6cd,77.78643680975044,STALE_HIGH_OPPORTUNITY,3377,34.0
2372,content_dc61e6703f4604b3,77.7835174908019,STALE_HIGH_OPPORTUNITY,335,36.0
2373,content_c66497f0a170143b,77.78252958152909,STALE_HIGH_OPPORTUNITY,3372,34.0
2374,content_0303f2c3de48a186,77.78136797313896,STALE_HIGH_OPPORTUNITY,3371,34.0
2375,content_fa6b5b89f68632a9,77.78052316703705,STALE_HIGH_OPPORTUNITY,3370,34.0
2376,content_5c9624b5719a2697,77.77915035712144,STALE_HIGH_OPPORTUNITY,3369,34.0
2377,content_63a96248b5af968a,77.77915035712144,STALE_HIGH_OPPORTUNITY,3369,34.0
2378,content_31ba1d74fb260d85,77.77915035712144,STALE_HIGH_OPPORTUNITY,3369,34.0
2379,content_04c99e0caa61a9fb,77.77915035712144,STALE_HIGH_OPPORTUNITY,3369,34.0
2380,content_ed38b95c56a923e9,77.77302551288257,STALE_HIGH_OPPORTUNITY,3364,34.0
2381,content_2fb1d8e86504cac6,77.77080789686504,STALE_HIGH_OPPORTUNITY,3362,34.0
2382,content_0e2fe3a3feafc7cb,77.76932948618669,STALE_HIGH_OPPORTUNITY,3360,34.0
2383,content_c7ae5efce2298c8c,77.76542225796534,STALE_HIGH_OPPORTUNITY,3356,34.0
2384,content_373db39ea6bd623e,77.76542225796534,STALE_HIGH_OPPORTUNITY,3356,34.0
2385,content_4291474080cd25ea,77.76415504881247,STALE_HIGH_OPPORTUNITY,3355,34.0
2386,content_fa9131f1743ae0ae,77.76320464194781,STALE_HIGH_OPPORTUNITY,3354,34.0
2387,content_80ea08cff94eb8d6,77.75961421601468,STALE_HIGH_OPPORTUNITY,3351,34.0
2388,content_ee7ba5265c3117b7,77.75961421601468,STALE_HIGH_OPPORTUNITY,3351,34.0
2389,content_52208600b5deee2d,77.75961421601468,STALE_HIGH_OPPORTUNITY,3351,34.0
2390,content_d99e72ed1ab97c33,77.7569741969462,STALE_HIGH_OPPORTUNITY,3348,34.0
2391,content_9d8d03c9437b60b5,77.7569741969462,STALE_HIGH_OPPORTUNITY,3348,34.0
2392,content_35a422fef78c4f09,77.75306696872485,STALE_HIGH_OPPORTUNITY,3345,34.0
2393,content_e0378db61318fdc6,77.75042694965636,STALE_HIGH_OPPORTUNITY,3342,34.0
2394,content_9bd01c1141489b2b,77.75042694965636,STALE_HIGH_OPPORTUNITY,3342,34.0
2395,content_25652d8fea4c0c08,77.75042694965636,STALE_HIGH_OPPORTUNITY,3342,34.0
2396,content_c599d5f015459ca7,77.74926534126624,STALE_HIGH_OPPORTUNITY,3341,34.0
2397,content_5f5af43d464dfcba,77.74789253135063,STALE_HIGH_OPPORTUNITY,3340,34.0
2398,content_06bf2605d5f0fd1b,77.74789253135063,STALE_HIGH_OPPORTUNITY,3340,34.0
2399,content_b53449e6366567a5,77.74662532219776,STALE_HIGH_OPPORTUNITY,3339,34.0
2400,content_4cb3a70a97e5b5d7,77.74546371380762,STALE_HIGH_OPPORTUNITY,3338,34.0
2401,content_cf106fb2444dc7d3,77.74419650465475,STALE_HIGH_OPPORTUNITY,3337,34.0
2402,content_dd73414a8a66ba1c,77.74092288100984,STALE_HIGH_OPPORTUNITY,3334,34.0
2403,content_e2b00cf5e0fb562b,77.7389164665178,STALE_HIGH_OPPORTUNITY,3332,34.0
2404,content_050bea914e39ff9b,77.73754365660218,STALE_HIGH_OPPORTUNITY,3331,34.0
2405,content_deec6035d107428c,77.73754365660218,STALE_HIGH_OPPORTUNITY,3331,34.0
2406,content_73efad826d7312cd,77.73553724211014,STALE_HIGH_OPPORTUNITY,3329,34.0
2407,content_73572d02cdc30051,77.73236921922796,STALE_HIGH_OPPORTUNITY,3326,34.0
2408,content_df98701ed61f8409,77.73236921922796,STALE_HIGH_OPPORTUNITY,3326,34.0
2409,content_299c295b9d0c3b00,77.7300460024477,STALE_HIGH_OPPORTUNITY,3324,34.0
2410,content_e50754b4657a9519,77.7300460024477,STALE_HIGH_OPPORTUNITY,3324,34.0
2411,content_3e02b1de25883066,77.72867319253209,STALE_HIGH_OPPORTUNITY,3323,34.0
2412,content_352fb8d5156a92fe,77.72592757270087,STALE_HIGH_OPPORTUNITY,3321,34.0
2413,content_0b2ebef7819e9e6c,77.72592757270087,STALE_HIGH_OPPORTUNITY,3321,34.0
2414,content_85316fc7aa490cb7,77.72455476278526,STALE_HIGH_OPPORTUNITY,3319,34.0
2415,content_bb2bbc92143c40ac,77.72402675897156,STALE_HIGH_OPPORTUNITY,3318,34.0
2416,content_2dc4ebb597f731ba,77.7230763521069,STALE_HIGH_OPPORTUNITY,3317,34.0
2417,content_27af4f2c15b552ae,77.7230763521069,STALE_HIGH_OPPORTUNITY,3317,34.0
2418,content_bdc656fc8f037ac0,77.72132156529587,STALE_HIGH_OPPORTUNITY,190,141.0
2419,content_582b3ab8d4fcfa9e,77.71916912388556,STALE_HIGH_OPPORTUNITY,3312,34.0
2420,content_6cc8a782758d6512,77.7182187170209,STALE_HIGH_OPPORTUNITY,3311,34.0
2421,content_64d71ddacf5db532,77.71568429871516,STALE_HIGH_OPPORTUNITY,3309,34.0
2422,content_03b6cc2c49425c96,77.7144170895623,STALE_HIGH_OPPORTUNITY,3307,34.0
2423,content_f497080e3750e1f0,77.71177707049381,STALE_HIGH_OPPORTUNITY,3304,34.0
2424,content_7a85e07ff4f6a057,77.71177707049381,STALE_HIGH_OPPORTUNITY,3304,34.0
2425,content_71448ac0ae786a8d,77.71072106286641,STALE_HIGH_OPPORTUNITY,3303,34.0
2426,content_1716da1a70d3c6f6,77.70544102472945,STALE_HIGH_OPPORTUNITY,3299,34.0
2427,content_556d566fd394ba3a,77.70343461023741,STALE_HIGH_OPPORTUNITY,3298,34.0
2428,content_4c38dbe647562c06,77.70343461023741,STALE_HIGH_OPPORTUNITY,3298,34.0
2429,content_9345c24d1dbda27d,77.70195619955906,STALE_HIGH_OPPORTUNITY,3297,34.0
2430,content_f077f831478c1113,77.70195619955906,STALE_HIGH_OPPORTUNITY,3297,34.0
2431,content_59b2b50e23884c5d,77.69963298277881,STALE_HIGH_OPPORTUNITY,3294,34.0
2432,content_07b93fe0b74dc434,77.69847137438867,STALE_HIGH_OPPORTUNITY,3293,34.0
2433,content_62422da5f7219441,77.69847137438867,STALE_HIGH_OPPORTUNITY,3293,34.0
2434,content_370f0777271454fe,77.69519775074376,STALE_HIGH_OPPORTUNITY,3288,34.0
2435,content_803195d93ba837aa,77.6947753476928,STALE_HIGH_OPPORTUNITY,3287,34.0
2436,content_66b2f12fa4ad3b3e,77.69171292557337,STALE_HIGH_OPPORTUNITY,3284,34.0
2437,content_090d9ef5298f9257,77.69065691794596,STALE_HIGH_OPPORTUNITY,3283,34.0
2438,content_f7ad2f55a1a1ac2b,77.68358166684243,STALE_HIGH_OPPORTUNITY,3278,34.0
2439,content_d87c045a13ecf354,77.68189205463861,STALE_HIGH_OPPORTUNITY,3276,34.0
2440,content_c287019e9b7219a0,77.67988564014657,STALE_HIGH_OPPORTUNITY,3274,34.0
2441,content_4e2db03216542d37,77.67988564014657,STALE_HIGH_OPPORTUNITY,3274,34.0
2442,content_8aa7bc3a9353f498,77.67830162870547,STALE_HIGH_OPPORTUNITY,3273,34.0
2443,content_d526ed83f86746f2,77.67597841192521,STALE_HIGH_OPPORTUNITY,3271,34.0
2444,content_1dcadf221f6ad7c4,77.67481680353508,STALE_HIGH_OPPORTUNITY,3269,34.0
2445,content_d36385ed19b541e7,77.67397199743317,STALE_HIGH_OPPORTUNITY,3268,34.0
2446,content_ed705ca7c2627b1f,77.67112077683922,STALE_HIGH_OPPORTUNITY,3265,34.0
2447,content_7f944ca9e8d01668,77.67048717226278,STALE_HIGH_OPPORTUNITY,3264,34.0
2448,content_9fb9c8eb7d0813e6,77.66953676539812,STALE_HIGH_OPPORTUNITY,3263,34.0
2449,content_e8fcd0bf5321f8d9,77.66531273488856,STALE_HIGH_OPPORTUNITY,3260,34.0
2450,content_c5984f33ebc5fae9,77.66531273488856,STALE_HIGH_OPPORTUNITY,3260,34.0
2451,content_0bbd214ddaf03861,77.66531273488856,STALE_HIGH_OPPORTUNITY,3260,34.0
2452,content_b6b37bd7450ce809,77.6619335104809,STALE_HIGH_OPPORTUNITY,3257,34.0
2453,content_3225c2fa3f0b2ded,77.6619335104809,STALE_HIGH_OPPORTUNITY,3257,34.0
2454,content_6630cd74d778a9f5,77.6605607005653,STALE_HIGH_OPPORTUNITY,3256,34.0
2455,content_ad628fe6604aaa16,77.6605607005653,STALE_HIGH_OPPORTUNITY,3256,34.0
2456,content_0e737fd96ce3a5ec,77.65908228988695,STALE_HIGH_OPPORTUNITY,3255,34.0
2457,content_aa1cc7d0f342e4ae,77.65633667005572,STALE_HIGH_OPPORTUNITY,3252,34.0
2458,content_bc7eb5e337df00b9,77.65633667005572,STALE_HIGH_OPPORTUNITY,3252,34.0
2459,content_876551616f7894f3,77.65496386014011,STALE_HIGH_OPPORTUNITY,3251,34.0
2460,content_907ab15f08b494bf,77.65496386014011,STALE_HIGH_OPPORTUNITY,3251,34.0
2461,content_8bd4240cbcb21fdb,77.65496386014011,STALE_HIGH_OPPORTUNITY,3251,34.0
2462,content_89c837c38bb44421,77.65369665098724,STALE_HIGH_OPPORTUNITY,3250,34.0
2463,content_02e16708fba8570e,77.65264064335985,STALE_HIGH_OPPORTUNITY,3249,34.0
2464,content_e2cebffbabe7df9f,77.64978942276588,STALE_HIGH_OPPORTUNITY,3246,34.0
2465,content_ba1128e943f64a9b,77.64978942276588,STALE_HIGH_OPPORTUNITY,3246,34.0
2466,content_733706fbb1bad5c9,77.64725500446015,STALE_HIGH_OPPORTUNITY,3243,34.0
2467,content_cab35c667bc10bf3,77.64366457852701,STALE_HIGH_OPPORTUNITY,3239,34.0
2468,content_77e19a6ea985fc0e,77.64134136174675,STALE_HIGH_OPPORTUNITY,3237,34.0
2469,content_61ee542251990361,77.63849014115279,STALE_HIGH_OPPORTUNITY,3234,34.0
2470,content_404daf9d3b2974ca,77.63849014115279,STALE_HIGH_OPPORTUNITY,3234,34.0
2471,content_41a2e21b7a40bc97,77.63616692437253,STALE_HIGH_OPPORTUNITY,3232,34.0
2472,content_abf071efc392b095,77.63489971521966,STALE_HIGH_OPPORTUNITY,3231,34.0
2473,content_0072fcb2b9e2249e,77.63384370759226,STALE_HIGH_OPPORTUNITY,3230,34.0
2474,content_a6d17519b0c87493,77.63278769996488,STALE_HIGH_OPPORTUNITY,3229,34.0
2475,content_38c9f079ccade869,77.63046448318461,STALE_HIGH_OPPORTUNITY,3227,34.0
2476,content_011b906b1fb03e53,77.63046448318461,STALE_HIGH_OPPORTUNITY,3227,34.0
2477,content_67b88b9a32c8d3b7,77.62940847555721,STALE_HIGH_OPPORTUNITY,3226,34.0
2478,content_7cbfc4fd66b17b30,77.62940847555721,STALE_HIGH_OPPORTUNITY,3226,34.0
2479,content_f05710a5f14c461e,77.6271908595397,STALE_HIGH_OPPORTUNITY,3224,34.0
2480,content_79870ec4bc596bdc,77.62423403818299,STALE_HIGH_OPPORTUNITY,3221,34.0
2481,content_4ddb6e1a5f378a2b,77.62180522063998,STALE_HIGH_OPPORTUNITY,3219,34.0
2482,content_7fe33f3364230680,77.62180522063998,STALE_HIGH_OPPORTUNITY,3219,34.0
2483,content_0fd2c6cd4bc473cb,77.62043241072439,STALE_HIGH_OPPORTUNITY,3218,34.0
2484,content_cbe96853dbbe9974,77.62043241072439,STALE_HIGH_OPPORTUNITY,3218,34.0
2485,content_887500ab96b21adf,77.61578597716385,STALE_HIGH_OPPORTUNITY,3214,34.0
2486,content_5dba6ab5c5793910,77.6148355702992,STALE_HIGH_OPPORTUNITY,3213,34.0
2487,content_5a6ffbb6e1907e6b,77.61377956267181,STALE_HIGH_OPPORTUNITY,3212,34.0
2488,content_e1ad2e72f11bd9d7,77.61377956267181,STALE_HIGH_OPPORTUNITY,3212,34.0
2489,content_6f3c6055c21669c6,77.61219555123073,STALE_HIGH_OPPORTUNITY,3210,34.0
2490,content_27e3c971b8b3a26d,77.61018913673868,STALE_HIGH_OPPORTUNITY,3208,34.0
2491,content_6c803d2139652faf,77.60860512529759,STALE_HIGH_OPPORTUNITY,3207,34.0
2492,content_9446babfd4a5276d,77.6064931100428,STALE_HIGH_OPPORTUNITY,3205,34.0
2493,content_5f0491627f8fdab1,77.6056483039409,STALE_HIGH_OPPORTUNITY,3204,34.0
2494,content_061dadb82c47100b,77.6045922963135,STALE_HIGH_OPPORTUNITY,3203,34.0
2495,content_a98e44076884d2b4,77.6045922963135,STALE_HIGH_OPPORTUNITY,3203,34.0
2496,content_b75c183a78f34a0c,77.60311388563515,STALE_HIGH_OPPORTUNITY,3202,34.0
2497,content_f9e655fe49b1a6c2,77.60163547495681,STALE_HIGH_OPPORTUNITY,3201,34.0
2498,content_dd1f9e7d3a6ef6f7,77.60163547495681,STALE_HIGH_OPPORTUNITY,3201,34.0
2499,content_771b1a6edf222c87,77.60047386656667,STALE_HIGH_OPPORTUNITY,3200,34.0
2500,content_2a518dc270a0c850,77.59931225817655,STALE_HIGH_OPPORTUNITY,3199,34.0
2501,content_ad2492c6dfe7e435,77.59931225817655,STALE_HIGH_OPPORTUNITY,3199,34.0
2502,content_9e781ccd8c05994c,77.59720024292176,STALE_HIGH_OPPORTUNITY,3197,34.0
2503,content_30dc3230d64d219f,77.59720024292176,STALE_HIGH_OPPORTUNITY,3197,34.0
2504,content_949b09ed5d3a5074,77.5962498360571,STALE_HIGH_OPPORTUNITY,3196,34.0
2505,content_803b988c8d875a37,77.59434902232779,STALE_HIGH_OPPORTUNITY,3194,34.0
2506,content_6332e6b58407c685,77.59234260783575,STALE_HIGH_OPPORTUNITY,3192,34.0
2507,content_c1f0f8730d82c0d6,77.59234260783575,STALE_HIGH_OPPORTUNITY,3192,34.0
2508,content_833c2befb46e4375,77.59234260783575,STALE_HIGH_OPPORTUNITY,3192,34.0
2509,content_b59266e5fe818ad7,77.58991379029274,STALE_HIGH_OPPORTUNITY,3190,34.0
2510,content_2d0a6e1fb3d9def9,77.58843537961441,STALE_HIGH_OPPORTUNITY,3189,34.0
2511,content_f4fe6d48eaca56bc,77.5819937330873,STALE_HIGH_OPPORTUNITY,3183,34.0
2512,content_db25f2cadd1624c0,77.5819937330873,STALE_HIGH_OPPORTUNITY,3183,34.0
2513,content_b0dec1ea6b911679,77.57956491554431,STALE_HIGH_OPPORTUNITY,3181,34.0
2514,content_70f305b14397dcb5,77.57956491554431,STALE_HIGH_OPPORTUNITY,3181,34.0
2515,content_65a9c06106f5887e,77.57850890791691,STALE_HIGH_OPPORTUNITY,3180,34.0
2516,content_9583f994f773d773,77.57755850105225,STALE_HIGH_OPPORTUNITY,3179,34.0
2517,content_f2a3303cf05e9068,77.57491848198379,STALE_HIGH_OPPORTUNITY,3177,34.0
2518,content_3e347852d46ad088,77.5722784629153,STALE_HIGH_OPPORTUNITY,3175,34.0
2519,content_0110b9e0f571c404,77.57132805605065,STALE_HIGH_OPPORTUNITY,3174,34.0
2520,content_bcf9a58bb1733b21,77.57006084689777,STALE_HIGH_OPPORTUNITY,3173,34.0
2521,content_29fc9ec7f6d9780e,77.57006084689777,STALE_HIGH_OPPORTUNITY,3173,34.0
2522,content_0f25e7ed2951ef7a,77.56868803698217,STALE_HIGH_OPPORTUNITY,3172,34.0
2523,content_6f0dbe3e503b7401,77.5680487703194,STALE_HIGH_OPPORTUNITY,239,131.0
2524,content_cc1a716435ab3639,77.56678722325285,STALE_HIGH_OPPORTUNITY,3170,34.0
2525,content_0eaf8fa3137f66f5,77.563091196557,STALE_HIGH_OPPORTUNITY,3167,34.0
2526,content_9d9d9d2d556a7b5f,77.55865596452195,STALE_HIGH_OPPORTUNITY,3163,34.0
2527,content_649c104defb909ce,77.55770555765729,STALE_HIGH_OPPORTUNITY,3162,34.0
2528,content_3ef2069680c58e33,77.55654394926715,STALE_HIGH_OPPORTUNITY,3161,34.0
2529,content_012789df04567696,77.55654394926715,STALE_HIGH_OPPORTUNITY,3161,34.0
2530,content_3f8e4a26328d39eb,77.55453753477511,STALE_HIGH_OPPORTUNITY,3159,34.0
2531,content_4587d8493fafb641,77.55158071341842,STALE_HIGH_OPPORTUNITY,3156,34.0
2532,content_42dce6df47907b0f,77.55158071341842,STALE_HIGH_OPPORTUNITY,3156,34.0
2533,content_096a16064d4b1620,77.55158071341842,STALE_HIGH_OPPORTUNITY,3156,34.0
2534,content_a8fc72fe1f752162,77.55010230274006,STALE_HIGH_OPPORTUNITY,3155,34.0
2535,content_d090ffb2648a4c21,77.54872949282446,STALE_HIGH_OPPORTUNITY,3154,34.0
2536,content_15fdb78435875738,77.5467230783324,STALE_HIGH_OPPORTUNITY,3152,34.0
2537,content_e8216725aab06301,77.5453502684168,STALE_HIGH_OPPORTUNITY,3150,34.0
2538,content_725292d6a5dea06d,77.5453502684168,STALE_HIGH_OPPORTUNITY,3150,34.0
2539,content_76d9fad7ec4004cb,77.54439986155214,STALE_HIGH_OPPORTUNITY,3149,34.0
2540,content_36f81c0a30a44eee,77.54313265239928,STALE_HIGH_OPPORTUNITY,3148,34.0
2541,content_8486773c882a7fce,77.54123183866996,STALE_HIGH_OPPORTUNITY,3146,34.0
2542,content_9dc5882dd84157fb,77.54123183866996,STALE_HIGH_OPPORTUNITY,3146,34.0
2543,content_9b08e199ceba8516,77.54017583104257,STALE_HIGH_OPPORTUNITY,3145,34.0
2544,content_eaf7dd59c7455c8d,77.53774701349957,STALE_HIGH_OPPORTUNITY,3142,34.0
2545,content_1b92338413408914,77.53299497917631,STALE_HIGH_OPPORTUNITY,3138,34.0
2546,content_89d341dd1bcb444d,77.5316221692607,STALE_HIGH_OPPORTUNITY,3137,34.0
2547,content_cf3b16385e2b0dfa,77.5316221692607,STALE_HIGH_OPPORTUNITY,3137,34.0
2548,content_12989512e4979852,77.5300381578196,STALE_HIGH_OPPORTUNITY,3136,34.0
2549,content_b2353c12b56e99d5,77.52855974714126,STALE_HIGH_OPPORTUNITY,3135,34.0
2550,content_80c6b07b1c5a3e95,77.52739813875112,STALE_HIGH_OPPORTUNITY,3134,34.0
2551,content_8120417083595a18,77.52634213112374,STALE_HIGH_OPPORTUNITY,3133,34.0
2552,content_0afef9b6bb0e54ba,77.52507492197087,STALE_HIGH_OPPORTUNITY,3132,34.0
2553,content_21ec4578aeef71ef,77.52359651129251,STALE_HIGH_OPPORTUNITY,3131,34.0
2554,content_37231039057f2946,77.52359651129251,STALE_HIGH_OPPORTUNITY,3131,34.0
2555,content_a4873a84ebec6277,77.52190689908869,STALE_HIGH_OPPORTUNITY,3130,34.0
2556,content_abb5c21401c99de2,77.52067276037086,STALE_HIGH_OPPORTUNITY,333,35.0
2557,content_9235a96c865d8684,77.52053408917307,STALE_HIGH_OPPORTUNITY,3129,34.0
2558,content_f9019da31d9e0caf,77.52053408917307,STALE_HIGH_OPPORTUNITY,3129,34.0
2559,content_d1dfa767ec35361d,77.51916127925746,STALE_HIGH_OPPORTUNITY,3128,34.0
2560,content_eefefa71c54a5214,77.51747166705364,STALE_HIGH_OPPORTUNITY,3127,34.0
2561,content_ded11964674462d4,77.51747166705364,STALE_HIGH_OPPORTUNITY,3127,34.0
2562,content_4dd82e0ade7f2f18,77.51557085332433,STALE_HIGH_OPPORTUNITY,3126,34.0
2563,content_87031b7e4e011dcc,77.51398684188325,STALE_HIGH_OPPORTUNITY,3125,34.0
2564,content_3ba9ee5a4124e9ca,77.50881240450903,STALE_HIGH_OPPORTUNITY,3120,34.0
2565,content_fbba03b7eb561c3f,77.50532757933863,STALE_HIGH_OPPORTUNITY,3117,34.0
2566,content_252d646934f6f7c8,77.50395476942303,STALE_HIGH_OPPORTUNITY,3116,34.0
2567,content_6cb553590c2f3d9c,77.50395476942303,STALE_HIGH_OPPORTUNITY,3116,34.0
2568,content_571991ba59ea0396,77.499097134337,STALE_HIGH_OPPORTUNITY,3109,34.0
2569,content_43aa81dd5129441e,77.499097134337,STALE_HIGH_OPPORTUNITY,3109,34.0
2570,content_e010250e6067ce33,77.499097134337,STALE_HIGH_OPPORTUNITY,3109,34.0
2571,content_acfa6a496e613c80,77.499097134337,STALE_HIGH_OPPORTUNITY,3109,34.0
2572,content_66b4b51e47d1ed2a,77.4983833620343,STALE_HIGH_OPPORTUNITY,249,113.0
2573,content_7a091fc0e45e0e7c,77.49687385623315,STALE_HIGH_OPPORTUNITY,236,131.0
2574,content_f0efcf7349f19b20,77.49666831679401,STALE_HIGH_OPPORTUNITY,3107,34.0
2575,content_110fe40bcadc4e2d,77.49666831679401,STALE_HIGH_OPPORTUNITY,3107,34.0
2576,content_c3ef943f1dc937c7,77.49497870459018,STALE_HIGH_OPPORTUNITY,3106,34.0
2577,content_dfb3180b9bfa088e,77.49107147636883,STALE_HIGH_OPPORTUNITY,3103,34.0
2578,content_4724cc49e8df4759,77.49107147636883,STALE_HIGH_OPPORTUNITY,3103,34.0
2579,content_6f73852755759d56,77.48853705806309,STALE_HIGH_OPPORTUNITY,3100,34.0
2580,content_b341e37de6dd4b47,77.48853705806309,STALE_HIGH_OPPORTUNITY,3100,34.0
2581,content_3c1bf747a429112f,77.4850522328927,STALE_HIGH_OPPORTUNITY,3097,34.0
2582,content_4565ed3c4a893ac6,77.4850522328927,STALE_HIGH_OPPORTUNITY,3097,34.0
2583,content_f49c7cb80ebc98b8,77.4850522328927,STALE_HIGH_OPPORTUNITY,3097,34.0
2584,content_f630dd1ca869b1a0,77.4850522328927,STALE_HIGH_OPPORTUNITY,3097,34.0
2585,content_f4db0f215f7bfc1f,77.4850522328927,STALE_HIGH_OPPORTUNITY,3097,34.0
2586,content_be54d7c42250ecb1,77.48294021763792,STALE_HIGH_OPPORTUNITY,3095,34.0
2587,content_8529df9d3660b793,77.48294021763792,STALE_HIGH_OPPORTUNITY,3095,34.0
2588,content_59ce9ce138506e2b,77.48008899704396,STALE_HIGH_OPPORTUNITY,3092,34.0
2589,content_3cac481807d9fed5,77.47924419094204,STALE_HIGH_OPPORTUNITY,3091,34.0
2590,content_9c53d77b95144207,77.4782937840774,STALE_HIGH_OPPORTUNITY,3090,34.0
2591,content_409d59828775a2be,77.47713217568726,STALE_HIGH_OPPORTUNITY,3089,34.0
2592,content_5019b0962bcc23d6,77.47121853297386,STALE_HIGH_OPPORTUNITY,3085,34.0
2593,content_0761a2148e58c405,77.46984572305826,STALE_HIGH_OPPORTUNITY,3084,34.0
2594,content_d069ab822e65c902,77.46984572305826,STALE_HIGH_OPPORTUNITY,3084,34.0
2595,content_268b4163a41910e5,77.4683673123799,STALE_HIGH_OPPORTUNITY,3083,34.0
2596,content_b1c69790659b2726,77.46710010322703,STALE_HIGH_OPPORTUNITY,3082,34.0
2597,content_68e23f0b85688ebb,77.46424888263309,STALE_HIGH_OPPORTUNITY,3080,34.0
2598,content_de125a742dc94a72,77.46034165441172,STALE_HIGH_OPPORTUNITY,3077,34.0
2599,content_3fba4446476ab09a,77.46006235453166,STALE_HIGH_OPPORTUNITY,315,36.0
2600,content_e2a421c65b5b5ce3,77.46006235453166,STALE_HIGH_OPPORTUNITY,315,36.0
2601,content_60a005b90d2a477a,77.45833523991968,STALE_HIGH_OPPORTUNITY,3075,34.0
2602,content_384c135fe54388b1,77.45717363152954,STALE_HIGH_OPPORTUNITY,3074,34.0
2603,content_dc3f9ea0fe0110d7,77.45717363152954,STALE_HIGH_OPPORTUNITY,3074,34.0
2604,content_22cad35e58591c89,77.45548401932572,STALE_HIGH_OPPORTUNITY,3073,34.0
2605,content_f311a7aaeb4608ba,77.45548401932572,STALE_HIGH_OPPORTUNITY,3073,34.0
2606,content_6f955acb9e11ddf3,77.45432241093559,STALE_HIGH_OPPORTUNITY,3072,34.0
2607,content_6e1f23dfad271f9d,77.45432241093559,STALE_HIGH_OPPORTUNITY,3072,34.0
2608,content_2fceb4ec35ba0e84,77.45326640330819,STALE_HIGH_OPPORTUNITY,3071,34.0
2609,content_de798f0833d16117,77.45199919415532,STALE_HIGH_OPPORTUNITY,3070,34.0
2610,content_6e3b232feaea3949,77.45104878729067,STALE_HIGH_OPPORTUNITY,3069,34.0
2611,content_3c2e356c9f437157,77.44999277966328,STALE_HIGH_OPPORTUNITY,3068,34.0
2612,content_4549497f3ffe4292,77.4473527605948,STALE_HIGH_OPPORTUNITY,3066,34.0
2613,content_84c20846aa2bcb88,77.44576874915371,STALE_HIGH_OPPORTUNITY,3065,34.0
2614,content_87ad576304a0868b,77.44576874915371,STALE_HIGH_OPPORTUNITY,3065,34.0
2615,content_9f525cef7464a6f3,77.44460714076358,STALE_HIGH_OPPORTUNITY,3064,34.0
2616,content_ec25ff19f246d672,77.44355113313618,STALE_HIGH_OPPORTUNITY,3063,34.0
2617,content_c4903497fcbe23a1,77.43890469957566,STALE_HIGH_OPPORTUNITY,3060,34.0
2618,content_5765e9ba5e13361b,77.43890469957566,STALE_HIGH_OPPORTUNITY,3060,34.0
2619,content_03156e317a212d82,77.43732068813456,STALE_HIGH_OPPORTUNITY,3059,34.0
2620,content_1f3a2ddd8da13268,77.43446946754061,STALE_HIGH_OPPORTUNITY,3057,34.0
2621,content_0e4ce6e63de79b3c,77.43299105686226,STALE_HIGH_OPPORTUNITY,3056,34.0
2622,content_b09112bb655f2955,77.43299105686226,STALE_HIGH_OPPORTUNITY,3056,34.0
2623,content_8d23e13095c3d740,77.43182944847213,STALE_HIGH_OPPORTUNITY,3055,34.0
2624,content_1c8338ebbbc07f85,77.43182944847213,STALE_HIGH_OPPORTUNITY,3055,34.0
2625,content_0723a3d983787852,77.43087904160747,STALE_HIGH_OPPORTUNITY,3054,34.0
2626,content_6522574acc1a3996,77.42813342177625,STALE_HIGH_OPPORTUNITY,3052,34.0
2627,content_36beb60fed7651a1,77.42813342177625,STALE_HIGH_OPPORTUNITY,3052,34.0
2628,content_1e2fe875ed9b3913,77.42570460423326,STALE_HIGH_OPPORTUNITY,3050,34.0
2629,content_e2cd4c1d35a38979,77.42359258897848,STALE_HIGH_OPPORTUNITY,3048,34.0
2630,content_59d7c733fef63dbe,77.42200857753738,STALE_HIGH_OPPORTUNITY,3047,34.0
2631,content_d29687ee26a26841,77.42200857753738,STALE_HIGH_OPPORTUNITY,3047,34.0
2632,content_647d6d3d475ee039,77.42063576762177,STALE_HIGH_OPPORTUNITY,3046,34.0
2633,content_e9d076180b14c0eb,77.41947415923164,STALE_HIGH_OPPORTUNITY,3045,34.0
2634,content_7a5910945054b16e,77.4179957485533,STALE_HIGH_OPPORTUNITY,3044,34.0
2635,content_025e269325533792,77.4179957485533,STALE_HIGH_OPPORTUNITY,3044,34.0
2636,content_fb84abcffa6315f5,77.41662293863769,STALE_HIGH_OPPORTUNITY,3043,34.0
2637,content_3bd75088797faf0a,77.41662293863769,STALE_HIGH_OPPORTUNITY,3043,34.0
2638,content_f203d175a6703dc7,77.41334931499277,STALE_HIGH_OPPORTUNITY,3040,34.0
2639,content_51f70a7d80c036b3,77.41334931499277,STALE_HIGH_OPPORTUNITY,3040,34.0
2640,content_f7d0d499cfdcce36,77.41187090431443,STALE_HIGH_OPPORTUNITY,3039,34.0
2641,content_36b33593974cabcc,77.41018129211058,STALE_HIGH_OPPORTUNITY,3037,34.0
2642,content_646ebbc417c24333,77.41018129211058,STALE_HIGH_OPPORTUNITY,3037,34.0
2643,content_95d140b7cd7e3897,77.40750165269988,STALE_HIGH_OPPORTUNITY,96,243.0
2644,content_ba99db5decfac33e,77.40711886999115,STALE_HIGH_OPPORTUNITY,3035,34.0
2645,content_2d9629c45fb24421,77.40500685473637,STALE_HIGH_OPPORTUNITY,3034,34.0
2646,content_2994d2de5531b2a1,77.40500685473637,STALE_HIGH_OPPORTUNITY,3034,34.0
2647,content_e1221d9a1f59324b,77.40363404482076,STALE_HIGH_OPPORTUNITY,3033,34.0
2648,content_f4462cca78a40935,77.40183883185419,STALE_HIGH_OPPORTUNITY,3031,34.0
2649,content_621e2953a5ca192d,77.40109962651502,STALE_HIGH_OPPORTUNITY,3030,34.0
2650,content_fb8f2808ce9c8ac4,77.39962121583667,STALE_HIGH_OPPORTUNITY,3029,34.0
2651,content_8a2a45e162c5ea73,77.39962121583667,STALE_HIGH_OPPORTUNITY,3029,34.0
2652,content_f34082f3a710f287,77.39772040210737,STALE_HIGH_OPPORTUNITY,3028,34.0
2653,content_1dc79bb518916a19,77.39772040210737,STALE_HIGH_OPPORTUNITY,3028,34.0
2654,content_ac31bf4c099cee37,77.39668982751643,STALE_HIGH_OPPORTUNITY,244,113.0
2655,content_43c394f9e08d724f,77.39476358075066,STALE_HIGH_OPPORTUNITY,3026,34.0
2656,content_a74bfc57969861e6,77.39476358075066,STALE_HIGH_OPPORTUNITY,3026,34.0
2657,content_f458e2babef1ebf0,77.39476358075066,STALE_HIGH_OPPORTUNITY,3026,34.0
2658,content_8a2644f1a1c6985a,77.39328517007232,STALE_HIGH_OPPORTUNITY,3025,34.0
2659,content_7a7bcd682a41db49,77.39328517007232,STALE_HIGH_OPPORTUNITY,3025,34.0
2660,content_21985549e77d1727,77.38832193422357,STALE_HIGH_OPPORTUNITY,3020,34.0
2661,content_e2da870d0bfff9a3,77.38663232201974,STALE_HIGH_OPPORTUNITY,3018,34.0
2662,content_21a65dd40d29a0b4,77.38473150829044,STALE_HIGH_OPPORTUNITY,3016,34.0
2663,content_82b134e4126e37c5,77.38325309761208,STALE_HIGH_OPPORTUNITY,3015,34.0
2664,content_f43db7aaefbe20b8,77.37945147015348,STALE_HIGH_OPPORTUNITY,3012,34.0
2665,content_f5be6b69cf68ccbc,77.37702265261048,STALE_HIGH_OPPORTUNITY,3010,34.0
2666,content_735f8046521b0d7d,77.3754386411694,STALE_HIGH_OPPORTUNITY,3009,34.0
2667,content_dd65974e8ba921ff,77.37448823430474,STALE_HIGH_OPPORTUNITY,3008,34.0
2668,content_f867a73c88b881a3,77.37364342820283,STALE_HIGH_OPPORTUNITY,3007,34.0
2669,content_5759d3ab141eb3b4,77.37047540532065,STALE_HIGH_OPPORTUNITY,3004,34.0
2670,content_0643f6684f1beefe,77.36878579311681,STALE_HIGH_OPPORTUNITY,3003,34.0
2671,content_1e4d0ebea6ef328f,77.36677937862477,STALE_HIGH_OPPORTUNITY,3002,34.0
2672,content_a0e1a34f7aad25a0,77.36677937862477,STALE_HIGH_OPPORTUNITY,3002,34.0
2673,content_25f45960c8e060cd,77.36677937862477,STALE_HIGH_OPPORTUNITY,3002,34.0
2674,content_9a1d4230bee377ec,77.36677937862477,STALE_HIGH_OPPORTUNITY,3002,34.0
2675,content_5dc576019e6cd326,77.36361135574259,STALE_HIGH_OPPORTUNITY,3000,34.0
2676,content_cd91e7d03778b2f7,77.36244974735246,STALE_HIGH_OPPORTUNITY,2999,34.0
2677,content_ca047f456b0a4f3c,77.36128813896234,STALE_HIGH_OPPORTUNITY,2998,34.0
2678,content_b1bed7bb9ad5992e,77.36128813896234,STALE_HIGH_OPPORTUNITY,2998,34.0
2679,content_bc6b1f334c89e414,77.36128813896234,STALE_HIGH_OPPORTUNITY,2998,34.0
2680,content_e5ef14e12ada0f52,77.36107127535051,STALE_HIGH_OPPORTUNITY,230,131.0
2681,content_7c0175b190d7c6e7,77.35991532904671,STALE_HIGH_OPPORTUNITY,2997,34.0
2682,content_dde895ec5d03a6ee,77.3597416299294,STALE_HIGH_OPPORTUNITY,309,36.0
2683,content_07fabe7eddd0d902,77.35748651150372,STALE_HIGH_OPPORTUNITY,2995,34.0
2684,content_04ca4fd888d34169,77.35748651150372,STALE_HIGH_OPPORTUNITY,2995,34.0
2685,content_0c474446a1362ecb,77.35653610463908,STALE_HIGH_OPPORTUNITY,2994,34.0
2686,content_c14c38b6de7c5087,77.35484649243523,STALE_HIGH_OPPORTUNITY,2992,34.0
2687,content_9a6776a3aed7ee0e,77.35484649243523,STALE_HIGH_OPPORTUNITY,2992,34.0
2688,content_446bcb4acdef2189,77.35484649243523,STALE_HIGH_OPPORTUNITY,2992,34.0
2689,content_fda2970d540a2213,77.35336808175688,STALE_HIGH_OPPORTUNITY,2991,34.0
2690,content_dc3b26d82cde56e0,77.35336808175688,STALE_HIGH_OPPORTUNITY,2991,34.0
2691,content_447c5718830be959,77.34903845048458,STALE_HIGH_OPPORTUNITY,2988,34.0
2692,content_8faf3323d3156867,77.34766564056898,STALE_HIGH_OPPORTUNITY,2987,34.0
2693,content_b183963945e69bd9,77.34639843141609,STALE_HIGH_OPPORTUNITY,2986,34.0
2694,content_953f18d3f9f4143a,77.34639843141609,STALE_HIGH_OPPORTUNITY,2986,34.0
2695,content_d1562c4a015f37b5,77.34534242378871,STALE_HIGH_OPPORTUNITY,2985,34.0
2696,content_a76efc5a1efeb4d0,77.3439696138731,STALE_HIGH_OPPORTUNITY,2984,34.0
2697,content_824f14712ecbc6f5,77.34295110865386,STALE_HIGH_OPPORTUNITY,308,36.0
2698,content_77938e79c0345b42,77.34249120319474,STALE_HIGH_OPPORTUNITY,2983,34.0
2699,content_292bf485e0f2599e,77.34249120319474,STALE_HIGH_OPPORTUNITY,2983,34.0
2700,content_22b3a681bc54784c,77.33942878107531,STALE_HIGH_OPPORTUNITY,2980,34.0
2701,content_71f6ea7c7372e5d3,77.33837277344793,STALE_HIGH_OPPORTUNITY,2979,34.0
2702,content_7f5b7b6a84a49b93,77.3369999635323,STALE_HIGH_OPPORTUNITY,2978,34.0
2703,content_dfcc3533dbc948d0,77.3369999635323,STALE_HIGH_OPPORTUNITY,2978,34.0
2704,content_187175cb820509e8,77.3369999635323,STALE_HIGH_OPPORTUNITY,2978,34.0
2705,content_a3f1a9332c13ff16,77.33467674675204,STALE_HIGH_OPPORTUNITY,2977,34.0
2706,content_90ada0c50ebb71ce,77.33467674675204,STALE_HIGH_OPPORTUNITY,2977,34.0
2707,content_cc3564c5f2afbac2,77.33140312310712,STALE_HIGH_OPPORTUNITY,2975,34.0
2708,content_1c3cadd8a8560665,77.33140312310712,STALE_HIGH_OPPORTUNITY,2975,34.0
2709,content_432eb371f33435f9,77.32950230937783,STALE_HIGH_OPPORTUNITY,2973,34.0
2710,content_11a171e208d995e1,77.32844630175043,STALE_HIGH_OPPORTUNITY,2972,34.0
2711,content_fc11dc264019a947,77.32844630175043,STALE_HIGH_OPPORTUNITY,2972,34.0
2712,content_411e63123b653834,77.32654548802113,STALE_HIGH_OPPORTUNITY,2971,34.0
2713,content_fd4f90b900d2e007,77.32422227124086,STALE_HIGH_OPPORTUNITY,2969,34.0
2714,content_e6e1b59621235d28,77.3213710506469,STALE_HIGH_OPPORTUNITY,2967,34.0
2715,content_99abb65d6db45688,77.3213710506469,STALE_HIGH_OPPORTUNITY,2967,34.0
2716,content_c4511013deec34a9,77.3199982407313,STALE_HIGH_OPPORTUNITY,2966,34.0
2717,content_a7c88952d802f18d,77.31904783386663,STALE_HIGH_OPPORTUNITY,2965,34.0
2718,content_a20df8919a6a4dcb,77.31661901632364,STALE_HIGH_OPPORTUNITY,2963,34.0
2719,content_488bd50fa48ca28c,77.31482380335707,STALE_HIGH_OPPORTUNITY,2962,34.0
2720,content_c5482a12a455a200,77.31228938505133,STALE_HIGH_OPPORTUNITY,2960,34.0
2721,content_955e829ae77331af,77.31081097437298,STALE_HIGH_OPPORTUNITY,2959,34.0
2722,content_f40214d62eea94b2,77.30785415301628,STALE_HIGH_OPPORTUNITY,2957,34.0
2723,content_8c29e055d5cff5c3,77.30785415301628,STALE_HIGH_OPPORTUNITY,2957,34.0
2724,content_826c7382938bdc5d,77.30447492860864,STALE_HIGH_OPPORTUNITY,2955,34.0
2725,content_90db80dc05d05453,77.30215171182837,STALE_HIGH_OPPORTUNITY,2953,34.0
2726,content_278e0de060843907,77.30046209962454,STALE_HIGH_OPPORTUNITY,2952,34.0
2727,content_1cf759319adacd7e,77.30046209962454,STALE_HIGH_OPPORTUNITY,2952,34.0
2728,content_7d48d6ce3b7bce67,77.29866688665797,STALE_HIGH_OPPORTUNITY,2951,34.0
2729,content_363761a9f0c0d7cf,77.29317564699552,STALE_HIGH_OPPORTUNITY,2947,34.0
2730,content_8c0fef0f5db6687b,77.2914860347917,STALE_HIGH_OPPORTUNITY,2946,34.0
2731,content_cc4ca71a7df43136,77.2914860347917,STALE_HIGH_OPPORTUNITY,2946,34.0
2732,content_551e4f9ff8c7f85d,77.28715640351939,STALE_HIGH_OPPORTUNITY,2944,34.0
2733,content_e7844191bd5fdf91,77.28356597758626,STALE_HIGH_OPPORTUNITY,2942,34.0
2734,content_2d9d5614b09181e6,77.28356597758626,STALE_HIGH_OPPORTUNITY,2942,34.0
2735,content_cc2109e9e299994b,77.28285220528355,STALE_HIGH_OPPORTUNITY,239,113.0
2736,content_04ccb7abeff26735,77.28145396233148,STALE_HIGH_OPPORTUNITY,2941,34.0
2737,content_192a7aa395b6d03d,77.28145396233148,STALE_HIGH_OPPORTUNITY,2941,34.0
2738,content_b131c8dc5d097d52,77.28145396233148,STALE_HIGH_OPPORTUNITY,2941,34.0
2739,content_0e074ca5cdbd3443,77.27795994161909,STALE_HIGH_OPPORTUNITY,279,62.0
2740,content_696f8850bea63469,77.2758571219063,STALE_HIGH_OPPORTUNITY,2938,34.0
2741,content_3c0f981d526b0a0e,77.2758571219063,STALE_HIGH_OPPORTUNITY,2938,34.0
2742,content_3f749e5bb6a1dd2f,77.2758571219063,STALE_HIGH_OPPORTUNITY,2938,34.0
2743,content_df75bf80ff2f91ff,77.2758571219063,STALE_HIGH_OPPORTUNITY,2938,34.0
2744,content_2971cf688ebc2242,77.27385070741425,STALE_HIGH_OPPORTUNITY,2937,34.0
2745,content_3a578ae54c002c91,77.27385070741425,STALE_HIGH_OPPORTUNITY,2937,34.0
2746,content_62269f1253cc1b36,77.27258349826138,STALE_HIGH_OPPORTUNITY,2936,34.0
2747,content_c23e38ebddabf6e8,77.27258349826138,STALE_HIGH_OPPORTUNITY,2936,34.0
2748,content_483cbad6377a0e57,77.2709994868203,STALE_HIGH_OPPORTUNITY,2935,34.0
2749,content_58003b8ac729b0de,77.2709994868203,STALE_HIGH_OPPORTUNITY,2935,34.0
2750,content_19e219f2471f1c48,77.2709994868203,STALE_HIGH_OPPORTUNITY,2935,34.0
2751,content_40f744b8b7b3946a,77.26867627004003,STALE_HIGH_OPPORTUNITY,2934,34.0
2752,content_2de198c8df74e814,77.26867627004003,STALE_HIGH_OPPORTUNITY,2934,34.0
2753,content_6f82818ac6eb7d07,77.26339623190307,STALE_HIGH_OPPORTUNITY,2930,34.0
2754,content_45871c0059f8e355,77.26234022427568,STALE_HIGH_OPPORTUNITY,2929,34.0
2755,content_bcd23bf13481f3e3,77.26128421664828,STALE_HIGH_OPPORTUNITY,2928,34.0
2756,content_a8a2e1cdf7c27ac5,77.26128421664828,STALE_HIGH_OPPORTUNITY,2928,34.0
2757,content_dc505f30a3fda11d,77.2591722013935,STALE_HIGH_OPPORTUNITY,2926,34.0
2758,content_b5c9ec14d8301c5d,77.25769379071515,STALE_HIGH_OPPORTUNITY,2924,34.0
2759,content_cc0b9c47874a1ea5,77.25769379071515,STALE_HIGH_OPPORTUNITY,2924,34.0
2760,content_2be28fd072bee825,77.25610977927406,STALE_HIGH_OPPORTUNITY,2923,34.0
2761,content_ef9b6892753dd7ce,77.25273055486642,STALE_HIGH_OPPORTUNITY,2921,34.0
2762,content_9defca86778485fe,77.25273055486642,STALE_HIGH_OPPORTUNITY,2921,34.0
2763,content_943d893f83f2066a,77.25125214418806,STALE_HIGH_OPPORTUNITY,2920,34.0
2764,content_3a351295410b362f,77.25125214418806,STALE_HIGH_OPPORTUNITY,2920,34.0
2765,content_fa910766aa8f2ca6,77.25040733808613,STALE_HIGH_OPPORTUNITY,2919,34.0
2766,content_7fd6fbaabba14e10,77.2494569312215,STALE_HIGH_OPPORTUNITY,2918,34.0
2767,content_4f595e246b7256fa,77.24840092359409,STALE_HIGH_OPPORTUNITY,2917,34.0
2768,content_533bdefbbf90c20c,77.24660571062753,STALE_HIGH_OPPORTUNITY,2915,34.0
2769,content_a7445358ac0e3e56,77.24660571062753,STALE_HIGH_OPPORTUNITY,2915,34.0
2770,content_0315a281b80a3f4d,77.24533850147466,STALE_HIGH_OPPORTUNITY,2914,34.0
2771,content_efc22f7646756857,77.24533850147466,STALE_HIGH_OPPORTUNITY,2914,34.0
2772,content_49a37994b568ddeb,77.24407129232179,STALE_HIGH_OPPORTUNITY,2913,34.0
2773,content_08df5a7097f7f55c,77.24301528469441,STALE_HIGH_OPPORTUNITY,2912,34.0
2774,content_af25752c14a8f396,77.24301528469441,STALE_HIGH_OPPORTUNITY,2912,34.0
2775,content_1937ebe716ed3754,77.24174807554154,STALE_HIGH_OPPORTUNITY,2911,34.0
2776,content_4a7486e63286b8f5,77.24048086638865,STALE_HIGH_OPPORTUNITY,2910,34.0
2777,content_7077a2583681df99,77.23879125418483,STALE_HIGH_OPPORTUNITY,2908,34.0
2778,content_6dd80e19b59cdc6a,77.23689044045553,STALE_HIGH_OPPORTUNITY,2906,34.0
2779,content_0be0792a1b85e2c6,77.23689044045553,STALE_HIGH_OPPORTUNITY,2906,34.0
2780,content_c161da0f30951bc2,77.23530642901444,STALE_HIGH_OPPORTUNITY,2905,34.0
2781,content_86a00afba6a3ab31,77.23530642901444,STALE_HIGH_OPPORTUNITY,2905,34.0
2782,content_18d0eabfcfcff467,77.23118799926762,STALE_HIGH_OPPORTUNITY,2901,34.0
2783,content_68b15859aaad533c,77.2303431931657,STALE_HIGH_OPPORTUNITY,2900,34.0
2784,content_fbd8ab3ddc5e17e2,77.2303431931657,STALE_HIGH_OPPORTUNITY,2900,34.0
2785,content_7f59a2df31853855,77.2303431931657,STALE_HIGH_OPPORTUNITY,2900,34.0
2786,content_2fe469944b86486d,77.2303431931657,STALE_HIGH_OPPORTUNITY,2900,34.0
2787,content_8df3a1bed7bd0d08,77.22780877485995,STALE_HIGH_OPPORTUNITY,2898,34.0
2788,content_9bee10e26ceec8f5,77.2263303641816,STALE_HIGH_OPPORTUNITY,2897,34.0
2789,content_691d4afa9e232d18,77.2239015466386,STALE_HIGH_OPPORTUNITY,2895,34.0
2790,content_76a52eb38dbed9db,77.2239015466386,STALE_HIGH_OPPORTUNITY,2895,34.0
2791,content_80dee2bfa806cfbd,77.22062792299369,STALE_HIGH_OPPORTUNITY,2893,34.0
2792,content_37ea33b0d09d37a3,77.21781420480788,STALE_HIGH_OPPORTUNITY,301,36.0
2793,content_7a2c926bc156321d,77.21566468714495,STALE_HIGH_OPPORTUNITY,2890,34.0
2794,content_3c2054480fbc184a,77.21408067570385,STALE_HIGH_OPPORTUNITY,2889,34.0
2795,content_1ebb1f842d48d077,77.21408067570385,STALE_HIGH_OPPORTUNITY,2889,34.0
2796,content_5d2354eb784001ea,77.21144065663538,STALE_HIGH_OPPORTUNITY,2886,34.0
2797,content_ee44460a9a6c6a5d,77.21059585053345,STALE_HIGH_OPPORTUNITY,2885,34.0
2798,content_a6d81578baa9a709,77.20953984290607,STALE_HIGH_OPPORTUNITY,2884,34.0
2799,content_8644e1ea3447eee9,77.20866667645481,STALE_HIGH_OPPORTUNITY,284,60.0
2800,content_48ef2a50f268ddc5,77.2066886223121,STALE_HIGH_OPPORTUNITY,2882,34.0
2801,content_bf4d365ead7041e9,77.2066886223121,STALE_HIGH_OPPORTUNITY,2882,34.0
2802,content_22fa2d3dfe56968f,77.2066886223121,STALE_HIGH_OPPORTUNITY,2882,34.0
2803,content_9ed683b4d67262cd,77.20521021163376,STALE_HIGH_OPPORTUNITY,2881,34.0
2804,content_9213a51349b92b18,77.20109178188693,STALE_HIGH_OPPORTUNITY,2878,34.0
2805,content_8de6406f2ee6ab42,77.1994021696831,STALE_HIGH_OPPORTUNITY,2877,34.0
2806,content_a5fb0a929fe994ef,77.19528373993627,STALE_HIGH_OPPORTUNITY,2875,34.0
2807,content_529907d66094383c,77.19528373993627,STALE_HIGH_OPPORTUNITY,2875,34.0
2808,content_0a72369e80dd0376,77.19528373993627,STALE_HIGH_OPPORTUNITY,2875,34.0
2809,content_5667c980fd0c74cf,77.19528373993627,STALE_HIGH_OPPORTUNITY,2875,34.0
2810,content_bc70bdc12eb6657c,77.19412213154615,STALE_HIGH_OPPORTUNITY,2874,34.0
2811,content_f536ecbc9d17201a,77.19201011629136,STALE_HIGH_OPPORTUNITY,2872,34.0
2812,content_210ff8ad8fe0c0b6,77.19201011629136,STALE_HIGH_OPPORTUNITY,2872,34.0
2813,content_c721eb35eb1a7fb5,77.19095410866397,STALE_HIGH_OPPORTUNITY,2871,34.0
2814,content_fd3f8b40c1b6abe9,77.19095410866397,STALE_HIGH_OPPORTUNITY,2871,34.0
2815,content_c89e3ff90f665fe2,77.19095410866397,STALE_HIGH_OPPORTUNITY,2871,34.0
2816,content_46dd4292f4328258,77.18989810103656,STALE_HIGH_OPPORTUNITY,2870,34.0
2817,content_102610a7bc88fb87,77.18863089188369,STALE_HIGH_OPPORTUNITY,2869,34.0
2818,content_1137e5462452f089,77.18736368273083,STALE_HIGH_OPPORTUNITY,2868,34.0
2819,content_5ee90f5be15be915,77.18736368273083,STALE_HIGH_OPPORTUNITY,2868,34.0
2820,content_cd119c4f2bc0b27d,77.18366765603496,STALE_HIGH_OPPORTUNITY,2865,34.0
2821,content_1e2cb81d4e87ea71,77.18218924535661,STALE_HIGH_OPPORTUNITY,2864,34.0
2822,content_575726344b023b1a,77.18218924535661,STALE_HIGH_OPPORTUNITY,2864,34.0
2823,content_351c0a88dd744cb1,77.18007723010183,STALE_HIGH_OPPORTUNITY,2863,34.0
2824,content_d0db22af80d0ca2e,77.18007723010183,STALE_HIGH_OPPORTUNITY,2863,34.0
2825,content_54edac298cd13e26,77.17585319959225,STALE_HIGH_OPPORTUNITY,2859,34.0
2826,content_38725b8df4318323,77.17585319959225,STALE_HIGH_OPPORTUNITY,2859,34.0
2827,content_856018a872413953,77.17426918815116,STALE_HIGH_OPPORTUNITY,2858,34.0
2828,content_21c8651b7e5d51ab,77.17226277365911,STALE_HIGH_OPPORTUNITY,2857,34.0
2829,content_5ad74663e13fe455,77.17067876221803,STALE_HIGH_OPPORTUNITY,2856,34.0
2830,content_2e3cfc5e89372471,77.17067876221803,STALE_HIGH_OPPORTUNITY,2856,34.0
2831,content_fa76f16d208d5388,77.16941155306517,STALE_HIGH_OPPORTUNITY,2855,34.0
2832,content_13acbdb15f3d5191,77.16772194086134,STALE_HIGH_OPPORTUNITY,2854,34.0
2833,content_ae726798820d936a,77.16772194086134,STALE_HIGH_OPPORTUNITY,2854,34.0
2834,content_2767453cbd824cf2,77.16497632103012,STALE_HIGH_OPPORTUNITY,2852,34.0
2835,content_eb7071e57984147a,77.16497632103012,STALE_HIGH_OPPORTUNITY,2852,34.0
2836,content_0f08369391be4457,77.16370911187724,STALE_HIGH_OPPORTUNITY,2851,34.0
2837,content_a3aebffb7e4f7176,77.16286430577533,STALE_HIGH_OPPORTUNITY,2850,34.0
2838,content_fef149244e88bb4f,77.16159709662246,STALE_HIGH_OPPORTUNITY,2849,34.0
2839,content_cffb7a5a6f25ec3d,77.16159709662246,STALE_HIGH_OPPORTUNITY,2849,34.0
2840,content_eea5dbde57dc16af,77.16054108899507,STALE_HIGH_OPPORTUNITY,2848,34.0
2841,content_56fd2355436c1b9a,77.15916827907945,STALE_HIGH_OPPORTUNITY,2847,34.0
2842,content_6477938971677766,77.15916827907945,STALE_HIGH_OPPORTUNITY,2847,34.0
2843,content_f83eb9d6a9983cc0,77.15716186458741,STALE_HIGH_OPPORTUNITY,2846,34.0
2844,content_f27e1e06d89f2fbb,77.15462744628167,STALE_HIGH_OPPORTUNITY,2844,34.0
2845,content_bde9f552addd7a51,77.15219862873866,STALE_HIGH_OPPORTUNITY,2842,34.0
2846,content_f28a722479bc7cac,77.15050901653484,STALE_HIGH_OPPORTUNITY,2841,34.0
2847,content_0bd9c33dc0ea54a7,77.15050901653484,STALE_HIGH_OPPORTUNITY,2841,34.0
2848,content_72c3b2bd5dcb6917,77.15050901653484,STALE_HIGH_OPPORTUNITY,2841,34.0
2849,content_ee6ae25e69efab5a,77.14860820280553,STALE_HIGH_OPPORTUNITY,2840,34.0
2850,content_5e95aaa751dcef73,77.14860820280553,STALE_HIGH_OPPORTUNITY,2840,34.0
2851,content_3a85d28470445be6,77.14860820280553,STALE_HIGH_OPPORTUNITY,2840,34.0
2852,content_58a8003112d6d952,77.14586258297432,STALE_HIGH_OPPORTUNITY,2838,34.0
2853,content_34b2b407fed0b55b,77.14375056771954,STALE_HIGH_OPPORTUNITY,2837,34.0
2854,content_ba1b257f0dee3a1b,77.14375056771954,STALE_HIGH_OPPORTUNITY,2837,34.0
2855,content_4ee4fead946f87a9,77.14153295170202,STALE_HIGH_OPPORTUNITY,2836,34.0
2856,content_965845e7d5080717,77.14153295170202,STALE_HIGH_OPPORTUNITY,2836,34.0
2857,content_1e7e116fc56c1410,77.14153295170202,STALE_HIGH_OPPORTUNITY,2836,34.0
2858,content_7a5fb352a4b14b42,77.13952653720996,STALE_HIGH_OPPORTUNITY,2835,34.0
2859,content_4b9d0ff3df5a445e,77.13952653720996,STALE_HIGH_OPPORTUNITY,2835,34.0
2860,content_b29fa8fba8ab2420,77.13952653720996,STALE_HIGH_OPPORTUNITY,2835,34.0
2861,content_7fc154f056cccee2,77.13783692500613,STALE_HIGH_OPPORTUNITY,2834,34.0
2862,content_d26133add094d2d8,77.13678091737874,STALE_HIGH_OPPORTUNITY,2833,34.0
2863,content_6713c39fc6db6953,77.13678091737874,STALE_HIGH_OPPORTUNITY,2833,34.0
2864,content_7bd4b6c1f2a71da9,77.13551370822587,STALE_HIGH_OPPORTUNITY,2832,34.0
2865,content_12cfb241db135f67,77.13551370822587,STALE_HIGH_OPPORTUNITY,2832,34.0
2866,content_41ea70f2b50e9f44,77.13461452398869,STALE_HIGH_OPPORTUNITY,142,166.0
2867,content_6728407d03c135fe,77.13181768153,STALE_HIGH_OPPORTUNITY,2829,34.0
2868,content_2cdea37ea47925b0,77.13101037783625,STALE_HIGH_OPPORTUNITY,296,36.0
2869,content_608fc2f36e4b920c,77.13002246856344,STALE_HIGH_OPPORTUNITY,2828,34.0
2870,content_fa265fd0cbe89185,77.12769925178317,STALE_HIGH_OPPORTUNITY,2826,34.0
2871,content_a032324c3d0f1705,77.12769925178317,STALE_HIGH_OPPORTUNITY,2826,34.0
2872,content_9f96b20a75c991c3,77.1253760350029,STALE_HIGH_OPPORTUNITY,2825,34.0
2873,content_1b9bcd37634420f0,77.1229472174599,STALE_HIGH_OPPORTUNITY,2823,34.0
2874,content_dbbcfa9c2e684858,77.1229472174599,STALE_HIGH_OPPORTUNITY,2823,34.0
2875,content_8b3e1edd7be9c21a,77.12115200449334,STALE_HIGH_OPPORTUNITY,2822,34.0
2876,content_8eec0905c17a72e9,77.119673593815,STALE_HIGH_OPPORTUNITY,2821,34.0
2877,content_351209c2a2bbe0ee,77.119673593815,STALE_HIGH_OPPORTUNITY,2821,34.0
2878,content_158e875d0827eaf8,77.11851198542486,STALE_HIGH_OPPORTUNITY,2820,34.0
2879,content_cebbfdf64bceaf7b,77.11534396254267,STALE_HIGH_OPPORTUNITY,2817,34.0
2880,content_02cb91dd9dd19bee,77.11449915644076,STALE_HIGH_OPPORTUNITY,2816,34.0
2881,content_7e2a625cba8a7932,77.11365435033885,STALE_HIGH_OPPORTUNITY,2815,34.0
2882,content_b6f73d1f242093b1,77.11365435033885,STALE_HIGH_OPPORTUNITY,2815,34.0
2883,content_177ff38316792bcc,77.11111993203312,STALE_HIGH_OPPORTUNITY,2812,34.0
2884,content_c0a7988d5f2740ff,77.11111993203312,STALE_HIGH_OPPORTUNITY,2812,34.0
2885,content_e1bad0ab836240ed,77.10953592059202,STALE_HIGH_OPPORTUNITY,2811,34.0
2886,content_7047cddee421ec38,77.1073183045745,STALE_HIGH_OPPORTUNITY,2810,34.0
2887,content_4b125c32ef84beef,77.1073183045745,STALE_HIGH_OPPORTUNITY,2810,34.0
2888,content_1ea695bb9c182368,77.1073183045745,STALE_HIGH_OPPORTUNITY,2810,34.0
2889,content_abe5ad4cd92a7753,77.10510068855697,STALE_HIGH_OPPORTUNITY,2809,34.0
2890,content_baa6d5131c8b5587,77.1033054755904,STALE_HIGH_OPPORTUNITY,2808,34.0
2891,content_64c50625b27283f3,77.09992625118275,STALE_HIGH_OPPORTUNITY,2806,34.0
2892,content_61a9977827c8cfc3,77.09992625118275,STALE_HIGH_OPPORTUNITY,2806,34.0
2893,content_357df4697d691ac8,77.09696942982606,STALE_HIGH_OPPORTUNITY,2803,34.0
2894,content_90be722b02fddb8c,77.09612462372415,STALE_HIGH_OPPORTUNITY,2802,34.0
2895,content_2211d70ff780899f,77.09464621304579,STALE_HIGH_OPPORTUNITY,2801,34.0
2896,content_ea2db431df3892a8,77.09464621304579,STALE_HIGH_OPPORTUNITY,2801,34.0
2897,content_84bbbcc719199fa6,77.09285100007922,STALE_HIGH_OPPORTUNITY,2800,34.0
2898,content_f48d6742d4e634ee,77.09285100007922,STALE_HIGH_OPPORTUNITY,2800,34.0
2899,content_bc8ef64970f60cf6,77.0911613878754,STALE_HIGH_OPPORTUNITY,2799,34.0
2900,content_4b3ab5ebb70090f1,77.08915497338334,STALE_HIGH_OPPORTUNITY,2798,34.0
2901,content_c5158f5369cd30a5,77.08630375278939,STALE_HIGH_OPPORTUNITY,2796,34.0
2902,content_07d1395ebdd5d117,77.0814461177034,STALE_HIGH_OPPORTUNITY,2793,34.0
2903,content_3bf660eb707a7a37,77.0814461177034,STALE_HIGH_OPPORTUNITY,2793,34.0
2904,content_29a051c5febbe12a,77.0814461177034,STALE_HIGH_OPPORTUNITY,2793,34.0
2905,content_9196fdc28b87f20a,77.07965090473682,STALE_HIGH_OPPORTUNITY,2792,34.0
2906,content_d1d56bd7f33b130e,77.07732768795657,STALE_HIGH_OPPORTUNITY,2791,34.0
2907,content_e8075632dad1b879,77.07732768795657,STALE_HIGH_OPPORTUNITY,2791,34.0
2908,content_291a242677119926,77.07732768795657,STALE_HIGH_OPPORTUNITY,2791,34.0
2909,content_94693ed73f693102,77.07458206812534,STALE_HIGH_OPPORTUNITY,2790,34.0
2910,content_2150a9b06420a358,77.07458206812534,STALE_HIGH_OPPORTUNITY,2790,34.0
2911,content_0c09aecbac764a33,77.07046363837851,STALE_HIGH_OPPORTUNITY,2787,34.0
2912,content_4450496c1c9b9c18,77.06877402617468,STALE_HIGH_OPPORTUNITY,2786,34.0
2913,content_fa785706a84622cc,77.06518360024155,STALE_HIGH_OPPORTUNITY,2783,34.0
2914,content_1525d2b2900d3c4b,77.06053716668103,STALE_HIGH_OPPORTUNITY,2779,34.0
2915,content_027fcab15a063266,77.05895315523993,STALE_HIGH_OPPORTUNITY,2778,34.0
2916,content_feabcfec4cdd1d51,77.05895315523993,STALE_HIGH_OPPORTUNITY,2778,34.0
2917,content_a277f81e81975e89,77.05782461728484,STALE_HIGH_OPPORTUNITY,305,35.0
2918,content_11dff9c8967c9d97,77.0553627293068,STALE_HIGH_OPPORTUNITY,2775,34.0
2919,content_f2d4761f77f5c692,77.05388431862845,STALE_HIGH_OPPORTUNITY,2773,34.0
2920,content_98a1bf39d2cd2d30,77.05272271023831,STALE_HIGH_OPPORTUNITY,2772,34.0
2921,content_75e476c653985926,77.05272271023831,STALE_HIGH_OPPORTUNITY,2772,34.0
2922,content_f9f08a211d5acac6,77.04987148964436,STALE_HIGH_OPPORTUNITY,2770,34.0
2923,content_364a01b5b1cdb28e,77.04987148964436,STALE_HIGH_OPPORTUNITY,2770,34.0
2924,content_f45bf86f1083e2cd,77.04775947438957,STALE_HIGH_OPPORTUNITY,2769,34.0
2925,content_74f1149f9ad07648,77.04775947438957,STALE_HIGH_OPPORTUNITY,2769,34.0
2926,content_f4a77567fbf23e9e,77.04659786599944,STALE_HIGH_OPPORTUNITY,2768,34.0
2927,content_debbcb277b7eef4c,77.04659786599944,STALE_HIGH_OPPORTUNITY,2768,34.0
2928,content_a2266ff0b44771aa,77.04543625760931,STALE_HIGH_OPPORTUNITY,2767,34.0
2929,content_bc7375d6d3e8f810,77.04385224616823,STALE_HIGH_OPPORTUNITY,2765,34.0
2930,content_aa8af9bb06b31df7,77.04279623854083,STALE_HIGH_OPPORTUNITY,2764,34.0
2931,content_d85635de436a3141,77.03899461108222,STALE_HIGH_OPPORTUNITY,2761,34.0
2932,content_5f0dcec52444d77d,77.03741059964113,STALE_HIGH_OPPORTUNITY,2760,34.0
2933,content_34009adf93cbeb6c,77.03593218896279,STALE_HIGH_OPPORTUNITY,2759,34.0
2934,content_d285250ee21ffa5e,77.03466497980992,STALE_HIGH_OPPORTUNITY,2758,34.0
2935,content_5d23880c6d4af215,77.0332921698943,STALE_HIGH_OPPORTUNITY,2757,34.0
2936,content_0faaca28e0e9314c,77.03213056150416,STALE_HIGH_OPPORTUNITY,2756,34.0
2937,content_f520e8732cd4263e,77.03213056150416,STALE_HIGH_OPPORTUNITY,2756,34.0
2938,content_cbfa10ab8975e0dc,77.03065215082582,STALE_HIGH_OPPORTUNITY,2755,34.0
2939,content_a04cc0feb0c558ad,77.03065215082582,STALE_HIGH_OPPORTUNITY,2755,34.0
2940,content_175dce51d88c7340,77.02906813938473,STALE_HIGH_OPPORTUNITY,2754,34.0
2941,content_4db5d8778ebd3806,77.02906813938473,STALE_HIGH_OPPORTUNITY,2754,34.0
2942,content_7048e3017fdd1723,77.02611131802803,STALE_HIGH_OPPORTUNITY,2752,34.0
2943,content_35042351bfa1a2ab,77.02611131802803,STALE_HIGH_OPPORTUNITY,2752,34.0
2944,content_62bb7245564b223c,77.02463290734968,STALE_HIGH_OPPORTUNITY,2751,34.0
2945,content_14fd17395406cd3d,77.02463290734968,STALE_HIGH_OPPORTUNITY,2751,34.0
2946,content_81cace766fbe7618,77.0225208920949,STALE_HIGH_OPPORTUNITY,2749,34.0
2947,content_159287be9fef8dec,77.02051447760286,STALE_HIGH_OPPORTUNITY,2747,34.0
2948,content_cb64074b70acb721,77.01935286921272,STALE_HIGH_OPPORTUNITY,2746,34.0
2949,content_1120e0aa3ed6dd87,77.01935286921272,STALE_HIGH_OPPORTUNITY,2746,34.0
2950,content_f66e11775af89d6d,77.01291122268563,STALE_HIGH_OPPORTUNITY,2742,34.0
2951,content_0fb2379ffe493d47,77.00963759904073,STALE_HIGH_OPPORTUNITY,2740,34.0
2952,content_b8f261beb3369d71,77.0079479868369,STALE_HIGH_OPPORTUNITY,2739,34.0
2953,content_74da236cea462e23,77.00668077768402,STALE_HIGH_OPPORTUNITY,2738,34.0
2954,content_703d678f95223719,77.00668077768402,STALE_HIGH_OPPORTUNITY,2738,34.0
2955,content_3dba822200e774f0,77.00562477005663,STALE_HIGH_OPPORTUNITY,2737,34.0
2956,content_f2a175ee4fa71a29,77.00562477005663,STALE_HIGH_OPPORTUNITY,2737,34.0
2957,content_25ba57f0135d8ca9,77.00425196014102,STALE_HIGH_OPPORTUNITY,2736,34.0
2958,content_69ff701184d347e2,77.00425196014102,STALE_HIGH_OPPORTUNITY,2736,34.0
2959,content_84c29a9173963c34,77.00287915022541,STALE_HIGH_OPPORTUNITY,2735,34.0
2960,content_40c4dd38f3bf3ff2,77.00129513878431,STALE_HIGH_OPPORTUNITY,2734,34.0
2961,content_d5940a9e5f1c37a7,77.00129513878431,STALE_HIGH_OPPORTUNITY,2734,34.0
2962,content_9644d2f84af7f79f,77.00129513878431,STALE_HIGH_OPPORTUNITY,2734,34.0
2963,content_def53f60207fe4fb,77.00129513878431,STALE_HIGH_OPPORTUNITY,2734,34.0
2964,content_09b08108aa629622,76.99717670903749,STALE_HIGH_OPPORTUNITY,2731,34.0
2965,content_c0b4f4944dd2af8e,76.99717670903749,STALE_HIGH_OPPORTUNITY,2731,34.0
2966,content_06529294d4d690ba,76.99717670903749,STALE_HIGH_OPPORTUNITY,2731,34.0
2967,content_35a6dcd3ee9d5b3c,76.99622630217283,STALE_HIGH_OPPORTUNITY,2730,34.0
2968,content_24fff66daae3fd24,76.99041826022217,STALE_HIGH_OPPORTUNITY,2724,34.0
2969,content_06b2c279d81fe4a6,76.98957345412026,STALE_HIGH_OPPORTUNITY,2723,34.0
2970,content_c5834f159255ae28,76.98830624496739,STALE_HIGH_OPPORTUNITY,2722,34.0
2971,content_9ed8b3b6e4a6193a,76.98830624496739,STALE_HIGH_OPPORTUNITY,2722,34.0
2972,content_e2798291e939c513,76.98830624496739,STALE_HIGH_OPPORTUNITY,2722,34.0
2973,content_0eedd63330e9e114,76.98503262132247,STALE_HIGH_OPPORTUNITY,2720,34.0
2974,content_0786b3db5b8f8ef2,76.98355421064413,STALE_HIGH_OPPORTUNITY,2719,34.0
2975,content_b2623bb2200119cd,76.98218140072852,STALE_HIGH_OPPORTUNITY,2718,34.0
2976,content_58c6d3cc659e1a5e,76.98218140072852,STALE_HIGH_OPPORTUNITY,2718,34.0
2977,content_622dc07ba2bf2fc4,76.97943578089729,STALE_HIGH_OPPORTUNITY,2716,34.0
2978,content_dff2a3e6f13da551,76.9783797732699,STALE_HIGH_OPPORTUNITY,2715,34.0
2979,content_aba938438e9fc466,76.97394454123486,STALE_HIGH_OPPORTUNITY,2711,34.0
2980,content_bc747c4dda0c2125,76.97267733208199,STALE_HIGH_OPPORTUNITY,2710,34.0
2981,content_6f8532ee7d39c160,76.97267733208199,STALE_HIGH_OPPORTUNITY,2710,34.0
2982,content_894a217288b7f62b,76.97130452216638,STALE_HIGH_OPPORTUNITY,2709,34.0
2983,content_8c9797e1d9001739,76.96982611148803,STALE_HIGH_OPPORTUNITY,2708,34.0
2984,content_fefae797437b50eb,76.9680639689565,STALE_HIGH_OPPORTUNITY,300,35.0
2985,content_9b8c3085d7b6c705,76.96803089852146,STALE_HIGH_OPPORTUNITY,2707,34.0
2986,content_7fb576bb6ac37b00,76.96306766267271,STALE_HIGH_OPPORTUNITY,2704,34.0
2987,content_42de17efab5e5529,76.96306766267271,STALE_HIGH_OPPORTUNITY,2704,34.0
2988,content_d24db37afdb44bd7,76.96306766267271,STALE_HIGH_OPPORTUNITY,2704,34.0
2989,content_3b4561b72c376df6,76.95937163597685,STALE_HIGH_OPPORTUNITY,2701,34.0
2990,content_7921674d3570bfa8,76.95842122911219,STALE_HIGH_OPPORTUNITY,2700,34.0
2991,content_8430353cb1285ffa,76.95842122911219,STALE_HIGH_OPPORTUNITY,2700,34.0
2992,content_3c909197cd4046e1,76.95599241156918,STALE_HIGH_OPPORTUNITY,2697,34.0
2993,content_80dd0bba0be149d8,76.95599241156918,STALE_HIGH_OPPORTUNITY,2697,34.0
2994,content_ba9884fdf522b4d2,76.95419719860263,STALE_HIGH_OPPORTUNITY,2696,34.0
2995,content_c67a7d869622dd0e,76.95113477648319,STALE_HIGH_OPPORTUNITY,2693,34.0
2996,content_ae005d4243136b61,76.94976196656758,STALE_HIGH_OPPORTUNITY,2692,34.0
2997,content_85939e9f56a97428,76.94976196656758,STALE_HIGH_OPPORTUNITY,2692,34.0
2998,content_f3a50e3c6c887e49,76.94976196656758,STALE_HIGH_OPPORTUNITY,2692,34.0
2999,content_23840593c3b19077,76.9460659398717,STALE_HIGH_OPPORTUNITY,2689,34.0
3000,content_1fef983d5bd08341,76.94289791698952,STALE_HIGH_OPPORTUNITY,2687,34.0
3001,content_f92c51fa41fcc24e,76.94289791698952,STALE_HIGH_OPPORTUNITY,2687,34.0
3002,content_05226cc41eebac38,76.94289791698952,STALE_HIGH_OPPORTUNITY,2687,34.0
3003,content_697f89ccfafec3e2,76.93962429334461,STALE_HIGH_OPPORTUNITY,2684,34.0
3004,content_ef75bfed6c4a19de,76.93962429334461,STALE_HIGH_OPPORTUNITY,2684,34.0
3005,content_45c668eb7ad56ddf,76.93962429334461,STALE_HIGH_OPPORTUNITY,2684,34.0
3006,content_44c7b1949320fbec,76.93962429334461,STALE_HIGH_OPPORTUNITY,2684,34.0
3007,content_c373f476c0a34b38,76.93708987503886,STALE_HIGH_OPPORTUNITY,2683,34.0
3008,content_c227a8356b3782e7,76.93708987503886,STALE_HIGH_OPPORTUNITY,2683,34.0
3009,content_8f311d9a045fdf03,76.93708987503886,STALE_HIGH_OPPORTUNITY,2683,34.0
3010,content_05c6be0e04e0317a,76.93444985597039,STALE_HIGH_OPPORTUNITY,2681,34.0
3011,content_1a02ee6f35b71728,76.93318264681753,STALE_HIGH_OPPORTUNITY,2680,34.0
3012,content_8b685c05ff2e28d2,76.93012022469809,STALE_HIGH_OPPORTUNITY,2678,34.0
3013,content_a8336fd7aaf9e1ce,76.93012022469809,STALE_HIGH_OPPORTUNITY,2678,34.0
3014,content_aea811d07816f3f9,76.93012022469809,STALE_HIGH_OPPORTUNITY,2678,34.0
3015,content_69e658d1663720c2,76.92779700791782,STALE_HIGH_OPPORTUNITY,2676,34.0
3016,content_5a0b5d4c01750177,76.9255793919003,STALE_HIGH_OPPORTUNITY,2674,34.0
3017,content_d138d650ce50c58b,76.92441778351017,STALE_HIGH_OPPORTUNITY,2673,34.0
3018,content_c3ea340854f71268,76.92283377206908,STALE_HIGH_OPPORTUNITY,2672,34.0
3019,content_db203017671dcf09,76.92082735757704,STALE_HIGH_OPPORTUNITY,2671,34.0
3020,content_781355e624ab6ac6,76.92082735757704,STALE_HIGH_OPPORTUNITY,2671,34.0
3021,content_b42638ecee1f8fe3,76.91854456695228,STALE_HIGH_OPPORTUNITY,163,141.0
3022,content_395ac40c7f5963f6,76.91808173774581,STALE_HIGH_OPPORTUNITY,2669,34.0
3023,content_afdd67ec0086b3d2,76.91660332706746,STALE_HIGH_OPPORTUNITY,2668,34.0
3024,content_9a8b2fbf38a05738,76.91660332706746,STALE_HIGH_OPPORTUNITY,2668,34.0
3025,content_d3f97db5d9c912fe,76.91533611791458,STALE_HIGH_OPPORTUNITY,2667,34.0
3026,content_bc15b2472b88cd59,76.91406890876172,STALE_HIGH_OPPORTUNITY,2666,34.0
3027,content_df2a940ed85a4b55,76.9126960988461,STALE_HIGH_OPPORTUNITY,2665,34.0
3028,content_719f127248d05899,76.9126960988461,STALE_HIGH_OPPORTUNITY,2665,34.0
3029,content_f8cc9ad315fcc348,76.90804966528559,STALE_HIGH_OPPORTUNITY,2662,34.0
3030,content_d1d5e42bca2f3665,76.90583204926806,STALE_HIGH_OPPORTUNITY,2661,34.0
3031,content_b4de2f0be3462c21,76.90266402638588,STALE_HIGH_OPPORTUNITY,2659,34.0
3032,content_d4eb1e23ab6315d0,76.90097441418206,STALE_HIGH_OPPORTUNITY,2658,34.0
3033,content_4565de7042befe6c,76.90097441418206,STALE_HIGH_OPPORTUNITY,2658,34.0
3034,content_44ecd38efc65eb96,76.90097441418206,STALE_HIGH_OPPORTUNITY,2658,34.0
3035,content_d288f166d4fa597d,76.89917920121549,STALE_HIGH_OPPORTUNITY,2657,34.0
3036,content_fbf8f24a0e67a8a2,76.89917920121549,STALE_HIGH_OPPORTUNITY,2657,34.0
3037,content_fde5fbe1fbd42dc8,76.89780639129988,STALE_HIGH_OPPORTUNITY,2656,34.0
3038,content_6c3a743493c48b38,76.89643358138427,STALE_HIGH_OPPORTUNITY,2655,34.0
3039,content_f43210188022b6d3,76.8946383684177,STALE_HIGH_OPPORTUNITY,2654,34.0
3040,content_33e9ff3d437aad5e,76.89294875621387,STALE_HIGH_OPPORTUNITY,2653,34.0
3041,content_117bd9027638fe04,76.89294875621387,STALE_HIGH_OPPORTUNITY,2653,34.0
3042,content_2e3174631444cb86,76.88809112112787,STALE_HIGH_OPPORTUNITY,2649,34.0
3043,content_d4cd917a2936bb01,76.88809112112787,STALE_HIGH_OPPORTUNITY,2649,34.0
3044,content_982094e384d133f9,76.88692951273775,STALE_HIGH_OPPORTUNITY,2648,34.0
3045,content_c462b9b6f8ac9eb7,76.88692951273775,STALE_HIGH_OPPORTUNITY,2648,34.0
3046,content_038fc7d146d73c00,76.88608470663583,STALE_HIGH_OPPORTUNITY,2647,34.0
3047,content_566e4bc4015f9067,76.8847118967202,STALE_HIGH_OPPORTUNITY,2645,34.0
3048,content_bbf518c8bed32831,76.8847118967202,STALE_HIGH_OPPORTUNITY,2645,34.0
3049,content_df1a66a4a2abe607,76.88281108299091,STALE_HIGH_OPPORTUNITY,2643,34.0
3050,content_1fe11e03a50d6c8f,76.88154387383804,STALE_HIGH_OPPORTUNITY,2642,34.0
3051,content_b29bfccbe51e3669,76.88154387383804,STALE_HIGH_OPPORTUNITY,2642,34.0
3052,content_57d6d64a175bb7ce,76.87995986239694,STALE_HIGH_OPPORTUNITY,2641,34.0
3053,content_cc83f6c313dde9ad,76.87995986239694,STALE_HIGH_OPPORTUNITY,2641,34.0
3054,content_4a7d4cd718097a77,76.87995986239694,STALE_HIGH_OPPORTUNITY,2641,34.0
3055,content_5b7ff3dc8db7bbd9,76.8784814517186,STALE_HIGH_OPPORTUNITY,2640,34.0
3056,content_29615d2f48d33b92,76.8784814517186,STALE_HIGH_OPPORTUNITY,2640,34.0
3057,content_31a94ed8a3f60ddc,76.87636943646382,STALE_HIGH_OPPORTUNITY,2638,34.0
3058,content_36f0674f376d565e,76.87499662654821,STALE_HIGH_OPPORTUNITY,2637,34.0
3059,content_8671edba7788e7ea,76.8736238166326,STALE_HIGH_OPPORTUNITY,2636,34.0
3060,content_95de5a9935b516d3,76.872251006717,STALE_HIGH_OPPORTUNITY,2635,34.0
3061,content_fb14d3b76b54a255,76.87077259603863,STALE_HIGH_OPPORTUNITY,2634,34.0
3062,content_8a290476f7450573,76.86760457315646,STALE_HIGH_OPPORTUNITY,2632,34.0
3063,content_1b07ab329fbdce30,76.86760457315646,STALE_HIGH_OPPORTUNITY,2632,34.0
3064,content_65f0f6f327038675,76.8658093601899,STALE_HIGH_OPPORTUNITY,2631,34.0
3065,content_1e06fe1da8eb6cdc,76.8642253487488,STALE_HIGH_OPPORTUNITY,2630,34.0
3066,content_fabc88cbdce0943d,76.8628525388332,STALE_HIGH_OPPORTUNITY,2629,34.0
3067,content_4eafd90b494f0441,76.86021251976472,STALE_HIGH_OPPORTUNITY,2627,34.0
3068,content_c4dd56341822c954,76.8569388961198,STALE_HIGH_OPPORTUNITY,2625,34.0
3069,content_42709755c645d3c6,76.85598848925515,STALE_HIGH_OPPORTUNITY,2624,34.0
3070,content_cac7e78e5da1d536,76.85598848925515,STALE_HIGH_OPPORTUNITY,2624,34.0
3071,content_a2903c49fb31d35b,76.85440447781406,STALE_HIGH_OPPORTUNITY,2623,34.0
3072,content_4df45c21b1bf46ae,76.85440447781406,STALE_HIGH_OPPORTUNITY,2623,34.0
3073,content_51b7f0a14249ab3b,76.85250366408475,STALE_HIGH_OPPORTUNITY,2622,34.0
3074,content_b9928358b6476be3,76.85250366408475,STALE_HIGH_OPPORTUNITY,2622,34.0
3075,content_b21b37bca7604377,76.85081405188092,STALE_HIGH_OPPORTUNITY,2620,34.0
3076,content_862445366d01b94b,76.84944124196531,STALE_HIGH_OPPORTUNITY,2619,34.0
3077,content_9f9884c869723bd8,76.84458360687931,STALE_HIGH_OPPORTUNITY,2616,34.0
3078,content_6c589a6c7158482e,76.84419427426339,STALE_HIGH_OPPORTUNITY,293,35.0
3079,content_65016442a5c8b441,76.84299959543822,STALE_HIGH_OPPORTUNITY,2615,34.0
3080,content_e41a76853d7e5783,76.83983157255605,STALE_HIGH_OPPORTUNITY,2613,34.0
3081,content_5822612b7d32e6fc,76.83955227267599,STALE_HIGH_OPPORTUNITY,280,36.0
3082,content_1128e89026305c3d,76.83856436340317,STALE_HIGH_OPPORTUNITY,2612,34.0
3083,content_73fe36d54bbe3720,76.83856436340317,STALE_HIGH_OPPORTUNITY,2612,34.0
3084,content_ad8ea476baccedf0,76.8375083557758,STALE_HIGH_OPPORTUNITY,2611,34.0
3085,content_10266f0cee5152e5,76.8375083557758,STALE_HIGH_OPPORTUNITY,2611,34.0
3086,content_555d951832e9e1a2,76.83571314280921,STALE_HIGH_OPPORTUNITY,2610,34.0
3087,content_19d5146f5ae42dd1,76.8338123290799,STALE_HIGH_OPPORTUNITY,2609,34.0
3088,content_7e4b51cbc6790828,76.8338123290799,STALE_HIGH_OPPORTUNITY,2609,34.0
3089,content_7b5ff962e80a02d3,76.83106670924869,STALE_HIGH_OPPORTUNITY,2607,34.0
3090,content_e6c8a767afeccc9e,76.83106670924869,STALE_HIGH_OPPORTUNITY,2607,34.0
3091,content_5f1a9c796f62fc25,76.83106670924869,STALE_HIGH_OPPORTUNITY,2607,34.0
3092,content_764efe9ece180389,76.82789868636651,STALE_HIGH_OPPORTUNITY,2605,34.0
3093,content_ed9fde06555f529c,76.82789868636651,STALE_HIGH_OPPORTUNITY,2605,34.0
3094,content_3e435be3dc7de7ef,76.8268030583969,STALE_HIGH_OPPORTUNITY,85,243.0
3095,content_afebbff21469bf3c,76.82642027568816,STALE_HIGH_OPPORTUNITY,2604,34.0
3096,content_da4730e6850efd65,76.82642027568816,STALE_HIGH_OPPORTUNITY,2604,34.0
3097,content_334d4bd91cd94f85,76.82642027568816,STALE_HIGH_OPPORTUNITY,2604,34.0
3098,content_b6158edf1489e31b,76.82050663297476,STALE_HIGH_OPPORTUNITY,2599,34.0
3099,content_20eddddd82402772,76.82050663297476,STALE_HIGH_OPPORTUNITY,2599,34.0
3100,content_59181cf504bf19e0,76.8202273330947,STALE_HIGH_OPPORTUNITY,279,36.0
3101,content_a301642e28cae721,76.81850021848271,STALE_HIGH_OPPORTUNITY,2598,34.0
3102,content_c82c0d068f905c40,76.81850021848271,STALE_HIGH_OPPORTUNITY,2598,34.0
3103,content_3e3f8e2da251d0f9,76.81607140093972,STALE_HIGH_OPPORTUNITY,2597,34.0
3104,content_5af54554e4d4450b,76.81607140093972,STALE_HIGH_OPPORTUNITY,2597,34.0
3105,content_06cfc4a25681023c,76.81607140093972,STALE_HIGH_OPPORTUNITY,2597,34.0
3106,content_601fb77add523c56,76.81343138187124,STALE_HIGH_OPPORTUNITY,2596,34.0
3107,content_af1df4b9711aae9a,76.81149473797464,STALE_HIGH_OPPORTUNITY,268,57.0
3108,content_45d5b84564475a7d,76.81134479965291,STALE_HIGH_OPPORTUNITY,219,113.0
3109,content_0803671c8dfaf9d9,76.81110816509097,STALE_HIGH_OPPORTUNITY,2595,34.0
3110,content_78dd9abb46d7b387,76.8093129521244,STALE_HIGH_OPPORTUNITY,2594,34.0
3111,content_21343639850f7355,76.80762333992058,STALE_HIGH_OPPORTUNITY,2593,34.0
3112,content_270988a2d5a4e169,76.8060393284795,STALE_HIGH_OPPORTUNITY,2592,34.0
3113,content_46e3d3c6dc4af84a,76.8044553170384,STALE_HIGH_OPPORTUNITY,2591,34.0
3114,content_7fe464fa22bcf6e5,76.8044553170384,STALE_HIGH_OPPORTUNITY,2591,34.0
3115,content_07dc3b7c0fa80365,76.8044553170384,STALE_HIGH_OPPORTUNITY,2591,34.0
3116,content_9c75de62eadcf1e8,76.80266010407183,STALE_HIGH_OPPORTUNITY,2590,34.0
3117,content_6420d1c6ac888e84,76.80266010407183,STALE_HIGH_OPPORTUNITY,2590,34.0
3118,content_d20b3730a5104229,76.80266010407183,STALE_HIGH_OPPORTUNITY,2590,34.0
3119,content_cf586e8322ebc2e1,76.80107609263075,STALE_HIGH_OPPORTUNITY,2589,34.0
3120,content_df7a1bbdf96e37ec,76.8001256857661,STALE_HIGH_OPPORTUNITY,2588,34.0
3121,content_70b7ed8de1097546,76.79857917673317,STALE_HIGH_OPPORTUNITY,278,36.0
3122,content_83dd031d96aa2367,76.79484564762915,STALE_HIGH_OPPORTUNITY,2584,34.0
3123,content_d92ce13d919d4dd4,76.79484564762915,STALE_HIGH_OPPORTUNITY,2584,34.0
3124,content_fbcc828e4dbb201b,76.79484564762915,STALE_HIGH_OPPORTUNITY,2584,34.0
3125,content_b5760ee80404534e,76.79315603542531,STALE_HIGH_OPPORTUNITY,2583,34.0
3126,content_d7b80fe954ec0129,76.78914320644121,STALE_HIGH_OPPORTUNITY,2580,34.0
3127,content_f887c21935e25a76,76.78914320644121,STALE_HIGH_OPPORTUNITY,2580,34.0
3128,content_374a60afd6fa73b8,76.78914320644121,STALE_HIGH_OPPORTUNITY,2580,34.0
3129,content_d6ec2919bf61e84b,76.78703119118643,STALE_HIGH_OPPORTUNITY,2579,34.0
3130,content_f9dae42ca8df46c1,76.78703119118643,STALE_HIGH_OPPORTUNITY,2579,34.0
3131,content_6512f2f1599a6610,76.78703119118643,STALE_HIGH_OPPORTUNITY,2579,34.0
3132,content_6b1f41068e653b21,76.78344076525329,STALE_HIGH_OPPORTUNITY,2577,34.0
3133,content_6a33cb02be81f26f,76.78206795533768,STALE_HIGH_OPPORTUNITY,2576,34.0
3134,content_dd65361bc51027a0,76.78058954465934,STALE_HIGH_OPPORTUNITY,2575,34.0
3135,content_e22aa63201d4dc59,76.77699911872621,STALE_HIGH_OPPORTUNITY,2573,34.0
3136,content_464681c9ed06e794,76.77699911872621,STALE_HIGH_OPPORTUNITY,2573,34.0
3137,content_91ba8f39371635ed,76.77520390575964,STALE_HIGH_OPPORTUNITY,2572,34.0
3138,content_137254f3f4160194,76.77414789813224,STALE_HIGH_OPPORTUNITY,2571,34.0
3139,content_532d96d500804552,76.77298628974212,STALE_HIGH_OPPORTUNITY,2570,34.0
3140,content_bcffe9e2f032fb25,76.77298628974212,STALE_HIGH_OPPORTUNITY,2570,34.0
3141,content_89efec50ff076b32,76.77119107677555,STALE_HIGH_OPPORTUNITY,2569,34.0
3142,content_5d37b584b7c6a519,76.76939586380898,STALE_HIGH_OPPORTUNITY,2568,34.0
3143,content_014f8824e4cb9e12,76.76939586380898,STALE_HIGH_OPPORTUNITY,2568,34.0
3144,content_65a1857f68ac46d8,76.76791745313062,STALE_HIGH_OPPORTUNITY,2567,34.0
3145,content_648636b088bec976,76.76791745313062,STALE_HIGH_OPPORTUNITY,2567,34.0
3146,content_20fa9bad09d3d6c6,76.76791745313062,STALE_HIGH_OPPORTUNITY,2567,34.0
3147,content_3cba51b7c97dea0c,76.7662278409268,STALE_HIGH_OPPORTUNITY,2566,34.0
3148,content_eb349fee9306b32a,76.7662278409268,STALE_HIGH_OPPORTUNITY,2566,34.0
3149,content_cbea86ef35aaf3d9,76.7624262134682,STALE_HIGH_OPPORTUNITY,2563,34.0
3150,content_25e8ee1da3718617,76.7624262134682,STALE_HIGH_OPPORTUNITY,2563,34.0
3151,content_fa3dae59123eecf8,76.75978619439972,STALE_HIGH_OPPORTUNITY,2562,34.0
3152,content_d945e68cdc0ffb03,76.75707807697665,STALE_HIGH_OPPORTUNITY,276,36.0
3153,content_afabb0256dae79c4,76.75471735778822,STALE_HIGH_OPPORTUNITY,2559,34.0
3154,content_dfce38b0c31131e0,76.75471735778822,STALE_HIGH_OPPORTUNITY,2559,34.0
3155,content_d8dc51e8cab7dce9,76.75313334634714,STALE_HIGH_OPPORTUNITY,2558,34.0
3156,content_aec9103c32299ddd,76.7505989280414,STALE_HIGH_OPPORTUNITY,2556,34.0
3157,content_e6f535f7a4cdd760,76.7505989280414,STALE_HIGH_OPPORTUNITY,2556,34.0
3158,content_c6da412ea6d59197,76.7505989280414,STALE_HIGH_OPPORTUNITY,2556,34.0
3159,content_fac45a20ce237996,76.74806450973566,STALE_HIGH_OPPORTUNITY,2555,34.0
3160,content_fe3d23f0765c5fc0,76.74752298893875,STALE_HIGH_OPPORTUNITY,267,56.0
3161,content_bd9e52e6d57bd10b,76.74563569219266,STALE_HIGH_OPPORTUNITY,2554,34.0
3162,content_3f11e20453a8e9c6,76.74563569219266,STALE_HIGH_OPPORTUNITY,2554,34.0
3163,content_605f081ca8167201,76.74310127388692,STALE_HIGH_OPPORTUNITY,2553,34.0
3164,content_c1bbf08ec7dea492,76.74310127388692,STALE_HIGH_OPPORTUNITY,2553,34.0
3165,content_84238ffabd9ed701,76.74310127388692,STALE_HIGH_OPPORTUNITY,2553,34.0
3166,content_9325ce4f2fce1d83,76.7379268365127,STALE_HIGH_OPPORTUNITY,2549,34.0
3167,content_36e07180376e1c02,76.7379268365127,STALE_HIGH_OPPORTUNITY,2549,34.0
3168,content_dbbdf1397787a686,76.73638032747978,STALE_HIGH_OPPORTUNITY,275,36.0
3169,content_dfdcabaf09f7404e,76.73053478312094,STALE_HIGH_OPPORTUNITY,2543,34.0
3170,content_57be255e049d577c,76.73053478312094,STALE_HIGH_OPPORTUNITY,2543,34.0
3171,content_10389dc3bd8827df,76.73053478312094,STALE_HIGH_OPPORTUNITY,2543,34.0
3172,content_4100002918f9a04e,76.73053478312094,STALE_HIGH_OPPORTUNITY,2543,34.0
3173,content_595c78c531c4acf3,76.72873957015439,STALE_HIGH_OPPORTUNITY,2542,34.0
3174,content_f98362f7eed57568,76.7260995510859,STALE_HIGH_OPPORTUNITY,2540,34.0
3175,content_a529b61dadf5ddea,76.72536034574674,STALE_HIGH_OPPORTUNITY,2539,34.0
3176,content_b48ee2bda8050d38,76.7241987373566,STALE_HIGH_OPPORTUNITY,2538,34.0
3177,content_c29998a542f51d41,76.72303712896647,STALE_HIGH_OPPORTUNITY,2537,34.0
3178,content_ca96bc242abe0c7a,76.72050271066071,STALE_HIGH_OPPORTUNITY,2535,34.0
3179,content_4a894841e2164f6b,76.71680668396485,STALE_HIGH_OPPORTUNITY,2533,34.0
3180,content_4225ce3a284d884a,76.7123714519298,STALE_HIGH_OPPORTUNITY,2531,34.0
3181,content_37a5c6ee1115d3b1,76.71047063820049,STALE_HIGH_OPPORTUNITY,2530,34.0
3182,content_ecb152de645c1e7a,76.71047063820049,STALE_HIGH_OPPORTUNITY,2530,34.0
3183,content_b33ee23ee395ef66,76.70677461150463,STALE_HIGH_OPPORTUNITY,2528,34.0
3184,content_950810d239000b6d,76.70677461150463,STALE_HIGH_OPPORTUNITY,2528,34.0
3185,content_5cc08b1bb2cfdf00,76.70529620082627,STALE_HIGH_OPPORTUNITY,2527,34.0
3186,content_e6beef62931aa52f,76.70392339091067,STALE_HIGH_OPPORTUNITY,2526,34.0
3187,content_6c5c34dca16c71b8,76.7021281779441,STALE_HIGH_OPPORTUNITY,2525,34.0
3188,content_36b0d8785ff6e081,76.70001616268931,STALE_HIGH_OPPORTUNITY,2524,34.0
3189,content_65dba315814ab79d,76.69973686280926,STALE_HIGH_OPPORTUNITY,273,36.0
3190,content_cb0864f65545059e,76.69832655048549,STALE_HIGH_OPPORTUNITY,2523,34.0
3191,content_b17f4c648fc7825b,76.69832655048549,STALE_HIGH_OPPORTUNITY,2523,34.0
3192,content_6b73ecd8bf42d93b,76.69642573675618,STALE_HIGH_OPPORTUNITY,2522,34.0
3193,content_682bc73d657b4e56,76.69642573675618,STALE_HIGH_OPPORTUNITY,2522,34.0
3194,content_67af29e96a7e9459,76.69642573675618,STALE_HIGH_OPPORTUNITY,2522,34.0
3195,content_cc2dae8da7b719ad,76.69642573675618,STALE_HIGH_OPPORTUNITY,2522,34.0
3196,content_5a1c6ea37880f911,76.69642573675618,STALE_HIGH_OPPORTUNITY,2522,34.0
3197,content_2b509b842b6a4bfa,76.69368011692497,STALE_HIGH_OPPORTUNITY,2520,34.0
3198,content_2f20616a0e739edd,76.6933887476732,STALE_HIGH_OPPORTUNITY,214,113.0
3199,content_38464268813f90f5,76.6922017062466,STALE_HIGH_OPPORTUNITY,2519,34.0
3200,content_833a89208b77a3e5,76.6922017062466,STALE_HIGH_OPPORTUNITY,2519,34.0
3201,content_9067d9c7cc1ae6d5,76.68850567955074,STALE_HIGH_OPPORTUNITY,2516,34.0
3202,content_f4da8d12e402efa0,76.68850567955074,STALE_HIGH_OPPORTUNITY,2516,34.0
3203,content_1341905b08222ccf,76.68713286963514,STALE_HIGH_OPPORTUNITY,2515,34.0
3204,content_127f60ed17da9a96,76.68713286963514,STALE_HIGH_OPPORTUNITY,2515,34.0
3205,content_82309000d6aad776,76.68576005971951,STALE_HIGH_OPPORTUNITY,2514,34.0
3206,content_be937aad9f30ac9d,76.6838592459902,STALE_HIGH_OPPORTUNITY,2513,34.0
3207,content_f5f8282db468e89c,76.68125672932989,STALE_HIGH_OPPORTUNITY,272,36.0
3208,content_56a07ea8886955b3,76.67952961471791,STALE_HIGH_OPPORTUNITY,2510,34.0
3209,content_494c227c4b56b82b,76.67794560327681,STALE_HIGH_OPPORTUNITY,2509,34.0
3210,content_9eb6c9750ae626b4,76.6760447895475,STALE_HIGH_OPPORTUNITY,2508,34.0
3211,content_3c9925c3844d4cf0,76.6760447895475,STALE_HIGH_OPPORTUNITY,2508,34.0
3212,content_304b3c90d6faf02a,76.6760447895475,STALE_HIGH_OPPORTUNITY,2508,34.0
3213,content_3e98ae4d867a089e,76.67266556513985,STALE_HIGH_OPPORTUNITY,2506,34.0
3214,content_ea1a5825fe5e70aa,76.67139835598698,STALE_HIGH_OPPORTUNITY,2505,34.0
3215,content_99f84bd8ae133b6e,76.67065348856147,STALE_HIGH_OPPORTUNITY,202,131.0
3216,content_11fc19c8a22c369f,76.66907513920671,STALE_HIGH_OPPORTUNITY,2503,34.0
3217,content_3796a238d16f0a42,76.66749112776563,STALE_HIGH_OPPORTUNITY,2502,34.0
3218,content_ccf637693ff72262,76.6633726980188,STALE_HIGH_OPPORTUNITY,2499,34.0
3219,content_f610582c4a37498b,76.6633726980188,STALE_HIGH_OPPORTUNITY,2499,34.0
3220,content_1e24c6eaf80955ac,76.6633726980188,STALE_HIGH_OPPORTUNITY,2499,34.0
3221,content_5cd089178a4ced7e,76.66083827971306,STALE_HIGH_OPPORTUNITY,2498,34.0
3222,content_c11233cdb20ade3a,76.66083827971306,STALE_HIGH_OPPORTUNITY,2498,34.0
3223,content_83b11951cd879af4,76.66083827971306,STALE_HIGH_OPPORTUNITY,2498,34.0
3224,content_23a31d3a5040353b,76.65643611811305,STALE_HIGH_OPPORTUNITY,283,35.0
3225,content_29c173caff12c187,76.65640304767801,STALE_HIGH_OPPORTUNITY,2495,34.0
3226,content_59e08694f6b584a5,76.65524143928788,STALE_HIGH_OPPORTUNITY,2494,34.0
3227,content_ad7df5ea793a6b53,76.653974230135,STALE_HIGH_OPPORTUNITY,2493,34.0
3228,content_55720a5a50d824a5,76.653974230135,STALE_HIGH_OPPORTUNITY,2493,34.0
3229,content_b204e4e97ad5dcb4,76.65239021869392,STALE_HIGH_OPPORTUNITY,2492,34.0
3230,content_40267208d2544f10,76.65239021869392,STALE_HIGH_OPPORTUNITY,2492,34.0
3231,content_1bbea10ee1ff279d,76.65048940496462,STALE_HIGH_OPPORTUNITY,2491,34.0
3232,content_1bb9af4d83c8ce32,76.65048940496462,STALE_HIGH_OPPORTUNITY,2491,34.0
3233,content_9310b85ebed6c1f2,76.64763818437066,STALE_HIGH_OPPORTUNITY,2489,34.0
3234,content_4632006b9407e49d,76.64763818437066,STALE_HIGH_OPPORTUNITY,2489,34.0
3235,content_4af888f969d29f93,76.64605417292957,STALE_HIGH_OPPORTUNITY,2488,34.0
3236,content_e35db01d85cd0699,76.64313485398104,STALE_HIGH_OPPORTUNITY,270,36.0
3237,content_cee715ef67946887,76.64161894089452,STALE_HIGH_OPPORTUNITY,2485,34.0
3238,content_4da3fb4b4444e080,76.63971812716522,STALE_HIGH_OPPORTUNITY,2484,34.0
3239,content_03f255fc3c8087a8,76.63792291419865,STALE_HIGH_OPPORTUNITY,2483,34.0
3240,content_20353f9306966ec3,76.63792291419865,STALE_HIGH_OPPORTUNITY,2483,34.0
3241,content_4465e38800cd2899,76.63792291419865,STALE_HIGH_OPPORTUNITY,2483,34.0
3242,content_9cca93385b188795,76.63486049207921,STALE_HIGH_OPPORTUNITY,2481,34.0
3243,content_4d4b416c9bb3c6fb,76.63486049207921,STALE_HIGH_OPPORTUNITY,2481,34.0
3244,content_318a98534f1b3759,76.63222047301073,STALE_HIGH_OPPORTUNITY,2480,34.0
3245,content_823718ae4155d121,76.63010845775594,STALE_HIGH_OPPORTUNITY,2479,34.0
3246,content_2b10319a114a15fd,76.62778524097568,STALE_HIGH_OPPORTUNITY,2478,34.0
3247,content_2ee4ebbe93afa28b,76.62778524097568,STALE_HIGH_OPPORTUNITY,2478,34.0
3248,content_98730e8dc40b1c3e,76.62599002800913,STALE_HIGH_OPPORTUNITY,2477,34.0
3249,content_1019586d392532e6,76.62472281885626,STALE_HIGH_OPPORTUNITY,2476,34.0
3250,content_2200bd1b64100685,76.62472281885626,STALE_HIGH_OPPORTUNITY,2476,34.0
3251,content_092db3cb4eeebdeb,76.62303320665242,STALE_HIGH_OPPORTUNITY,2475,34.0
3252,content_ed321c7c985c862f,76.6216603967368,STALE_HIGH_OPPORTUNITY,2474,34.0
3253,content_0b0896f307d5b859,76.62039318758394,STALE_HIGH_OPPORTUNITY,2473,34.0
3254,content_818035553080efa5,76.61859797461737,STALE_HIGH_OPPORTUNITY,2472,34.0
3255,content_fe3fec564c924cbb,76.61669716088807,STALE_HIGH_OPPORTUNITY,2471,34.0
3256,content_791696fba5fa8266,76.60993871207275,STALE_HIGH_OPPORTUNITY,2468,34.0
3257,content_8a7f512b356a2398,76.60993871207275,STALE_HIGH_OPPORTUNITY,2468,34.0
3258,content_6a6e1b19e5b35bde,76.60993871207275,STALE_HIGH_OPPORTUNITY,2468,34.0
3259,content_bbed154dc4e7c3db,76.60993871207275,STALE_HIGH_OPPORTUNITY,2468,34.0
3260,content_d650a8e70bc1e28c,76.60750989452976,STALE_HIGH_OPPORTUNITY,2467,34.0
3261,content_5c7da6e8e1ed986f,76.60434187164758,STALE_HIGH_OPPORTUNITY,2465,34.0
3262,content_61ea818826d7af70,76.6030746624947,STALE_HIGH_OPPORTUNITY,2464,34.0
3263,content_b99be1e69826799f,76.6030746624947,STALE_HIGH_OPPORTUNITY,2464,34.0
3264,content_6293df764f39793c,76.60138505029087,STALE_HIGH_OPPORTUNITY,2463,34.0
3265,content_6f7b992125459795,76.60138505029087,STALE_HIGH_OPPORTUNITY,2463,34.0
3266,content_badf74d9f2df6058,76.59958983732432,STALE_HIGH_OPPORTUNITY,2462,34.0
3267,content_9d9f0e6627948ba2,76.59958983732432,STALE_HIGH_OPPORTUNITY,2462,34.0
3268,content_5aab7da05247d148,76.59958983732432,STALE_HIGH_OPPORTUNITY,2462,34.0
3269,content_c26ad71b317fd6a8,76.59958983732432,STALE_HIGH_OPPORTUNITY,2462,34.0
3270,content_7b2e4ab73a5f45d5,76.59811142664596,STALE_HIGH_OPPORTUNITY,2461,34.0
3271,content_4851b8cb16461206,76.5968442174931,STALE_HIGH_OPPORTUNITY,2460,34.0
3272,content_a284831bc6e1d0a2,76.5968442174931,STALE_HIGH_OPPORTUNITY,2460,34.0
3273,content_ebd017838239cdfa,76.5968442174931,STALE_HIGH_OPPORTUNITY,2460,34.0
3274,content_b9a246e76b5603f7,76.59536580681474,STALE_HIGH_OPPORTUNITY,2459,34.0
3275,content_808d55d509f5283c,76.5938873961364,STALE_HIGH_OPPORTUNITY,2458,34.0
3276,content_7e5b82a5601a4296,76.59251458622079,STALE_HIGH_OPPORTUNITY,2457,34.0
3277,content_b40e1f2c56a1dc29,76.59251458622079,STALE_HIGH_OPPORTUNITY,2457,34.0
3278,content_62e814ebcaab8411,76.59251458622079,STALE_HIGH_OPPORTUNITY,2457,34.0
3279,content_bfdf93f3eb818062,76.5909305747797,STALE_HIGH_OPPORTUNITY,2456,34.0
3280,content_a6db8f893f271a75,76.58871295876217,STALE_HIGH_OPPORTUNITY,2455,34.0
3281,content_48810e20f55cfdfa,76.58871295876217,STALE_HIGH_OPPORTUNITY,2455,34.0
3282,content_a9d6ab9ca63f7672,76.58871295876217,STALE_HIGH_OPPORTUNITY,2455,34.0
3283,content_712e922284376790,76.58628414121917,STALE_HIGH_OPPORTUNITY,2454,34.0
3284,content_f20815d3d0d2f466,76.58448892825261,STALE_HIGH_OPPORTUNITY,2453,34.0
3285,content_993722a2c0135022,76.58448892825261,STALE_HIGH_OPPORTUNITY,2453,34.0
3286,content_cdbb1e56ef4d1c1e,76.58325922150789,STALE_HIGH_OPPORTUNITY,267,36.0
3287,content_cf53164f8fcb7ab6,76.58248251376055,STALE_HIGH_OPPORTUNITY,2452,34.0
3288,content_312d1994d548c27f,76.58248251376055,STALE_HIGH_OPPORTUNITY,2452,34.0
3289,content_7323b1b3584bbcd7,76.58248251376055,STALE_HIGH_OPPORTUNITY,2452,34.0
3290,content_e6164202919ab3b2,76.58047609926851,STALE_HIGH_OPPORTUNITY,2451,34.0
3291,content_2c38605a5ce17a53,76.58047609926851,STALE_HIGH_OPPORTUNITY,2451,34.0
3292,content_b1e37d1935d0595f,76.57868088630194,STALE_HIGH_OPPORTUNITY,2450,34.0
3293,content_d9402df5b0efc460,76.57868088630194,STALE_HIGH_OPPORTUNITY,2450,34.0
3294,content_5b8c208897130b05,76.57868088630194,STALE_HIGH_OPPORTUNITY,2450,34.0
3295,content_5e92971b9c25dd00,76.57868088630194,STALE_HIGH_OPPORTUNITY,2450,34.0
3296,content_0b20782801d997b6,76.57604086723346,STALE_HIGH_OPPORTUNITY,2448,34.0
3297,content_b1f08e365e23c460,76.57477365808059,STALE_HIGH_OPPORTUNITY,2447,34.0
3298,content_b1987150086cd391,76.57361204969047,STALE_HIGH_OPPORTUNITY,2446,34.0
3299,content_9203d85926923212,76.57213363901212,STALE_HIGH_OPPORTUNITY,2445,34.0
3300,content_8d280dabd30b8f69,76.57213363901212,STALE_HIGH_OPPORTUNITY,2445,34.0
3301,content_8b84e716bba84a2d,76.57213363901212,STALE_HIGH_OPPORTUNITY,2445,34.0
3302,content_e7af8395824f4c9b,76.56854321307898,STALE_HIGH_OPPORTUNITY,2443,34.0
3303,content_9abbac27264c96e2,76.56854321307898,STALE_HIGH_OPPORTUNITY,2443,34.0
3304,content_135de3271e9b3ed3,76.56854321307898,STALE_HIGH_OPPORTUNITY,2443,34.0
3305,content_11ba932b5bc1ed3a,76.56410798104393,STALE_HIGH_OPPORTUNITY,2441,34.0
3306,content_741dc076c12cfd70,76.56410798104393,STALE_HIGH_OPPORTUNITY,2441,34.0
3307,content_b21714d639cd1163,76.56410798104393,STALE_HIGH_OPPORTUNITY,2441,34.0
3308,content_f102b08759045d31,76.56178476426368,STALE_HIGH_OPPORTUNITY,2440,34.0
3309,content_5da4a5be2654c30f,76.56178476426368,STALE_HIGH_OPPORTUNITY,2440,34.0
3310,content_f193cb056cb68c41,76.56178476426368,STALE_HIGH_OPPORTUNITY,2440,34.0
3311,content_872342e050545a12,76.55988395053436,STALE_HIGH_OPPORTUNITY,2439,34.0
3312,content_3f468ef752e372ff,76.55798313680506,STALE_HIGH_OPPORTUNITY,2438,34.0
3313,content_7ebcd084defd6064,76.55798313680506,STALE_HIGH_OPPORTUNITY,2438,34.0
3314,content_81374f56bf6d815d,76.55798313680506,STALE_HIGH_OPPORTUNITY,2438,34.0
3315,content_6aa2116dc6230d3d,76.55798313680506,STALE_HIGH_OPPORTUNITY,2438,34.0
3316,content_123f68ec70db8112,76.55629352460123,STALE_HIGH_OPPORTUNITY,2437,34.0
3317,content_2943dc6c60f6241f,76.55629352460123,STALE_HIGH_OPPORTUNITY,2437,34.0
3318,content_1cd025bc5fddca6f,76.55373074594613,STALE_HIGH_OPPORTUNITY,250,60.0
3319,content_795f88f04c6d2af8,76.55280869943083,STALE_HIGH_OPPORTUNITY,2435,34.0
3320,content_275837a50c07056b,76.55164709104069,STALE_HIGH_OPPORTUNITY,2434,34.0
3321,content_82e45a29b1500ff3,76.5502742811251,STALE_HIGH_OPPORTUNITY,2433,34.0
3322,content_0ac2175cd871ddd0,76.5502742811251,STALE_HIGH_OPPORTUNITY,2433,34.0
3323,content_adc8c5551193aa37,76.5488333728549,STALE_HIGH_OPPORTUNITY,265,36.0
3324,content_d2661644c970fc9d,76.54847906815853,STALE_HIGH_OPPORTUNITY,2432,34.0
3325,content_77e5d36a50875fb2,76.54594464985279,STALE_HIGH_OPPORTUNITY,2430,34.0
3326,content_c9c50fbed7d5ade5,76.54467744069991,STALE_HIGH_OPPORTUNITY,2429,34.0
3327,content_ec59e59ef753aecf,76.5429878284961,STALE_HIGH_OPPORTUNITY,2428,34.0
3328,content_b6910bb039ee2ca6,76.5429878284961,STALE_HIGH_OPPORTUNITY,2428,34.0
3329,content_57d2fee1a939751c,76.54024220866486,STALE_HIGH_OPPORTUNITY,2427,34.0
3330,content_227e4a8a21e576c5,76.54024220866486,STALE_HIGH_OPPORTUNITY,2427,34.0
3331,content_1a3d9dc25444790f,76.53802459264735,STALE_HIGH_OPPORTUNITY,2426,34.0
3332,content_412448745d55d4ec,76.5344341667142,STALE_HIGH_OPPORTUNITY,2423,34.0
3333,content_6b113c84d4e50fbd,76.53327255832407,STALE_HIGH_OPPORTUNITY,2422,34.0
3334,content_c793460ea8a7de72,76.53327255832407,STALE_HIGH_OPPORTUNITY,2422,34.0
3335,content_16af40c38fe6fc26,76.53327255832407,STALE_HIGH_OPPORTUNITY,2422,34.0
3336,content_876d7f5ffcb1b52d,76.53189974840848,STALE_HIGH_OPPORTUNITY,2421,34.0
3337,content_9d16f6b1aa7dc719,76.53094934154382,STALE_HIGH_OPPORTUNITY,2420,34.0
3338,content_0cc7be5ae5cad655,76.52809812094985,STALE_HIGH_OPPORTUNITY,2418,34.0
3339,content_82280abd3ce45689,76.52809812094985,STALE_HIGH_OPPORTUNITY,2418,34.0
3340,content_ae8fa827fad9693f,76.52493009806768,STALE_HIGH_OPPORTUNITY,2416,34.0
3341,content_c32646211120fc83,76.52493009806768,STALE_HIGH_OPPORTUNITY,2416,34.0
3342,content_dc6b7637b78240c2,76.52324048586385,STALE_HIGH_OPPORTUNITY,2415,34.0
3343,content_02b5f822ee586ed7,76.52165647442276,STALE_HIGH_OPPORTUNITY,2414,34.0
3344,content_9431f2aaf53d9eff,76.51996686221894,STALE_HIGH_OPPORTUNITY,2413,34.0
3345,content_a8a02ddfd935d62a,76.5177492462014,STALE_HIGH_OPPORTUNITY,2412,34.0
3346,content_90bbbfdbf7bde0f7,76.5177492462014,STALE_HIGH_OPPORTUNITY,2412,34.0
3347,content_eba64b319e43664f,76.51510922713294,STALE_HIGH_OPPORTUNITY,2411,34.0
3348,content_7fdb52cceb0da871,76.50796587767482,STALE_HIGH_OPPORTUNITY,263,36.0
3349,content_ecd6c58714e796eb,76.50740037145297,STALE_HIGH_OPPORTUNITY,2407,34.0
3350,content_6b0778e0957ff5b1,76.50740037145297,STALE_HIGH_OPPORTUNITY,2407,34.0
3351,content_0a3ad0cfb27161f5,76.50740037145297,STALE_HIGH_OPPORTUNITY,2407,34.0
3352,content_38b9e8b77b058cad,76.50740037145297,STALE_HIGH_OPPORTUNITY,2407,34.0
3353,content_845519df086583c6,76.50740037145297,STALE_HIGH_OPPORTUNITY,2407,34.0
3354,content_7bbad343986bf320,76.50486595314723,STALE_HIGH_OPPORTUNITY,2405,34.0
3355,content_541c91e0f89df9ed,76.50338754246887,STALE_HIGH_OPPORTUNITY,2404,34.0
3356,content_032e902cf484d10c,76.50159232950232,STALE_HIGH_OPPORTUNITY,2403,34.0
3357,content_ecd7ed4dd12f8716,76.49979711653575,STALE_HIGH_OPPORTUNITY,2402,34.0
3358,content_3b3182cb34c01e60,76.49979711653575,STALE_HIGH_OPPORTUNITY,2402,34.0
3359,content_4b862ec5ded83a8a,76.49747389975548,STALE_HIGH_OPPORTUNITY,2401,34.0
3360,content_93af6bf2dd66b821,76.49747389975548,STALE_HIGH_OPPORTUNITY,2401,34.0
3361,content_e9653a92f6d507f2,76.49747389975548,STALE_HIGH_OPPORTUNITY,2401,34.0
3362,content_810323d88df953e8,76.49515068297522,STALE_HIGH_OPPORTUNITY,2400,34.0
3363,content_90828589da585506,76.49515068297522,STALE_HIGH_OPPORTUNITY,2400,34.0
3364,content_5e20eb08144a1670,76.49356667153414,STALE_HIGH_OPPORTUNITY,2399,34.0
3365,content_3596c519acc7af2d,76.49356667153414,STALE_HIGH_OPPORTUNITY,2399,34.0
3366,content_4be6830bf28f301d,76.49356667153414,STALE_HIGH_OPPORTUNITY,2399,34.0
3367,content_1372859b41a0d979,76.49356667153414,STALE_HIGH_OPPORTUNITY,2399,34.0
3368,content_70a9b01aae0155a0,76.49229946238127,STALE_HIGH_OPPORTUNITY,2398,34.0
3369,content_b851364479eb57c9,76.4905042494147,STALE_HIGH_OPPORTUNITY,2397,34.0
3370,content_eb53445deb598577,76.48818103263443,STALE_HIGH_OPPORTUNITY,2396,34.0
3371,content_9f86e99d58a35768,76.48818103263443,STALE_HIGH_OPPORTUNITY,2396,34.0
3372,content_48d03d9d5a77f362,76.48628021890512,STALE_HIGH_OPPORTUNITY,2395,34.0
3373,content_be9ed87c3c6ee9f2,76.48628021890512,STALE_HIGH_OPPORTUNITY,2395,34.0
3374,content_45575c983e95920c,76.48437940517583,STALE_HIGH_OPPORTUNITY,2394,34.0
3375,content_9beea8bc227be207,76.48268979297198,STALE_HIGH_OPPORTUNITY,2393,34.0
3376,content_0e5651ec7608ff86,76.48100018076816,STALE_HIGH_OPPORTUNITY,2392,34.0
3377,content_effe8d31f9642614,76.47793775864872,STALE_HIGH_OPPORTUNITY,2390,34.0
3378,content_a3848979c28a70bf,76.47793775864872,STALE_HIGH_OPPORTUNITY,2390,34.0
3379,content_2e7392b1b076c82b,76.47793775864872,STALE_HIGH_OPPORTUNITY,2390,34.0
3380,content_3af25f503d6c28c0,76.47624814644489,STALE_HIGH_OPPORTUNITY,2389,34.0
3381,content_2499512d1deed0fc,76.47350252661367,STALE_HIGH_OPPORTUNITY,2387,34.0
3382,content_56692e0bbfe49edd,76.47350252661367,STALE_HIGH_OPPORTUNITY,2387,34.0
3383,content_29c2e025c2535062,76.47350252661367,STALE_HIGH_OPPORTUNITY,2387,34.0
3384,content_4d63321990c9e2c8,76.47350252661367,STALE_HIGH_OPPORTUNITY,2387,34.0
3385,content_76167e8a46bff3f3,76.47202411593534,STALE_HIGH_OPPORTUNITY,2386,34.0
3386,content_3ef9cee8c25e4ecf,76.47202411593534,STALE_HIGH_OPPORTUNITY,2386,34.0
3387,content_eddef029dcf1760a,76.46938409686686,STALE_HIGH_OPPORTUNITY,2384,34.0
3388,content_bf79bba3bab73ce1,76.46516006635727,STALE_HIGH_OPPORTUNITY,2382,34.0
3389,content_29c05f315705b369,76.46516006635727,STALE_HIGH_OPPORTUNITY,2382,34.0
3390,content_02dcd184792aba39,76.46516006635727,STALE_HIGH_OPPORTUNITY,2382,34.0
3391,content_bc7bcece03675769,76.46325925262798,STALE_HIGH_OPPORTUNITY,2381,34.0
3392,content_dd7d4123c09269f6,76.46325925262798,STALE_HIGH_OPPORTUNITY,2381,34.0
3393,content_e7a459c13fa33dcb,76.46072483432222,STALE_HIGH_OPPORTUNITY,2379,34.0
3394,content_a45b7fed1d7ae597,76.45882402059293,STALE_HIGH_OPPORTUNITY,2378,34.0
3395,content_0c377b1078fa7cc6,76.45882402059293,STALE_HIGH_OPPORTUNITY,2378,34.0
3396,content_10b1f92b3ac37f3d,76.45882402059293,STALE_HIGH_OPPORTUNITY,2378,34.0
3397,content_d2bcd64aa85580fa,76.45650080381266,STALE_HIGH_OPPORTUNITY,2377,34.0
3398,content_047f8c12e29c17df,76.4541775870324,STALE_HIGH_OPPORTUNITY,2376,34.0
3399,content_536c8ac756127888,76.44868634736996,STALE_HIGH_OPPORTUNITY,2372,34.0
3400,content_6d595711b15234ff,76.44868634736996,STALE_HIGH_OPPORTUNITY,2372,34.0
3401,content_6d1bfafaf9c04045,76.44699673516614,STALE_HIGH_OPPORTUNITY,2371,34.0
3402,content_ce4a5eb8cf3b393f,76.44699673516614,STALE_HIGH_OPPORTUNITY,2371,34.0
3403,content_23e15531cbb4c189,76.4453071229623,STALE_HIGH_OPPORTUNITY,2370,34.0
3404,content_8df15e57c6db4365,76.4453071229623,STALE_HIGH_OPPORTUNITY,2370,34.0
3405,content_00a48344a5b46038,76.44266710389383,STALE_HIGH_OPPORTUNITY,2368,34.0
3406,content_b472031b19121c22,76.44076629016452,STALE_HIGH_OPPORTUNITY,2367,34.0
3407,content_44ae79a0e2357d22,76.44076629016452,STALE_HIGH_OPPORTUNITY,2367,34.0
3408,content_238973709d101bc9,76.44076629016452,STALE_HIGH_OPPORTUNITY,2367,34.0
3409,content_facf4217ec5aca98,76.44076629016452,STALE_HIGH_OPPORTUNITY,2367,34.0
3410,content_dd665dfdb3245dd3,76.43897107719795,STALE_HIGH_OPPORTUNITY,2366,34.0
3411,content_f50df324c0466ad8,76.43516944973933,STALE_HIGH_OPPORTUNITY,2364,34.0
3412,content_759746163e4e52a6,76.4307342177043,STALE_HIGH_OPPORTUNITY,2362,34.0
3413,content_3f67ff69a933dee9,76.4307342177043,STALE_HIGH_OPPORTUNITY,2362,34.0
3414,content_9f8f7db13ca4abdf,76.4307342177043,STALE_HIGH_OPPORTUNITY,2362,34.0
3415,content_e28c50f0cfa2dd65,76.4307342177043,STALE_HIGH_OPPORTUNITY,2362,34.0
3416,content_f1071585fd860642,76.4307342177043,STALE_HIGH_OPPORTUNITY,2362,34.0
3417,content_7f8ce0b68760dae7,76.42682698948293,STALE_HIGH_OPPORTUNITY,2360,34.0
3418,content_62911a876f9de425,76.42682698948293,STALE_HIGH_OPPORTUNITY,2360,34.0
3419,content_5ddf0d5ff946c9d3,76.42334216431254,STALE_HIGH_OPPORTUNITY,2358,34.0
3420,content_c5e5d149e4e3b776,76.42049094371859,STALE_HIGH_OPPORTUNITY,2357,34.0
3421,content_2894d3ae4f3b6c34,76.42049094371859,STALE_HIGH_OPPORTUNITY,2357,34.0
3422,content_105f564b3865a827,76.41827332770107,STALE_HIGH_OPPORTUNITY,2356,34.0
3423,content_de0332567c0725fd,76.4170061185482,STALE_HIGH_OPPORTUNITY,2355,34.0
3424,content_afb55f62b5f05b27,76.41584451015807,STALE_HIGH_OPPORTUNITY,2354,34.0
3425,content_3bf36a1ee690bc6d,76.41584451015807,STALE_HIGH_OPPORTUNITY,2354,34.0
3426,content_a12da687324d7c37,76.41584451015807,STALE_HIGH_OPPORTUNITY,2354,34.0
3427,content_fd48f19a0781a1b1,76.41584451015807,STALE_HIGH_OPPORTUNITY,2354,34.0
3428,content_463915664b4851a6,76.41394369642876,STALE_HIGH_OPPORTUNITY,2353,34.0
3429,content_ee2c54dc7f1274e9,76.41183168117396,STALE_HIGH_OPPORTUNITY,2352,34.0
3430,content_7ade0fed213cfb9b,76.40950846439371,STALE_HIGH_OPPORTUNITY,2351,34.0
3431,content_4664e2b677e22c5f,76.40729084837619,STALE_HIGH_OPPORTUNITY,2350,34.0
3432,content_8ed82ea989d7eb0c,76.40443962778224,STALE_HIGH_OPPORTUNITY,2348,34.0
3433,content_92d034e9a2a4dd4d,76.40443962778224,STALE_HIGH_OPPORTUNITY,2348,34.0
3434,content_863fa1c6a3b83730,76.40264441481565,STALE_HIGH_OPPORTUNITY,2347,34.0
3435,content_2d1dc64941f035b3,76.40106040337457,STALE_HIGH_OPPORTUNITY,2346,34.0
3436,content_7c757b9b7a22530f,76.39810358201787,STALE_HIGH_OPPORTUNITY,2344,34.0
3437,content_f58c62ed8872cc3a,76.39641396981405,STALE_HIGH_OPPORTUNITY,2343,34.0
3438,content_0b44d24c1e9198f9,76.39641396981405,STALE_HIGH_OPPORTUNITY,2343,34.0
3439,content_0a7a764302e3eb43,76.39641396981405,STALE_HIGH_OPPORTUNITY,2343,34.0
3440,content_4673902dc92b61da,76.39641396981405,STALE_HIGH_OPPORTUNITY,2343,34.0
3441,content_2fb39a016a1ca549,76.39514676066118,STALE_HIGH_OPPORTUNITY,2342,34.0
3442,content_449782cbfcf8c57b,76.39419635379652,STALE_HIGH_OPPORTUNITY,2341,34.0
3443,content_f75ac8fc44bc96cd,76.39271794311817,STALE_HIGH_OPPORTUNITY,2340,34.0
3444,content_b262a53f99364a11,76.39271794311817,STALE_HIGH_OPPORTUNITY,2340,34.0
3445,content_b314a459ba9dee27,76.39081712938888,STALE_HIGH_OPPORTUNITY,2339,34.0
3446,content_1d5aae14dcf82bdb,76.39081712938888,STALE_HIGH_OPPORTUNITY,2339,34.0
3447,content_7a72c5174a585324,76.39081712938888,STALE_HIGH_OPPORTUNITY,2339,34.0
3448,content_39c989ccaddb05a2,76.39081712938888,STALE_HIGH_OPPORTUNITY,2339,34.0
3449,content_6cb321ee558b9722,76.39081712938888,STALE_HIGH_OPPORTUNITY,2339,34.0
3450,content_c0d4cd3800cfbfd7,76.39081712938888,STALE_HIGH_OPPORTUNITY,2339,34.0
3451,content_489b5737e12281b5,76.38912751718505,STALE_HIGH_OPPORTUNITY,2338,34.0
3452,content_5443d2c56c93febc,76.38722670345574,STALE_HIGH_OPPORTUNITY,2337,34.0
3453,content_9cd98739e9a560f4,76.38426988209903,STALE_HIGH_OPPORTUNITY,2335,34.0
3454,content_22b2b7bdb7dc1417,76.38426988209903,STALE_HIGH_OPPORTUNITY,2335,34.0
3455,content_84d53dd462e59d82,76.38110185921686,STALE_HIGH_OPPORTUNITY,2333,34.0
3456,content_f2dbbf1232212a15,76.3787786424366,STALE_HIGH_OPPORTUNITY,2332,34.0
3457,content_df688bb1205d22bd,76.3787786424366,STALE_HIGH_OPPORTUNITY,2332,34.0
3458,content_c5219922ff377413,76.3787786424366,STALE_HIGH_OPPORTUNITY,2332,34.0
3459,content_50c393723a4c8dac,76.37645542565633,STALE_HIGH_OPPORTUNITY,2331,34.0
3460,content_4eb92578c2e241d7,76.37466021268976,STALE_HIGH_OPPORTUNITY,2330,34.0
3461,content_2879353f031b1983,76.37317924194971,STALE_HIGH_OPPORTUNITY,86,232.0
3462,content_7bb6c01dd1a3289a,76.37275939896045,STALE_HIGH_OPPORTUNITY,2329,34.0
3463,content_a4cbbf107b37bd2e,76.37275939896045,STALE_HIGH_OPPORTUNITY,2329,34.0
3464,content_a49cc7b733b346a3,76.37275939896045,STALE_HIGH_OPPORTUNITY,2329,34.0
3465,content_a46ed931b422d6fb,76.37275939896045,STALE_HIGH_OPPORTUNITY,2329,34.0
3466,content_03025181196a6f8b,76.37275939896045,STALE_HIGH_OPPORTUNITY,2329,34.0
3467,content_2880691b1e1b34d4,76.37054178294294,STALE_HIGH_OPPORTUNITY,2328,34.0
3468,content_f944b9e118a411a3,76.36853536845089,STALE_HIGH_OPPORTUNITY,2327,34.0
3469,content_5c2be3e461e471b6,76.36684575624706,STALE_HIGH_OPPORTUNITY,2326,34.0
3470,content_529d97b851f76ffc,76.36473374099228,STALE_HIGH_OPPORTUNITY,2324,34.0
3471,content_cb790808d838d299,76.36388893489035,STALE_HIGH_OPPORTUNITY,2323,34.0
3472,content_f9173fc2f1ef4511,76.36283292726297,STALE_HIGH_OPPORTUNITY,2322,34.0
3473,content_a0dcb0b49dd0db67,76.36283292726297,STALE_HIGH_OPPORTUNITY,2322,34.0
3474,content_877021e9e7bd1014,76.36283292726297,STALE_HIGH_OPPORTUNITY,2322,34.0
3475,content_24a5b2dd0e4df99d,76.36283292726297,STALE_HIGH_OPPORTUNITY,2322,34.0
3476,content_017ff04acfbfccc9,76.36093211353366,STALE_HIGH_OPPORTUNITY,2321,34.0
3477,content_80a3b6584e3f76f8,76.36093211353366,STALE_HIGH_OPPORTUNITY,2321,34.0
3478,content_0ac9afcc862576fd,76.35903129980437,STALE_HIGH_OPPORTUNITY,2320,34.0
3479,content_228bf1875ca88794,76.35903129980437,STALE_HIGH_OPPORTUNITY,2320,34.0
3480,content_c9bdbc23020caa66,76.3572360868378,STALE_HIGH_OPPORTUNITY,2319,34.0
3481,content_ed057c8d600a1426,76.35449046700657,STALE_HIGH_OPPORTUNITY,2317,34.0
3482,content_d543c174badd1b09,76.35449046700657,STALE_HIGH_OPPORTUNITY,2317,34.0
3483,content_da175b8caa88ab50,76.35269525404,STALE_HIGH_OPPORTUNITY,2316,34.0
3484,content_bd1937feddb8773d,76.35269525404,STALE_HIGH_OPPORTUNITY,2316,34.0
3485,content_cb1570a0eead5154,76.35111124259892,STALE_HIGH_OPPORTUNITY,2315,34.0
3486,content_d62949dde8644388,76.3494216303951,STALE_HIGH_OPPORTUNITY,2314,34.0
3487,content_7fab327f00a10afe,76.3494216303951,STALE_HIGH_OPPORTUNITY,2314,34.0
3488,content_33b698b1cb074f68,76.3494216303951,STALE_HIGH_OPPORTUNITY,2314,34.0
3489,content_8dd87a5e2dd43bd9,76.34709841361483,STALE_HIGH_OPPORTUNITY,2313,34.0
3490,content_7143161af1e5d6cd,76.34709841361483,STALE_HIGH_OPPORTUNITY,2313,34.0
3491,content_eb6e62ade8927dbc,76.34709841361483,STALE_HIGH_OPPORTUNITY,2313,34.0
3492,content_d5cf910bf3a3bef3,76.34709841361483,STALE_HIGH_OPPORTUNITY,2313,34.0
3493,content_0ee6a34608652f53,76.34530320064826,STALE_HIGH_OPPORTUNITY,2312,34.0
3494,content_665d987ca8ce0bb9,76.34382478996991,STALE_HIGH_OPPORTUNITY,2311,34.0
3495,content_d71d52aa1c59f29f,76.34382478996991,STALE_HIGH_OPPORTUNITY,2311,34.0
3496,content_e01ded08223fdf0c,76.34382478996991,STALE_HIGH_OPPORTUNITY,2311,34.0
3497,content_9abff857b151bda2,76.34129037166417,STALE_HIGH_OPPORTUNITY,2310,34.0
3498,content_54c729eec42dd225,76.34129037166417,STALE_HIGH_OPPORTUNITY,2310,34.0
3499,content_9ec91765ee3cf9d7,76.34129037166417,STALE_HIGH_OPPORTUNITY,2310,34.0
3500,content_a9545a357cd2e358,76.33611593428995,STALE_HIGH_OPPORTUNITY,2308,34.0
3501,content_7be5a51fbd55316d,76.33236379303811,STALE_HIGH_OPPORTUNITY,209,81.0
3502,content_a8d9f9daa16c2568,76.33231430683135,STALE_HIGH_OPPORTUNITY,2306,34.0
3503,content_5313916cc98b53fa,76.33231430683135,STALE_HIGH_OPPORTUNITY,2306,34.0
3504,content_afa86046c7bae56a,76.32756227250808,STALE_HIGH_OPPORTUNITY,2303,34.0
3505,content_61090dcaabccc23a,76.32756227250808,STALE_HIGH_OPPORTUNITY,2303,34.0
3506,content_fa895a9232feb845,76.32756227250808,STALE_HIGH_OPPORTUNITY,2303,34.0
3507,content_8aa6a4350440755e,76.32397184657493,STALE_HIGH_OPPORTUNITY,2301,34.0
3508,content_c2366b6258fa1f71,76.32397184657493,STALE_HIGH_OPPORTUNITY,2301,34.0
3509,content_352bde542253cefc,76.32397184657493,STALE_HIGH_OPPORTUNITY,2301,34.0
3510,content_6dcb9f56de885747,76.32397184657493,STALE_HIGH_OPPORTUNITY,2301,34.0
3511,content_9498b1e47a721e88,76.32397184657493,STALE_HIGH_OPPORTUNITY,2301,34.0
3512,content_24007b9120043aa3,76.32397184657493,STALE_HIGH_OPPORTUNITY,2301,34.0
3513,content_196c064f0ef2d27d,76.31974781606536,STALE_HIGH_OPPORTUNITY,2299,34.0
3514,content_8e7598ab565aaead,76.31784700233607,STALE_HIGH_OPPORTUNITY,2298,34.0
3515,content_c4bc126b511fe2a2,76.31573498708129,STALE_HIGH_OPPORTUNITY,2297,34.0
3516,content_9ecd0aa78ab95f13,76.31573498708129,STALE_HIGH_OPPORTUNITY,2297,34.0
3517,content_20c4898be33e2687,76.31425657640293,STALE_HIGH_OPPORTUNITY,2296,34.0
3518,content_6db06e2a2bd2c799,76.31203896038541,STALE_HIGH_OPPORTUNITY,2295,34.0
3519,content_e684e8d7125ab44b,76.31203896038541,STALE_HIGH_OPPORTUNITY,2295,34.0
3520,content_7e09f9b65bec97ce,76.31203896038541,STALE_HIGH_OPPORTUNITY,2295,34.0
3521,content_1d0091ba028f391d,76.31203896038541,STALE_HIGH_OPPORTUNITY,2295,34.0
3522,content_b4030d06cbade29a,76.31203896038541,STALE_HIGH_OPPORTUNITY,2295,34.0
3523,content_d3145b6fde1c7998,76.30961014284242,STALE_HIGH_OPPORTUNITY,2294,34.0
3524,content_6b2a1bbbdc6c3a81,76.30961014284242,STALE_HIGH_OPPORTUNITY,2294,34.0
3525,content_a246fa5bf2c70483,76.30601971690928,STALE_HIGH_OPPORTUNITY,2292,34.0
3526,content_754283cf9a0b3698,76.30601971690928,STALE_HIGH_OPPORTUNITY,2292,34.0
3527,content_dfa95e286ccb243a,76.30601971690928,STALE_HIGH_OPPORTUNITY,2292,34.0
3528,content_be7dc6e45982d2f5,76.30454130623092,STALE_HIGH_OPPORTUNITY,2291,34.0
3529,content_65df8078102019e9,76.3028516940271,STALE_HIGH_OPPORTUNITY,2290,34.0
3530,content_cd3c66f48e0d126a,76.3028516940271,STALE_HIGH_OPPORTUNITY,2290,34.0
3531,content_4bd29966a1cda512,76.30116208182326,STALE_HIGH_OPPORTUNITY,2289,34.0
3532,content_0709f29e7f096e6d,76.29926126809396,STALE_HIGH_OPPORTUNITY,2288,34.0
3533,content_8d701db4cc422058,76.29672684978821,STALE_HIGH_OPPORTUNITY,2287,34.0
3534,content_63faba35e9463b81,76.29472043529617,STALE_HIGH_OPPORTUNITY,2286,34.0
3535,content_253ee4419402b7db,76.29472043529617,STALE_HIGH_OPPORTUNITY,2286,34.0
3536,content_5a97e1ea33fe20a8,76.29472043529617,STALE_HIGH_OPPORTUNITY,2286,34.0
3537,content_3663cac32f79456e,76.29472043529617,STALE_HIGH_OPPORTUNITY,2286,34.0
3538,content_e538d483ebdd9843,76.2929252223296,STALE_HIGH_OPPORTUNITY,2285,34.0
3539,content_c13fd9514af43b8e,76.2929252223296,STALE_HIGH_OPPORTUNITY,2285,34.0
3540,content_1d634b4c35963a58,76.2929252223296,STALE_HIGH_OPPORTUNITY,2285,34.0
3541,content_d2829d826ab19bc9,76.2896515986847,STALE_HIGH_OPPORTUNITY,2283,34.0
3542,content_d87d9e2474306958,76.2896515986847,STALE_HIGH_OPPORTUNITY,2283,34.0
3543,content_da5776539718eba0,76.2896515986847,STALE_HIGH_OPPORTUNITY,2283,34.0
3544,content_5b8fb7fefcfaa266,76.28775078495538,STALE_HIGH_OPPORTUNITY,2282,34.0
3545,content_890ef127a9e57752,76.2856387697006,STALE_HIGH_OPPORTUNITY,2281,34.0
3546,content_12282aae2b995dd1,76.2856387697006,STALE_HIGH_OPPORTUNITY,2281,34.0
3547,content_5a1fa104e0713361,76.2856387697006,STALE_HIGH_OPPORTUNITY,2281,34.0
3548,content_589d77ff468df8be,76.2837379559713,STALE_HIGH_OPPORTUNITY,2280,34.0
3549,content_77b3ae210ca8046a,76.28204834376747,STALE_HIGH_OPPORTUNITY,2279,34.0
3550,content_0c7a72568dce41b4,76.28204834376747,STALE_HIGH_OPPORTUNITY,2279,34.0
3551,content_42bc6615f5779e9a,76.28204834376747,STALE_HIGH_OPPORTUNITY,2279,34.0
3552,content_8bc4a67bb0dad9d5,76.2791971231735,STALE_HIGH_OPPORTUNITY,2277,34.0
3553,content_b593e905923fa131,76.27750751096968,STALE_HIGH_OPPORTUNITY,2276,34.0
3554,content_5c310c740691734f,76.27750751096968,STALE_HIGH_OPPORTUNITY,2276,34.0
3555,content_84eed6e5b3956473,76.27528989495215,STALE_HIGH_OPPORTUNITY,2275,34.0
3556,content_9ac256636d8c226c,76.27528989495215,STALE_HIGH_OPPORTUNITY,2275,34.0
3557,content_4b7cd486aba537c6,76.27528989495215,STALE_HIGH_OPPORTUNITY,2275,34.0
3558,content_ce4a540d23f4c4ad,76.27307227893463,STALE_HIGH_OPPORTUNITY,2274,34.0
3559,content_5afacc257182c9bd,76.27307227893463,STALE_HIGH_OPPORTUNITY,2274,34.0
3560,content_1a655d8ebc905232,76.27307227893463,STALE_HIGH_OPPORTUNITY,2274,34.0
3561,content_e4b207e62a23f046,76.27307227893463,STALE_HIGH_OPPORTUNITY,2274,34.0
3562,content_544a5ab683f49cf1,76.27085466291712,STALE_HIGH_OPPORTUNITY,2273,34.0
3563,content_9e23b24e28f48b3e,76.26705303545849,STALE_HIGH_OPPORTUNITY,2271,34.0
3564,content_325d2a4e76323090,76.26494102020372,STALE_HIGH_OPPORTUNITY,2270,34.0
3565,content_28d7ed1458f51192,76.26314580723715,STALE_HIGH_OPPORTUNITY,2269,34.0
3566,content_bf39023c8192b86b,76.26040018740592,STALE_HIGH_OPPORTUNITY,2267,34.0
3567,content_da444448dfabc97f,76.26040018740592,STALE_HIGH_OPPORTUNITY,2267,34.0
3568,content_421e0c72c902e39d,76.26040018740592,STALE_HIGH_OPPORTUNITY,2267,34.0
3569,content_47d0a5d607268fd4,76.26040018740592,STALE_HIGH_OPPORTUNITY,2267,34.0
3570,content_6bc4053e483f8845,76.26040018740592,STALE_HIGH_OPPORTUNITY,2267,34.0
3571,content_a59b6b5887b354b6,76.25881617596484,STALE_HIGH_OPPORTUNITY,2266,34.0
3572,content_8fd0144aed64d86b,76.25776016833744,STALE_HIGH_OPPORTUNITY,2265,34.0
3573,content_c1d3facb79eee9bb,76.25649295918457,STALE_HIGH_OPPORTUNITY,2264,34.0
3574,content_491d8412b931230f,76.25216332791227,STALE_HIGH_OPPORTUNITY,2262,34.0
3575,content_f045eaddc26cae77,76.24941770808105,STALE_HIGH_OPPORTUNITY,2261,34.0
3576,content_f4098d5b2c2eeb18,76.24726607248404,STALE_HIGH_OPPORTUNITY,75,243.0
3577,content_f23d4094d45bbea2,76.24477127452052,STALE_HIGH_OPPORTUNITY,2259,34.0
3578,content_e4b50931a157aa87,76.2414976508756,STALE_HIGH_OPPORTUNITY,2257,34.0
3579,content_f27950483ee4a68c,76.2414976508756,STALE_HIGH_OPPORTUNITY,2257,34.0
3580,content_4b9aa19333082058,76.2414976508756,STALE_HIGH_OPPORTUNITY,2257,34.0
3581,content_24599543446b70b8,76.23896323256987,STALE_HIGH_OPPORTUNITY,2256,34.0
3582,content_f310cfe50859119c,76.23896323256987,STALE_HIGH_OPPORTUNITY,2256,34.0
3583,content_dcabfc221e68545d,76.23896323256987,STALE_HIGH_OPPORTUNITY,2256,34.0
3584,content_da6d1c8131ab00f1,76.23896323256987,STALE_HIGH_OPPORTUNITY,2256,34.0
3585,content_36c1f946a1f89b3e,76.2366400157896,STALE_HIGH_OPPORTUNITY,2255,34.0
3586,content_868d1dc5c84ff6cb,76.23452800053482,STALE_HIGH_OPPORTUNITY,2254,34.0
3587,content_de0e840d0860a69a,76.23452800053482,STALE_HIGH_OPPORTUNITY,2254,34.0
3588,content_5d398387c29000cb,76.23262718680552,STALE_HIGH_OPPORTUNITY,2253,34.0
3589,content_89ead9ee32cb6a18,76.23262718680552,STALE_HIGH_OPPORTUNITY,2253,34.0
3590,content_630a4a09228834ae,76.23262718680552,STALE_HIGH_OPPORTUNITY,2253,34.0
3591,content_53410c2fed19b68d,76.23262718680552,STALE_HIGH_OPPORTUNITY,2253,34.0
3592,content_867c6c61d6a6d7c1,76.2312543768899,STALE_HIGH_OPPORTUNITY,2252,34.0
3593,content_08b0e281f9c25d1b,76.22914236163511,STALE_HIGH_OPPORTUNITY,2251,34.0
3594,content_59f2a7ce9c03c88f,76.22914236163511,STALE_HIGH_OPPORTUNITY,2251,34.0
3595,content_33574ce108314f88,76.22914236163511,STALE_HIGH_OPPORTUNITY,2251,34.0
3596,content_0a6ec331fa6cd0cd,76.22914236163511,STALE_HIGH_OPPORTUNITY,2251,34.0
3597,content_16bd5e92ff3b37f5,76.22671354409212,STALE_HIGH_OPPORTUNITY,2250,34.0
3598,content_190fb9b84c0f56f9,76.2253407341765,STALE_HIGH_OPPORTUNITY,2249,34.0
3599,content_6bda9da3965b49fa,76.22354552120994,STALE_HIGH_OPPORTUNITY,2248,34.0
3600,content_f41900c19e9a24e7,76.22354552120994,STALE_HIGH_OPPORTUNITY,2248,34.0
3601,content_4af58df64c214279,76.22122230442967,STALE_HIGH_OPPORTUNITY,2247,34.0
3602,content_61f2b7cbddb6efab,76.21879348688667,STALE_HIGH_OPPORTUNITY,2246,34.0
3603,content_44d795ef93b3618a,76.21879348688667,STALE_HIGH_OPPORTUNITY,2246,34.0
3604,content_1cad01bf0c8f4a4c,76.21879348688667,STALE_HIGH_OPPORTUNITY,2246,34.0
3605,content_b76ece91a54e0117,76.2164702701064,STALE_HIGH_OPPORTUNITY,2245,34.0
3606,content_3ff6ae6ce85bc2e6,76.2164702701064,STALE_HIGH_OPPORTUNITY,2245,34.0
3607,content_9b89dcfe4b071b48,76.2164702701064,STALE_HIGH_OPPORTUNITY,2245,34.0
3608,content_ec0c5521eb6ac27f,76.21467505713984,STALE_HIGH_OPPORTUNITY,2244,34.0
3609,content_c73da44d994266a0,76.21309104569876,STALE_HIGH_OPPORTUNITY,2243,34.0
3610,content_d92e5af4f70bf0b0,76.21309104569876,STALE_HIGH_OPPORTUNITY,2243,34.0
3611,content_40f3d35c7131f853,76.20950061976562,STALE_HIGH_OPPORTUNITY,2241,34.0
3612,content_c8079ee539b17d7a,76.20781100756179,STALE_HIGH_OPPORTUNITY,2240,34.0
3613,content_da9660d743d577cf,76.20781100756179,STALE_HIGH_OPPORTUNITY,2240,34.0
3614,content_a75eaed19636a61d,76.20781100756179,STALE_HIGH_OPPORTUNITY,2240,34.0
3615,content_072d5756ddd1124b,76.2062269961207,STALE_HIGH_OPPORTUNITY,2239,34.0
3616,content_3bf8f27ffc4ace0c,76.2048541862051,STALE_HIGH_OPPORTUNITY,2238,34.0
3617,content_f7f293c43116702d,76.2048541862051,STALE_HIGH_OPPORTUNITY,2238,34.0
3618,content_341331526c4b8b4c,76.20158056256018,STALE_HIGH_OPPORTUNITY,2236,34.0
3619,content_cabeccab253f2ec9,76.2014692997111,STALE_HIGH_OPPORTUNITY,185,131.0
3620,content_fa2089e5ec9c10d7,76.1978845358643,STALE_HIGH_OPPORTUNITY,2234,34.0
3621,content_37fd14723dcad344,76.1978845358643,STALE_HIGH_OPPORTUNITY,2234,34.0
3622,content_6dffb550eab6b945,76.1978845358643,STALE_HIGH_OPPORTUNITY,2234,34.0
3623,content_bb0115874926b3c1,76.19556131908404,STALE_HIGH_OPPORTUNITY,2233,34.0
3624,content_4bbf622b4b21732a,76.19556131908404,STALE_HIGH_OPPORTUNITY,2233,34.0
3625,content_94b5e2f8ba830689,76.19556131908404,STALE_HIGH_OPPORTUNITY,2233,34.0
3626,content_39e2ff1ee08aa0eb,76.19334370306652,STALE_HIGH_OPPORTUNITY,2232,34.0
3627,content_95b9e61229b4c4f2,76.19334370306652,STALE_HIGH_OPPORTUNITY,2232,34.0
3628,content_29e779014c5e120d,76.19334370306652,STALE_HIGH_OPPORTUNITY,2232,34.0
3629,content_eca8ab0fec9c7af7,76.19154849009995,STALE_HIGH_OPPORTUNITY,2231,34.0
3630,content_27b6bbc3b89f3d60,76.19154849009995,STALE_HIGH_OPPORTUNITY,2231,34.0
3631,content_496e0ade7f803964,76.18827486645503,STALE_HIGH_OPPORTUNITY,2229,34.0
3632,content_798417564590ce4e,76.18827486645503,STALE_HIGH_OPPORTUNITY,2229,34.0
3633,content_539bcff0a0ccca1a,76.18605725043751,STALE_HIGH_OPPORTUNITY,2228,34.0
3634,content_6de7b1be5e45da57,76.18405083594547,STALE_HIGH_OPPORTUNITY,2227,34.0
3635,content_c465ed679b416a13,76.18204442145343,STALE_HIGH_OPPORTUNITY,2226,34.0
3636,content_ce660918a51cdea7,76.18204442145343,STALE_HIGH_OPPORTUNITY,2226,34.0
3637,content_b623bde7b827a070,76.17972120467316,STALE_HIGH_OPPORTUNITY,2225,34.0
3638,content_45a8b0a73146ba4d,76.17972120467316,STALE_HIGH_OPPORTUNITY,2225,34.0
3639,content_3bcb2ef91be3f0c1,76.17771479018111,STALE_HIGH_OPPORTUNITY,2224,34.0
3640,content_be86db6159b02e22,76.17570837568907,STALE_HIGH_OPPORTUNITY,2223,34.0
3641,content_7e9de51cab9b0b69,76.17570837568907,STALE_HIGH_OPPORTUNITY,2223,34.0
3642,content_adee2c4900f6edfb,76.17349075967154,STALE_HIGH_OPPORTUNITY,2222,34.0
3643,content_06003dc4ffbf1287,76.17349075967154,STALE_HIGH_OPPORTUNITY,2222,34.0
3644,content_0481c72a913b0d48,76.17349075967154,STALE_HIGH_OPPORTUNITY,2222,34.0
3645,content_8456dff149aa2d6c,76.17349075967154,STALE_HIGH_OPPORTUNITY,2222,34.0
3646,content_d7672410d649327f,76.17349075967154,STALE_HIGH_OPPORTUNITY,2222,34.0
3647,content_74cbbd48a673e847,76.17349075967154,STALE_HIGH_OPPORTUNITY,2222,34.0
3648,content_312e8c8a852df815,76.17085074060306,STALE_HIGH_OPPORTUNITY,2221,34.0
3649,content_4f4cd0b7f2f3a151,76.17085074060306,STALE_HIGH_OPPORTUNITY,2221,34.0
3650,content_aaf06ec83eecc882,76.17085074060306,STALE_HIGH_OPPORTUNITY,2221,34.0
3651,content_359db920c8c21ca3,76.17085074060306,STALE_HIGH_OPPORTUNITY,2221,34.0
3652,content_564c11a1401c9ae5,76.16905552763649,STALE_HIGH_OPPORTUNITY,2220,34.0
3653,content_c53518e8bac50722,76.16704911314444,STALE_HIGH_OPPORTUNITY,2219,34.0
3654,content_8d9d66797a56202e,76.16704911314444,STALE_HIGH_OPPORTUNITY,2219,34.0
3655,content_a359c86ca443645a,76.16704911314444,STALE_HIGH_OPPORTUNITY,2219,34.0
3656,content_2948a69c36e25ef1,76.16704911314444,STALE_HIGH_OPPORTUNITY,2219,34.0
3657,content_a5a8f1fcabce3ac5,76.16580733702804,STALE_HIGH_OPPORTUNITY,194,113.0
3658,content_4c337ffe85cd77a0,76.16451469483872,STALE_HIGH_OPPORTUNITY,2218,34.0
3659,content_9d1d5490f7725eec,76.16102986966833,STALE_HIGH_OPPORTUNITY,2216,34.0
3660,content_d3074b5a5a449f29,76.15870665288804,STALE_HIGH_OPPORTUNITY,2215,34.0
3661,content_bd41d3b56da62294,76.15870665288804,STALE_HIGH_OPPORTUNITY,2215,34.0
3662,content_0b161f849b19d7f9,76.15522182771765,STALE_HIGH_OPPORTUNITY,2213,34.0
3663,content_05eede18881c9d6e,76.15353221551382,STALE_HIGH_OPPORTUNITY,2212,34.0
3664,content_48a227ddfce1a2e9,76.15184260331,STALE_HIGH_OPPORTUNITY,2211,34.0
3665,content_1d3675d84ffcde2e,76.15036419263166,STALE_HIGH_OPPORTUNITY,2210,34.0
3666,content_696b84f35741ca22,76.15036419263166,STALE_HIGH_OPPORTUNITY,2210,34.0
3667,content_ff4e78528c9eee49,76.15036419263166,STALE_HIGH_OPPORTUNITY,2210,34.0
3668,content_92647b24391c3df2,76.14846337890235,STALE_HIGH_OPPORTUNITY,2209,34.0
3669,content_4041d59e37100273,76.14846337890235,STALE_HIGH_OPPORTUNITY,2209,34.0
3670,content_a387178b03af5b08,76.14846337890235,STALE_HIGH_OPPORTUNITY,2209,34.0
3671,content_bfb1a61973a4648f,76.14540095678292,STALE_HIGH_OPPORTUNITY,2207,34.0
3672,content_6ab2dade5a7a4674,76.14117692627333,STALE_HIGH_OPPORTUNITY,2205,34.0
3673,content_0534d226021cf664,76.14117692627333,STALE_HIGH_OPPORTUNITY,2205,34.0
3674,content_2e9eba4a0dc27900,76.14117692627333,STALE_HIGH_OPPORTUNITY,2205,34.0
3675,content_1412a212aa61823e,76.14117692627333,STALE_HIGH_OPPORTUNITY,2205,34.0
3676,content_09add15c9b233898,76.14117692627333,STALE_HIGH_OPPORTUNITY,2205,34.0
3677,content_529bb1eecb103e4e,76.13895931025583,STALE_HIGH_OPPORTUNITY,2204,34.0
3678,content_acb441656ccd7c98,76.137269698052,STALE_HIGH_OPPORTUNITY,2203,34.0
3679,content_5a1ae125a4aed420,76.137269698052,STALE_HIGH_OPPORTUNITY,2203,34.0
3680,content_c4ae56f10403cde3,76.137269698052,STALE_HIGH_OPPORTUNITY,2203,34.0
3681,content_6db22a162277c928,76.13547448508542,STALE_HIGH_OPPORTUNITY,2202,34.0
3682,content_8d342dc26c3e73fc,76.13547448508542,STALE_HIGH_OPPORTUNITY,2202,34.0
3683,content_1a2d8e4709cd951b,76.13389047364434,STALE_HIGH_OPPORTUNITY,2201,34.0
3684,content_ee6c0287e2d56a81,76.13082805152489,STALE_HIGH_OPPORTUNITY,2199,34.0
3685,content_c5a053006aa47f0b,76.13082805152489,STALE_HIGH_OPPORTUNITY,2199,34.0
3686,content_72b2680581af2852,76.13082805152489,STALE_HIGH_OPPORTUNITY,2199,34.0
3687,content_9d18268662a8ede2,76.13082805152489,STALE_HIGH_OPPORTUNITY,2199,34.0
3688,content_0245196fb0722f54,76.13082805152489,STALE_HIGH_OPPORTUNITY,2199,34.0
3689,content_8b8a4af0e0c972fa,76.13082805152489,STALE_HIGH_OPPORTUNITY,2199,34.0
3690,content_a1f5976af66321e7,76.13082805152489,STALE_HIGH_OPPORTUNITY,2199,34.0
3691,content_c8f9b6e36bfbf2dc,76.13082805152489,STALE_HIGH_OPPORTUNITY,2199,34.0
3692,content_2bed6221e29a2d17,76.12755442787999,STALE_HIGH_OPPORTUNITY,2197,34.0
3693,content_493e6474d08a34f8,76.1274863295254,STALE_HIGH_OPPORTUNITY,244,36.0
3694,content_f0fb9707e74d29f8,76.125125610337,STALE_HIGH_OPPORTUNITY,2195,34.0
3695,content_47627b42814fdf01,76.12269679279397,STALE_HIGH_OPPORTUNITY,2194,34.0
3696,content_b4569f3a8e692941,76.12079597906467,STALE_HIGH_OPPORTUNITY,2193,34.0
3697,content_a9eb89843916c455,76.11889516533537,STALE_HIGH_OPPORTUNITY,2192,34.0
3698,content_58a45e73ccc71bf8,76.11699435160605,STALE_HIGH_OPPORTUNITY,2191,34.0
3699,content_c154cd8bcd42da9d,76.11699435160605,STALE_HIGH_OPPORTUNITY,2191,34.0
3700,content_fa809820d1e1e40c,76.11699435160605,STALE_HIGH_OPPORTUNITY,2191,34.0
3701,content_aaa3054e5849c66f,76.11530473940223,STALE_HIGH_OPPORTUNITY,2190,34.0
3702,content_fe670a7093847f89,76.11372072796114,STALE_HIGH_OPPORTUNITY,2189,34.0
3703,content_8d875959eedb5e5a,76.11108070889266,STALE_HIGH_OPPORTUNITY,2187,34.0
3704,content_80b467b56600a91e,76.10791268601048,STALE_HIGH_OPPORTUNITY,2185,34.0
3705,content_d030f704ff2f6d98,76.10791268601048,STALE_HIGH_OPPORTUNITY,2185,34.0
3706,content_8fc320efcd8d1fe2,76.10791268601048,STALE_HIGH_OPPORTUNITY,2185,34.0
3707,content_eb2d4a43ccac2437,76.10337185321269,STALE_HIGH_OPPORTUNITY,2183,34.0
3708,content_1ffd9d1b858ecceb,76.10337185321269,STALE_HIGH_OPPORTUNITY,2183,34.0
3709,content_e1b90f92b8a2a480,76.10319815409538,STALE_HIGH_OPPORTUNITY,243,36.0
3710,content_b3e9bd18af4be137,76.10115423719517,STALE_HIGH_OPPORTUNITY,2182,34.0
3711,content_c03442439c94e79f,76.10115423719517,STALE_HIGH_OPPORTUNITY,2182,34.0
3712,content_05aa65f9184bb805,76.10115423719517,STALE_HIGH_OPPORTUNITY,2182,34.0
3713,content_2c12b443fb398989,76.10115423719517,STALE_HIGH_OPPORTUNITY,2182,34.0
3714,content_9f2a07ae550995bd,76.09893662117766,STALE_HIGH_OPPORTUNITY,2181,34.0
3715,content_e3502764db37a1f6,76.09893662117766,STALE_HIGH_OPPORTUNITY,2181,34.0
3716,content_bd50be16f9bb50a6,76.09619100134643,STALE_HIGH_OPPORTUNITY,2180,34.0
3717,content_ad01e34f700422f0,76.09397338532891,STALE_HIGH_OPPORTUNITY,2179,34.0
3718,content_95a57e721b04b9c6,76.09397338532891,STALE_HIGH_OPPORTUNITY,2179,34.0
3719,content_0b875ffabae2c4f4,76.09238937388783,STALE_HIGH_OPPORTUNITY,2178,34.0
3720,content_c93ccb5e57a55626,76.09038295939578,STALE_HIGH_OPPORTUNITY,2177,34.0
3721,content_b7d75ea513777043,76.09038295939578,STALE_HIGH_OPPORTUNITY,2177,34.0
3722,content_cf36ad6628d053b0,76.09038295939578,STALE_HIGH_OPPORTUNITY,2177,34.0
3723,content_80714e6b4c2ec84e,76.08816534337825,STALE_HIGH_OPPORTUNITY,2176,34.0
3724,content_3feb05023dbce01e,76.08816534337825,STALE_HIGH_OPPORTUNITY,2176,34.0
3725,content_8e75690319242552,76.08584212659798,STALE_HIGH_OPPORTUNITY,2175,34.0
3726,content_0ab3c57920510e8a,76.08584212659798,STALE_HIGH_OPPORTUNITY,2175,34.0
3727,content_cacfa4b1135feb66,76.08362451058048,STALE_HIGH_OPPORTUNITY,2174,34.0
3728,content_d9c611d2d604397d,76.08362451058048,STALE_HIGH_OPPORTUNITY,2174,34.0
3729,content_f074536f476eec3a,76.08362451058048,STALE_HIGH_OPPORTUNITY,2174,34.0
3730,content_62327494a531b8a5,76.08140689456293,STALE_HIGH_OPPORTUNITY,2173,34.0
3731,content_9bd78e13b78c565c,76.08140689456293,STALE_HIGH_OPPORTUNITY,2173,34.0
3732,content_1612bddc993ce606,76.08140689456293,STALE_HIGH_OPPORTUNITY,2173,34.0
3733,content_2337b163c8b23043,76.0788724762572,STALE_HIGH_OPPORTUNITY,2172,34.0
3734,content_375b465252011d07,76.0788724762572,STALE_HIGH_OPPORTUNITY,2172,34.0
3735,content_3c7f8997cd46897e,76.0788724762572,STALE_HIGH_OPPORTUNITY,2172,34.0
3736,content_d6fff5deb72c97b0,76.0764436587142,STALE_HIGH_OPPORTUNITY,2171,34.0
3737,content_d7f798ed32c82d95,76.0764436587142,STALE_HIGH_OPPORTUNITY,2171,34.0
3738,content_7fbbbfa9ad589488,76.0764436587142,STALE_HIGH_OPPORTUNITY,2171,34.0
3739,content_74789bf6b03438e7,76.0745428449849,STALE_HIGH_OPPORTUNITY,2170,34.0
3740,content_3a18a69043239dc9,76.0745428449849,STALE_HIGH_OPPORTUNITY,2170,34.0
3741,content_dffa908c8684fbdf,76.07243082973011,STALE_HIGH_OPPORTUNITY,2169,34.0
3742,content_06d45e82b3698a77,76.07243082973011,STALE_HIGH_OPPORTUNITY,2169,34.0
3743,content_664bb5e6e3922847,76.07243082973011,STALE_HIGH_OPPORTUNITY,2169,34.0
3744,content_c20f3f4229551b00,76.07010761294985,STALE_HIGH_OPPORTUNITY,2168,34.0
3745,content_ec02d5197a2df378,76.07010761294985,STALE_HIGH_OPPORTUNITY,2168,34.0
3746,content_720a80b94ff19be6,76.06799559769506,STALE_HIGH_OPPORTUNITY,2167,34.0
3747,content_5be7b48266fac307,76.06598918320302,STALE_HIGH_OPPORTUNITY,2166,34.0
3748,content_850674303902ad34,76.06366596642276,STALE_HIGH_OPPORTUNITY,2165,34.0
3749,content_90b26f2ec5592253,76.06366596642276,STALE_HIGH_OPPORTUNITY,2165,34.0
3750,content_00ba2e9bcc4879ac,76.06366596642276,STALE_HIGH_OPPORTUNITY,2165,34.0
3751,content_c1a7f8f9c4fe30af,76.06366596642276,STALE_HIGH_OPPORTUNITY,2165,34.0
3752,content_95933984d0442960,76.06366596642276,STALE_HIGH_OPPORTUNITY,2165,34.0
3753,content_b46ac5c3faf73e02,76.05880833133675,STALE_HIGH_OPPORTUNITY,2163,34.0
3754,content_c518a85f41dc91a8,76.05880833133675,STALE_HIGH_OPPORTUNITY,2163,34.0
3755,content_49d109132b62d3db,76.056273913031,STALE_HIGH_OPPORTUNITY,2162,34.0
3756,content_85451a7b0c38e33e,76.05426749853896,STALE_HIGH_OPPORTUNITY,2161,34.0
3757,content_3761b91645c22d8f,76.05426749853896,STALE_HIGH_OPPORTUNITY,2161,34.0
3758,content_4303776b53698223,76.05426749853896,STALE_HIGH_OPPORTUNITY,2161,34.0
3759,content_ae086c23a290c435,76.05426749853896,STALE_HIGH_OPPORTUNITY,2161,34.0
3760,content_478f0976c0a9e443,76.05426749853896,STALE_HIGH_OPPORTUNITY,2161,34.0
3761,content_42b65b878ec43097,76.05236668480966,STALE_HIGH_OPPORTUNITY,2160,34.0
3762,content_fe265100f53312d1,76.05236668480966,STALE_HIGH_OPPORTUNITY,2160,34.0
3763,content_d64c3d7d383872fa,76.05236668480966,STALE_HIGH_OPPORTUNITY,2160,34.0
3764,content_fc8f46be8a544cc4,76.05236668480966,STALE_HIGH_OPPORTUNITY,2160,34.0
3765,content_a28623729862a93e,76.05099387489405,STALE_HIGH_OPPORTUNITY,2159,34.0
3766,content_c375a402bcd2451e,76.05099387489405,STALE_HIGH_OPPORTUNITY,2159,34.0
3767,content_3c57cfb07d89c1fc,76.05099387489405,STALE_HIGH_OPPORTUNITY,2159,34.0
3768,content_d448b029283d0fbb,76.05099387489405,STALE_HIGH_OPPORTUNITY,2159,34.0
3769,content_42cee104ce2fbeac,76.04888185963927,STALE_HIGH_OPPORTUNITY,2158,34.0
3770,content_cb149d0307bc8090,76.04888185963927,STALE_HIGH_OPPORTUNITY,2158,34.0
3771,content_7ea6d35866735527,76.04888185963927,STALE_HIGH_OPPORTUNITY,2158,34.0
3772,content_fc7acf25350e9311,76.04423542607874,STALE_HIGH_OPPORTUNITY,2156,34.0
3773,content_b4786a1d378cae1e,76.04423542607874,STALE_HIGH_OPPORTUNITY,2156,34.0
3774,content_363b5b24c6cb257d,76.04423542607874,STALE_HIGH_OPPORTUNITY,2156,34.0
3775,content_a9035a85b8f2ae46,76.04159540701025,STALE_HIGH_OPPORTUNITY,2155,34.0
3776,content_59cf52cba1b5d41d,76.04159540701025,STALE_HIGH_OPPORTUNITY,2155,34.0
3777,content_0efd0684e3ec8bb7,76.04159540701025,STALE_HIGH_OPPORTUNITY,2155,34.0
3778,content_9e918ea916134742,76.04159540701025,STALE_HIGH_OPPORTUNITY,2155,34.0
3779,content_f8e64a144bf36b57,76.03916658946724,STALE_HIGH_OPPORTUNITY,2154,34.0
3780,content_0b782b593247c54f,76.03916658946724,STALE_HIGH_OPPORTUNITY,2154,34.0
3781,content_53181e97e629da72,76.03916658946724,STALE_HIGH_OPPORTUNITY,2154,34.0
3782,content_476a94fade740655,76.03599856658508,STALE_HIGH_OPPORTUNITY,2152,34.0
3783,content_6511e9963db3298e,76.03599856658508,STALE_HIGH_OPPORTUNITY,2152,34.0
3784,content_523cd1c283313204,76.03599856658508,STALE_HIGH_OPPORTUNITY,2152,34.0
3785,content_32bf0db7a6980a85,76.03599856658508,STALE_HIGH_OPPORTUNITY,2152,34.0
3786,content_bb0dd0ef36adcf8b,76.034414555144,STALE_HIGH_OPPORTUNITY,2151,34.0
3787,content_b2c4d3ccb2d28bee,76.034414555144,STALE_HIGH_OPPORTUNITY,2151,34.0
3788,content_60d6e964cee8be74,76.03304174522839,STALE_HIGH_OPPORTUNITY,2150,34.0
3789,content_df1c14f140da47e1,76.03304174522839,STALE_HIGH_OPPORTUNITY,2150,34.0
3790,content_d4073b32264abeb1,76.03145773378729,STALE_HIGH_OPPORTUNITY,2149,34.0
3791,content_d1746d9e8f631f8f,76.03145773378729,STALE_HIGH_OPPORTUNITY,2149,34.0
3792,content_1850b71858a4f251,76.02976812158346,STALE_HIGH_OPPORTUNITY,2148,34.0
3793,content_8863a3bf18c3c49e,76.02765610632866,STALE_HIGH_OPPORTUNITY,2147,34.0
3794,content_7b5beb36f1851d81,76.02765610632866,STALE_HIGH_OPPORTUNITY,2147,34.0
3795,content_386bddb6124fc1f7,76.02765610632866,STALE_HIGH_OPPORTUNITY,2147,34.0
3796,content_af6f51f0066a0f6d,76.02765610632866,STALE_HIGH_OPPORTUNITY,2147,34.0
3797,content_d7e05411324c593f,76.02765610632866,STALE_HIGH_OPPORTUNITY,2147,34.0
3798,content_8e4f084c42b5060c,76.02501608726018,STALE_HIGH_OPPORTUNITY,2146,34.0
3799,content_cc269a7f86fae5eb,76.02501608726018,STALE_HIGH_OPPORTUNITY,2146,34.0
3800,content_a2809c5560a944c3,76.02258726971719,STALE_HIGH_OPPORTUNITY,2145,34.0
3801,content_7a1cb31f9e4ae5be,76.02258726971719,STALE_HIGH_OPPORTUNITY,2145,34.0
3802,content_8ab6332207bb0c06,76.02015845217419,STALE_HIGH_OPPORTUNITY,2144,34.0
3803,content_0012a5fedde1a535,76.02015845217419,STALE_HIGH_OPPORTUNITY,2144,34.0
3804,content_a2ecb21bf6438764,76.02015845217419,STALE_HIGH_OPPORTUNITY,2144,34.0
3805,content_360c7a28cc1f3b13,76.01625122395285,STALE_HIGH_OPPORTUNITY,2142,34.0
3806,content_34391021ce3c2f53,76.01361120488437,STALE_HIGH_OPPORTUNITY,2141,34.0
3807,content_9ac1a4592f4b19f3,76.01097118581588,STALE_HIGH_OPPORTUNITY,2140,34.0
3808,content_bb79551ba336f8fa,76.0088591705611,STALE_HIGH_OPPORTUNITY,2139,34.0
3809,content_4e104de20265c5d8,76.0088591705611,STALE_HIGH_OPPORTUNITY,2139,34.0
3810,content_7bc59bf356e681c5,76.00695835683179,STALE_HIGH_OPPORTUNITY,2138,34.0
3811,content_40d840700b369181,76.00474074081427,STALE_HIGH_OPPORTUNITY,2137,34.0
3812,content_9c3ff4a5719ad868,76.00474074081427,STALE_HIGH_OPPORTUNITY,2137,34.0
3813,content_1d926b24af751197,76.00231192327126,STALE_HIGH_OPPORTUNITY,2136,34.0
3814,content_b3d402c0662109a0,76.00231192327126,STALE_HIGH_OPPORTUNITY,2136,34.0
3815,content_22ef24f9469b72cf,76.00231192327126,STALE_HIGH_OPPORTUNITY,2136,34.0
3816,content_c49d3af19498e3cf,76.0005167103047,STALE_HIGH_OPPORTUNITY,2135,34.0
3817,content_f4049b131d086a45,76.0005167103047,STALE_HIGH_OPPORTUNITY,2135,34.0
3818,content_3b9a114a23fe4432,76.0005167103047,STALE_HIGH_OPPORTUNITY,2135,34.0
3819,content_d9e2f3a0239853b5,76.0005167103047,STALE_HIGH_OPPORTUNITY,2135,34.0
3820,content_6bd429ff27a2db57,76.0005167103047,STALE_HIGH_OPPORTUNITY,2135,34.0
3821,content_cbaf6b5b88814b87,76.00033094181568,STALE_HIGH_OPPORTUNITY,188,113.0
3822,content_e00ec886ceeb0f41,75.99808789276169,STALE_HIGH_OPPORTUNITY,2133,34.0
3823,content_679c5a0a092ef48d,75.99597587750691,STALE_HIGH_OPPORTUNITY,2132,34.0
3824,content_c0f101d5602c0fea,75.99544221160687,STALE_HIGH_OPPORTUNITY,178,131.0
3825,content_c01e3b684d4f375e,75.9935470599639,STALE_HIGH_OPPORTUNITY,2131,34.0
3826,content_013337a7560c637b,75.9935470599639,STALE_HIGH_OPPORTUNITY,2131,34.0
3827,content_5a39d99252026f81,75.9935470599639,STALE_HIGH_OPPORTUNITY,2131,34.0
3828,content_943cd6d4752a9592,75.9911182424209,STALE_HIGH_OPPORTUNITY,2130,34.0
3829,content_693264e79ee33207,75.9911182424209,STALE_HIGH_OPPORTUNITY,2130,34.0
3830,content_e064db35826d2619,75.98946613262524,STALE_HIGH_OPPORTUNITY,238,36.0
3831,content_d2519f3387deb6fb,75.98858382411515,STALE_HIGH_OPPORTUNITY,2129,34.0
3832,content_839563d9c9cc4aa8,75.98858382411515,STALE_HIGH_OPPORTUNITY,2129,34.0
3833,content_b732c6553189c45a,75.98858382411515,STALE_HIGH_OPPORTUNITY,2129,34.0
3834,content_2d80faafab2f7d04,75.98858382411515,STALE_HIGH_OPPORTUNITY,2129,34.0
3835,content_df8d827cfcbec5b3,75.98858382411515,STALE_HIGH_OPPORTUNITY,2129,34.0
3836,content_48473c9c9aefde06,75.98858382411515,STALE_HIGH_OPPORTUNITY,2129,34.0
3837,content_bf9ae8ccf94ecf46,75.98615500657218,STALE_HIGH_OPPORTUNITY,2128,34.0
3838,content_e480902476969d77,75.98298698368998,STALE_HIGH_OPPORTUNITY,2126,34.0
3839,content_e26589142c63d89e,75.98098056919794,STALE_HIGH_OPPORTUNITY,2125,34.0
3840,content_c1211dc6d6c3537b,75.97865735241767,STALE_HIGH_OPPORTUNITY,2124,34.0
3841,content_2593cc250636d59f,75.97865735241767,STALE_HIGH_OPPORTUNITY,2124,34.0
3842,content_d628a16c7de06d50,75.97717894173933,STALE_HIGH_OPPORTUNITY,2123,34.0
3843,content_be138329a187161c,75.97717894173933,STALE_HIGH_OPPORTUNITY,2123,34.0
3844,content_a1925c2c38aea5cd,75.97717894173933,STALE_HIGH_OPPORTUNITY,2123,34.0
3845,content_c9df9cc067d68fbe,75.97548932953549,STALE_HIGH_OPPORTUNITY,2122,34.0
3846,content_7e94c3f36424abd4,75.9730605119925,STALE_HIGH_OPPORTUNITY,2121,34.0
3847,content_4cc11a91e200e2c7,75.9730605119925,STALE_HIGH_OPPORTUNITY,2121,34.0
3848,content_239e6d56487f02ab,75.96788607461826,STALE_HIGH_OPPORTUNITY,2119,34.0
3849,content_287e20a01ac2207e,75.96788607461826,STALE_HIGH_OPPORTUNITY,2119,34.0
3850,content_a34cafd9920ad19d,75.96788607461826,STALE_HIGH_OPPORTUNITY,2119,34.0
3851,content_4752f494e89a0283,75.96619646241444,STALE_HIGH_OPPORTUNITY,2118,34.0
3852,content_043ab686fde769c2,75.96619646241444,STALE_HIGH_OPPORTUNITY,2118,34.0
3853,content_2c55628e48289043,75.96549475948343,STALE_HIGH_OPPORTUNITY,237,36.0
3854,content_776b50c86c46a76f,75.96250043571858,STALE_HIGH_OPPORTUNITY,2116,34.0
3855,content_b942cc1f6f55167b,75.96049402122654,STALE_HIGH_OPPORTUNITY,2115,34.0
3856,content_a7c444380c267371,75.96049402122654,STALE_HIGH_OPPORTUNITY,2115,34.0
3857,content_662a35e7238ad13d,75.96049402122654,STALE_HIGH_OPPORTUNITY,2115,34.0
3858,content_93fe52a45c73a7eb,75.95806520368353,STALE_HIGH_OPPORTUNITY,2114,34.0
3859,content_92a014c2d55e620a,75.95806520368353,STALE_HIGH_OPPORTUNITY,2114,34.0
3860,content_6eb5f55646b5a77a,75.95616438995424,STALE_HIGH_OPPORTUNITY,2113,34.0
3861,content_8e80dfe27e65bb6a,75.95616438995424,STALE_HIGH_OPPORTUNITY,2113,34.0
3862,content_cf246f6fd21fb998,75.95616438995424,STALE_HIGH_OPPORTUNITY,2113,34.0
3863,content_8a4d40ec54e8cec4,75.95436917698765,STALE_HIGH_OPPORTUNITY,2112,34.0
3864,content_2e6851ea214c9d3d,75.95436917698765,STALE_HIGH_OPPORTUNITY,2112,34.0
3865,content_0009df3c2b96f209,75.95436917698765,STALE_HIGH_OPPORTUNITY,2112,34.0
3866,content_d32031cd05bbe850,75.95436917698765,STALE_HIGH_OPPORTUNITY,2112,34.0
3867,content_0b815a2f3b4a8e0e,75.9525739640211,STALE_HIGH_OPPORTUNITY,2111,34.0
3868,content_5ef0cf9d4bd60e4c,75.9525739640211,STALE_HIGH_OPPORTUNITY,2111,34.0
3869,content_52030afeabd805fe,75.9525739640211,STALE_HIGH_OPPORTUNITY,2111,34.0
3870,content_3013e42bd6ea1097,75.95056754952904,STALE_HIGH_OPPORTUNITY,2110,34.0
3871,content_a817b2c1238cb6b5,75.95056754952904,STALE_HIGH_OPPORTUNITY,2110,34.0
3872,content_2b6bf08bc01c7b8a,75.94866673579973,STALE_HIGH_OPPORTUNITY,2109,34.0
3873,content_6b26b92907f586df,75.94866673579973,STALE_HIGH_OPPORTUNITY,2109,34.0
3874,content_ca809fe7c0ddf117,75.94866673579973,STALE_HIGH_OPPORTUNITY,2109,34.0
3875,content_83043daea641f8fa,75.9475051274096,STALE_HIGH_OPPORTUNITY,2108,34.0
3876,content_9a1f60b938c55430,75.94592111596852,STALE_HIGH_OPPORTUNITY,2107,34.0
3877,content_963ebb2f04452863,75.94592111596852,STALE_HIGH_OPPORTUNITY,2107,34.0
3878,content_c62eb2a08765d9ae,75.94592111596852,STALE_HIGH_OPPORTUNITY,2107,34.0
3879,content_1cc7521bbd4e5103,75.943703499951,STALE_HIGH_OPPORTUNITY,2106,34.0
3880,content_660e609e921c4b81,75.943703499951,STALE_HIGH_OPPORTUNITY,2106,34.0
3881,content_89c3b47b11d66446,75.94190828698443,STALE_HIGH_OPPORTUNITY,2105,34.0
3882,content_9b264279d90fbe19,75.93969067096691,STALE_HIGH_OPPORTUNITY,2104,34.0
3883,content_648630df78b4626c,75.93736745418664,STALE_HIGH_OPPORTUNITY,2103,34.0
3884,content_462fefe63faafb23,75.93736745418664,STALE_HIGH_OPPORTUNITY,2103,34.0
3885,content_175ec61005922428,75.93567784198281,STALE_HIGH_OPPORTUNITY,2102,34.0
3886,content_27dc7b99b1fa1827,75.93567784198281,STALE_HIGH_OPPORTUNITY,2102,34.0
3887,content_7314ae77dd54cf32,75.93398822977898,STALE_HIGH_OPPORTUNITY,2101,34.0
3888,content_9020bf273483d982,75.93398822977898,STALE_HIGH_OPPORTUNITY,2101,34.0
3889,content_3c58b834bac61f3f,75.93398822977898,STALE_HIGH_OPPORTUNITY,2101,34.0
3890,content_bc5c5010efa1afe0,75.93381094728838,STALE_HIGH_OPPORTUNITY,69,261.0
3891,content_45144116cefbad43,75.93166501299872,STALE_HIGH_OPPORTUNITY,2100,34.0
3892,content_ff09269588616659,75.93166501299872,STALE_HIGH_OPPORTUNITY,2100,34.0
3893,content_94e43ca553054798,75.93166501299872,STALE_HIGH_OPPORTUNITY,2100,34.0
3894,content_25ca8c9b89a35235,75.93166501299872,STALE_HIGH_OPPORTUNITY,2100,34.0
3895,content_b35ab0b03b5dfd89,75.92923619545572,STALE_HIGH_OPPORTUNITY,2099,34.0
3896,content_b01cb62768e61a5c,75.9270185794382,STALE_HIGH_OPPORTUNITY,2098,34.0
3897,content_460350c63f4e6c16,75.9270185794382,STALE_HIGH_OPPORTUNITY,2098,34.0
3898,content_fbe69c754ffbebac,75.92511776570889,STALE_HIGH_OPPORTUNITY,2097,34.0
3899,content_b152c38d97ca782a,75.92226654511494,STALE_HIGH_OPPORTUNITY,2095,34.0
3900,content_f8e06e4d1dab72eb,75.92093123760748,STALE_HIGH_OPPORTUNITY,235,36.0
3901,content_8a7d72feb8470836,75.91994332833468,STALE_HIGH_OPPORTUNITY,2094,34.0
3902,content_5db5c67b9b083429,75.91994332833468,STALE_HIGH_OPPORTUNITY,2094,34.0
3903,content_44a25cb23e2b5b1e,75.91783131307989,STALE_HIGH_OPPORTUNITY,2093,34.0
3904,content_4a0854907afd83b3,75.91783131307989,STALE_HIGH_OPPORTUNITY,2093,34.0
3905,content_be06033d30b49299,75.91561369706235,STALE_HIGH_OPPORTUNITY,2092,34.0
3906,content_159b5cd94a0bfdf7,75.91561369706235,STALE_HIGH_OPPORTUNITY,2092,34.0
3907,content_d46c7508dd81b273,75.91350168180759,STALE_HIGH_OPPORTUNITY,2091,34.0
3908,content_836494a87f017535,75.91350168180759,STALE_HIGH_OPPORTUNITY,2091,34.0
3909,content_b5a9566f779b4cb8,75.91160086807827,STALE_HIGH_OPPORTUNITY,2090,34.0
3910,content_40b21fbfaca754a0,75.9098056551117,STALE_HIGH_OPPORTUNITY,2089,34.0
3911,content_e379c737ccf4c0bd,75.90790484138239,STALE_HIGH_OPPORTUNITY,2088,34.0
3912,content_f8eb5a16aa4b6ad3,75.90790484138239,STALE_HIGH_OPPORTUNITY,2088,34.0
3913,content_770d59875d2bcaf3,75.90732072301275,STALE_HIGH_OPPORTUNITY,193,81.0
3914,content_f34d3b90e2aba377,75.90610962841583,STALE_HIGH_OPPORTUNITY,2087,34.0
3915,content_e92c09a4594b82d4,75.90599836556676,STALE_HIGH_OPPORTUNITY,175,131.0
3916,content_44375289914acc69,75.90442001621201,STALE_HIGH_OPPORTUNITY,2086,34.0
3917,content_8265f9813d6c5a1a,75.90442001621201,STALE_HIGH_OPPORTUNITY,2086,34.0
3918,content_f15fe109482424d0,75.90082959027887,STALE_HIGH_OPPORTUNITY,2083,34.0
3919,content_18753dac7035cbbd,75.89913997807504,STALE_HIGH_OPPORTUNITY,2082,34.0
3920,content_405a3afa64ac2d5d,75.89913997807504,STALE_HIGH_OPPORTUNITY,2082,34.0
3921,content_0b40f2f88a8c06c4,75.89913997807504,STALE_HIGH_OPPORTUNITY,2082,34.0
3922,content_14e328c8a1bc9f95,75.89913997807504,STALE_HIGH_OPPORTUNITY,2082,34.0
3923,content_6fd75463707f37d0,75.89639435824382,STALE_HIGH_OPPORTUNITY,2081,34.0
3924,content_17e6d9609f272b44,75.89639435824382,STALE_HIGH_OPPORTUNITY,2081,34.0
3925,content_44867d2526519b56,75.89639435824382,STALE_HIGH_OPPORTUNITY,2081,34.0
3926,content_f2f50fef6e561e59,75.89639435824382,STALE_HIGH_OPPORTUNITY,2081,34.0
3927,content_81c6d57b73ea748a,75.89396554070082,STALE_HIGH_OPPORTUNITY,2080,34.0
3928,content_5bf5b7f92bcd46ce,75.89396554070082,STALE_HIGH_OPPORTUNITY,2080,34.0
3929,content_4d9380cf3e1ac374,75.89217032773425,STALE_HIGH_OPPORTUNITY,2079,34.0
3930,content_4f8da27a7ca67f1e,75.89217032773425,STALE_HIGH_OPPORTUNITY,2079,34.0
3931,content_0acaaf1635f7c881,75.8896359094285,STALE_HIGH_OPPORTUNITY,2077,34.0
3932,content_e3b30501193195a4,75.8896359094285,STALE_HIGH_OPPORTUNITY,2077,34.0
3933,content_cbc456a3b049a035,75.8896359094285,STALE_HIGH_OPPORTUNITY,2077,34.0
3934,content_e11ce8cafc1c778e,75.8863622857836,STALE_HIGH_OPPORTUNITY,2075,34.0
3935,content_bfcb561bfedd16e8,75.8863622857836,STALE_HIGH_OPPORTUNITY,2075,34.0
3936,content_0f29f83e627544f1,75.8863622857836,STALE_HIGH_OPPORTUNITY,2075,34.0
3937,content_81a2d1905871475f,75.88467267357976,STALE_HIGH_OPPORTUNITY,2074,34.0
3938,content_850e4f26b029b659,75.88467267357976,STALE_HIGH_OPPORTUNITY,2074,34.0
3939,content_67e1a5c6ad648efd,75.88340546442689,STALE_HIGH_OPPORTUNITY,2073,34.0
3940,content_cd120d0f2632e81e,75.88340546442689,STALE_HIGH_OPPORTUNITY,2073,34.0
3941,content_c9c36095054fd0f3,75.88192705374854,STALE_HIGH_OPPORTUNITY,2072,34.0
3942,content_3aa6808f581c0895,75.88192705374854,STALE_HIGH_OPPORTUNITY,2072,34.0
3943,content_4e7bc76b87a2171c,75.88192705374854,STALE_HIGH_OPPORTUNITY,2072,34.0
3944,content_cd79f2393f741286,75.87970943773104,STALE_HIGH_OPPORTUNITY,2071,34.0
3945,content_52460dfe87d285ff,75.87780862400172,STALE_HIGH_OPPORTUNITY,2070,34.0
3946,content_8a38748dc7e7a3fc,75.87780862400172,STALE_HIGH_OPPORTUNITY,2070,34.0
3947,content_263a74b35a1ac66d,75.87643581408611,STALE_HIGH_OPPORTUNITY,2069,34.0
3948,content_67aa2153338216f5,75.87643581408611,STALE_HIGH_OPPORTUNITY,2069,34.0
3949,content_b0e5ae8699ea5c75,75.87411259730584,STALE_HIGH_OPPORTUNITY,2067,34.0
3950,content_aa5f62cfdfed10b4,75.8731621904412,STALE_HIGH_OPPORTUNITY,2066,34.0
3951,content_7ab2e2a3e5dc659a,75.8731621904412,STALE_HIGH_OPPORTUNITY,2066,34.0
3952,content_7b02a68d6d5a3c5b,75.87136697747462,STALE_HIGH_OPPORTUNITY,2065,34.0
3953,content_1e4ae611e4ba4f1d,75.86946616374532,STALE_HIGH_OPPORTUNITY,2064,34.0
3954,content_51faaf09e55fa21d,75.86830455535518,STALE_HIGH_OPPORTUNITY,2063,34.0
3955,content_7ab1a77251b4faec,75.86460852865932,STALE_HIGH_OPPORTUNITY,2061,34.0
3956,content_bde9562c52350638,75.86228531187905,STALE_HIGH_OPPORTUNITY,2060,34.0
3957,content_f72b9621304ba45f,75.86228531187905,STALE_HIGH_OPPORTUNITY,2060,34.0
3958,content_6eb386b3de54a15f,75.85827248289496,STALE_HIGH_OPPORTUNITY,2058,34.0
3959,content_dbf893b2c3e9d03d,75.85637166916567,STALE_HIGH_OPPORTUNITY,2057,34.0
3960,content_75e7ef92f788dada,75.85637166916567,STALE_HIGH_OPPORTUNITY,2057,34.0
3961,content_c034b45a5499c7ed,75.85637166916567,STALE_HIGH_OPPORTUNITY,2057,34.0
3962,content_0fc32c0ec881ffa6,75.85394285162265,STALE_HIGH_OPPORTUNITY,2056,34.0
3963,content_0526ed3367a66f08,75.85394285162265,STALE_HIGH_OPPORTUNITY,2056,34.0
3964,content_5a4f433ba1c74980,75.85172523560513,STALE_HIGH_OPPORTUNITY,2055,34.0
3965,content_48d646c25ac10cca,75.85014122416405,STALE_HIGH_OPPORTUNITY,2054,34.0
3966,content_b3580b938bfdfa40,75.85014122416405,STALE_HIGH_OPPORTUNITY,2054,34.0
3967,content_c1538a639198b7df,75.8472900035701,STALE_HIGH_OPPORTUNITY,2052,34.0
3968,content_1ee5494a320f851e,75.8472900035701,STALE_HIGH_OPPORTUNITY,2052,34.0
3969,content_9156b63532a52268,75.84560039136625,STALE_HIGH_OPPORTUNITY,2051,34.0
3970,content_8c9b06a6947623fd,75.84560039136625,STALE_HIGH_OPPORTUNITY,2051,34.0
3971,content_588da60fd4a39953,75.84560039136625,STALE_HIGH_OPPORTUNITY,2051,34.0
3972,content_49ebd3e142411d8d,75.84338277534873,STALE_HIGH_OPPORTUNITY,2050,34.0
3973,content_3f4618f74a425edc,75.84074275628025,STALE_HIGH_OPPORTUNITY,2049,34.0
3974,content_4e95b7c9623ccd0b,75.84074275628025,STALE_HIGH_OPPORTUNITY,2049,34.0
3975,content_74fbbb0b99032903,75.84074275628025,STALE_HIGH_OPPORTUNITY,2049,34.0
3976,content_9580cdcc6f9c4b18,75.83778593492356,STALE_HIGH_OPPORTUNITY,2048,34.0
3977,content_6b0149a80607dac3,75.83778593492356,STALE_HIGH_OPPORTUNITY,2048,34.0
3978,content_21f5d0ca2ed27298,75.83778593492356,STALE_HIGH_OPPORTUNITY,2048,34.0
3979,content_5fb093ec00ae3bc5,75.83778593492356,STALE_HIGH_OPPORTUNITY,2048,34.0
3980,content_57c657d197e7d85a,75.83482911356685,STALE_HIGH_OPPORTUNITY,2047,34.0
3981,content_3007998c3a813154,75.83482911356685,STALE_HIGH_OPPORTUNITY,2047,34.0
3982,content_6cc92a28d459bcb4,75.83482911356685,STALE_HIGH_OPPORTUNITY,2047,34.0
3983,content_b902a9df2bab7923,75.83482911356685,STALE_HIGH_OPPORTUNITY,2047,34.0
3984,content_5726c3411f43f776,75.83250589678659,STALE_HIGH_OPPORTUNITY,2046,34.0
3985,content_13fbc71021204d6e,75.83071068382003,STALE_HIGH_OPPORTUNITY,2045,34.0
3986,content_568d7449a0658dfd,75.8284930678025,STALE_HIGH_OPPORTUNITY,2044,34.0
3987,content_a5f0beb48103bcf7,75.8284930678025,STALE_HIGH_OPPORTUNITY,2044,34.0
3988,content_96cec932dfab6ceb,75.82638105254773,STALE_HIGH_OPPORTUNITY,2043,34.0
3989,content_b7a8cf92509e6dea,75.82638105254773,STALE_HIGH_OPPORTUNITY,2043,34.0
3990,content_d30f3b2f6ca5098e,75.82638105254773,STALE_HIGH_OPPORTUNITY,2043,34.0
3991,content_82a467ae53d2f807,75.82521944415757,STALE_HIGH_OPPORTUNITY,2042,34.0
3992,content_850fb1969a0b78a6,75.82521944415757,STALE_HIGH_OPPORTUNITY,2042,34.0
3993,content_afad2a4b0d7e4971,75.82184021974993,STALE_HIGH_OPPORTUNITY,2040,34.0
3994,content_33eb091aa853fc3e,75.81930580144419,STALE_HIGH_OPPORTUNITY,2039,34.0
3995,content_2f1a2fd446ddce38,75.81930580144419,STALE_HIGH_OPPORTUNITY,2039,34.0
3996,content_237c27ee303b2b96,75.81708818542667,STALE_HIGH_OPPORTUNITY,2038,34.0
3997,content_00adc350e8581721,75.81475930656006,STALE_HIGH_OPPORTUNITY,172,131.0
3998,content_2ba4331624f107cd,75.81180814728971,STALE_HIGH_OPPORTUNITY,2035,34.0
3999,content_0a76f5dca4e8167e,75.81180814728971,STALE_HIGH_OPPORTUNITY,2035,34.0
4000,content_1a5bf76baa42094a,75.80948493050944,STALE_HIGH_OPPORTUNITY,2034,34.0
4001,content_820fe143f53c521b,75.80948493050944,STALE_HIGH_OPPORTUNITY,2034,34.0
4002,content_a41dc05519093dfa,75.80948493050944,STALE_HIGH_OPPORTUNITY,2034,34.0
4003,content_4d6c05534e763d2c,75.80705611296645,STALE_HIGH_OPPORTUNITY,2033,34.0
4004,content_85ed99a6a611953f,75.80705611296645,STALE_HIGH_OPPORTUNITY,2033,34.0
4005,content_15353dae28b8b8c8,75.8053665007626,STALE_HIGH_OPPORTUNITY,2032,34.0
4006,content_d8187c38842a4373,75.80367688855878,STALE_HIGH_OPPORTUNITY,2031,34.0
4007,content_ad866a4a1fba8c45,75.80367688855878,STALE_HIGH_OPPORTUNITY,2031,34.0
4008,content_e7d0dfa6455a6851,75.80367688855878,STALE_HIGH_OPPORTUNITY,2031,34.0
4009,content_ec071e8c0be58859,75.80367688855878,STALE_HIGH_OPPORTUNITY,2031,34.0
4010,content_14f97a72ec2e4aaa,75.80367688855878,STALE_HIGH_OPPORTUNITY,2031,34.0
4011,content_e968e0b2e784eb4c,75.80367688855878,STALE_HIGH_OPPORTUNITY,2031,34.0
4012,content_4ed9c0ccaff83822,75.80177607482948,STALE_HIGH_OPPORTUNITY,2030,34.0
4013,content_6a449f1764d31aba,75.80177607482948,STALE_HIGH_OPPORTUNITY,2030,34.0
4014,content_a2ae949733165efc,75.80008646262564,STALE_HIGH_OPPORTUNITY,2029,34.0
4015,content_18600aa55d4ef9c3,75.79797444737088,STALE_HIGH_OPPORTUNITY,2028,34.0
4016,content_45f9b6ad0b64c00b,75.79797444737088,STALE_HIGH_OPPORTUNITY,2028,34.0
4017,content_0fb8acfab8aa0fff,75.79797444737088,STALE_HIGH_OPPORTUNITY,2028,34.0
4018,content_9733a05e4705dce1,75.79617923440429,STALE_HIGH_OPPORTUNITY,2027,34.0
4019,content_4fee443be757de71,75.78942078558899,STALE_HIGH_OPPORTUNITY,2024,34.0
4020,content_48aac259426aa21f,75.78942078558899,STALE_HIGH_OPPORTUNITY,2024,34.0
4021,content_04181ff426be845a,75.78678076652051,STALE_HIGH_OPPORTUNITY,2023,34.0
4022,content_046b0d0bc204ac1d,75.78487995279121,STALE_HIGH_OPPORTUNITY,2022,34.0
4023,content_053b1e776b7d7779,75.78360708155199,STALE_HIGH_OPPORTUNITY,171,131.0
4024,content_512e6b85ee09cfab,75.7794943138915,STALE_HIGH_OPPORTUNITY,2020,34.0
4025,content_b5a8ddae884bd5a0,75.7794943138915,STALE_HIGH_OPPORTUNITY,2020,34.0
4026,content_4864b7ae982edbf8,75.77695989558578,STALE_HIGH_OPPORTUNITY,2019,34.0
4027,content_9fd5472aff50cc0a,75.77695989558578,STALE_HIGH_OPPORTUNITY,2019,34.0
4028,content_0f79049ee3a29c6f,75.77189105897428,STALE_HIGH_OPPORTUNITY,2017,34.0
4029,content_7555ae458baf0c6f,75.76956784219402,STALE_HIGH_OPPORTUNITY,2016,34.0
4030,content_9aba83b242edee17,75.76956784219402,STALE_HIGH_OPPORTUNITY,2016,34.0
4031,content_5c3cb9dcef56800b,75.76956784219402,STALE_HIGH_OPPORTUNITY,2016,34.0
4032,content_143d2ed88675b143,75.76634370475588,STALE_HIGH_OPPORTUNITY,188,81.0
4033,content_2ae0d486870d4567,75.76133098270036,STALE_HIGH_OPPORTUNITY,2012,34.0
4034,content_e640509121d9f278,75.76133098270036,STALE_HIGH_OPPORTUNITY,2012,34.0
4035,content_70c3664b99c7b53e,75.76133098270036,STALE_HIGH_OPPORTUNITY,2012,34.0
4036,content_2ee7b33d732ed03e,75.7579517582927,STALE_HIGH_OPPORTUNITY,2010,34.0
4037,content_f7bdeadf2cdbd442,75.7579517582927,STALE_HIGH_OPPORTUNITY,2010,34.0
4038,content_658f531253496843,75.7579517582927,STALE_HIGH_OPPORTUNITY,2010,34.0
4039,content_4ccef96d57cafefa,75.75583974303791,STALE_HIGH_OPPORTUNITY,2009,34.0
4040,content_25bec89a12139908,75.75583974303791,STALE_HIGH_OPPORTUNITY,2009,34.0
4041,content_698d914b3dc3a464,75.75583974303791,STALE_HIGH_OPPORTUNITY,2009,34.0
4042,content_23b4cdcf28ca0166,75.75288292168122,STALE_HIGH_OPPORTUNITY,2008,34.0
4043,content_9a1320dcf9e382da,75.75288292168122,STALE_HIGH_OPPORTUNITY,2008,34.0
4044,content_13d2342aeba2011c,75.75288292168122,STALE_HIGH_OPPORTUNITY,2008,34.0
4045,content_dfb1ec6640d332dc,75.75288292168122,STALE_HIGH_OPPORTUNITY,2008,34.0
4046,content_bc0eae010c6129e6,75.75034850337548,STALE_HIGH_OPPORTUNITY,2007,34.0
4047,content_368290931199b4ae,75.74834208888342,STALE_HIGH_OPPORTUNITY,2006,34.0
4048,content_ec7b181e90545545,75.74834208888342,STALE_HIGH_OPPORTUNITY,2006,34.0
4049,content_e2ef174253283877,75.74612447286592,STALE_HIGH_OPPORTUNITY,2005,34.0
4050,content_6974c960d1ff1de5,75.74612447286592,STALE_HIGH_OPPORTUNITY,2005,34.0
4051,content_c97db515bfd8cd95,75.74306205074647,STALE_HIGH_OPPORTUNITY,2004,34.0
4052,content_88a3b46737152c29,75.74306205074647,STALE_HIGH_OPPORTUNITY,2004,34.0
4053,content_3979a81893c45118,75.74306205074647,STALE_HIGH_OPPORTUNITY,2004,34.0
4054,content_c606106bcf247f3a,75.74306205074647,STALE_HIGH_OPPORTUNITY,2004,34.0
4055,content_46e795243a2e13a4,75.74031643091524,STALE_HIGH_OPPORTUNITY,2003,34.0
4056,content_55f67e6ee55ccf9d,75.74031643091524,STALE_HIGH_OPPORTUNITY,2003,34.0
4057,content_e08e457f6d2e170b,75.73852121794869,STALE_HIGH_OPPORTUNITY,2002,34.0
4058,content_95ce67954a276441,75.73852121794869,STALE_HIGH_OPPORTUNITY,2002,34.0
4059,content_ad7966dbbea3fdf9,75.73640920269389,STALE_HIGH_OPPORTUNITY,2001,34.0
4060,content_57fc6ce4042fac8b,75.73640920269389,STALE_HIGH_OPPORTUNITY,2001,34.0
4061,content_b88864783ea67e65,75.73498027822232,STALE_HIGH_OPPORTUNITY,187,81.0
4062,content_3b1c7785daf6c64e,75.73422908908454,STALE_HIGH_OPPORTUNITY,227,36.0
4063,content_a748da7eb515b0ac,75.73091796303146,STALE_HIGH_OPPORTUNITY,1999,34.0
4064,content_e67da7d3e7716b7b,75.73091796303146,STALE_HIGH_OPPORTUNITY,1999,34.0
4065,content_d18a42af5122b8a4,75.73091796303146,STALE_HIGH_OPPORTUNITY,1999,34.0
4066,content_01d82e2bcb051c98,75.73091796303146,STALE_HIGH_OPPORTUNITY,1999,34.0
4067,content_3e5f15c27f866f94,75.72796114167475,STALE_HIGH_OPPORTUNITY,1998,34.0
4068,content_e8da975e77b195c5,75.72796114167475,STALE_HIGH_OPPORTUNITY,1998,34.0
4069,content_359c3c32e917bf79,75.72532112260627,STALE_HIGH_OPPORTUNITY,1997,34.0
4070,content_782d1ba2d4d132fe,75.72532112260627,STALE_HIGH_OPPORTUNITY,1997,34.0
4071,content_315c2bde2d5b3779,75.72532112260627,STALE_HIGH_OPPORTUNITY,1997,34.0
4072,content_6f757a0038cc95b8,75.72532112260627,STALE_HIGH_OPPORTUNITY,1997,34.0
4073,content_01a205a27d3ff05c,75.72268110353781,STALE_HIGH_OPPORTUNITY,1996,34.0
4074,content_2942a29b5bafcdfb,75.72099149133396,STALE_HIGH_OPPORTUNITY,1995,34.0
4075,content_df8fe70bf4787cfe,75.71982988294384,STALE_HIGH_OPPORTUNITY,1994,34.0
4076,content_0ed9d3c6267bdf1b,75.71982988294384,STALE_HIGH_OPPORTUNITY,1994,34.0
4077,content_c2cdaa36286a0ec8,75.71750666616359,STALE_HIGH_OPPORTUNITY,1993,34.0
4078,content_55259e2b7d5898bd,75.71750666616359,STALE_HIGH_OPPORTUNITY,1993,34.0
4079,content_9e58589d5cfda50e,75.71750666616359,STALE_HIGH_OPPORTUNITY,1993,34.0
4080,content_1591eed8fe123fe8,75.71750666616359,STALE_HIGH_OPPORTUNITY,1993,34.0
4081,content_00a8287c7e10c636,75.71423304251866,STALE_HIGH_OPPORTUNITY,1992,34.0
4082,content_a8fd09da152e8cdd,75.71423304251866,STALE_HIGH_OPPORTUNITY,1992,34.0
4083,content_a86ac6afe61e962a,75.71423304251866,STALE_HIGH_OPPORTUNITY,1992,34.0
4084,content_c4f5f10e3ef12b5c,75.71423304251866,STALE_HIGH_OPPORTUNITY,1992,34.0
4085,content_4df75b28d034df94,75.7110650196365,STALE_HIGH_OPPORTUNITY,1991,34.0
4086,content_1f4833d14d867e06,75.70863620209349,STALE_HIGH_OPPORTUNITY,1990,34.0
4087,content_9fcf74978725cbce,75.70863620209349,STALE_HIGH_OPPORTUNITY,1990,34.0
4088,content_b57777945b7866c8,75.70863620209349,STALE_HIGH_OPPORTUNITY,1990,34.0
4089,content_2ba8f33818943022,75.70610178378774,STALE_HIGH_OPPORTUNITY,1989,34.0
4090,content_36c85a27bd414ba8,75.70610178378774,STALE_HIGH_OPPORTUNITY,1989,34.0
4091,content_a447b902c587a000,75.70610178378774,STALE_HIGH_OPPORTUNITY,1989,34.0
4092,content_4911a4a2efdeb563,75.70335616395653,STALE_HIGH_OPPORTUNITY,1988,34.0
4093,content_936f4d2588b04f77,75.70335616395653,STALE_HIGH_OPPORTUNITY,1988,34.0
4094,content_c6d22e2688961756,75.70103294717626,STALE_HIGH_OPPORTUNITY,1987,34.0
4095,content_3e02002aa25bf3ca,75.70103294717626,STALE_HIGH_OPPORTUNITY,1987,34.0
4096,content_172ba4fcf70e4f2b,75.6990265326842,STALE_HIGH_OPPORTUNITY,1986,34.0
4097,content_dc169b6dcd625110,75.6990265326842,STALE_HIGH_OPPORTUNITY,1986,34.0
4098,content_4d72b569cd4c9aa2,75.69659771514122,STALE_HIGH_OPPORTUNITY,1985,34.0
4099,content_9eefef6fdfe188db,75.69659771514122,STALE_HIGH_OPPORTUNITY,1985,34.0
4100,content_fa6639c4e377c2c9,75.69659771514122,STALE_HIGH_OPPORTUNITY,1985,34.0
4101,content_6bef6e155ae72c5c,75.69659771514122,STALE_HIGH_OPPORTUNITY,1985,34.0
4102,content_682320f6bd4e5a6e,75.69659771514122,STALE_HIGH_OPPORTUNITY,1985,34.0
4103,content_40f6a9e61f8fec22,75.69395769607274,STALE_HIGH_OPPORTUNITY,1984,34.0
4104,content_a470de7064a87b8b,75.69395769607274,STALE_HIGH_OPPORTUNITY,1984,34.0
4105,content_037e0920716096e4,75.69395769607274,STALE_HIGH_OPPORTUNITY,1984,34.0
4106,content_07d7f842998d3977,75.69395769607274,STALE_HIGH_OPPORTUNITY,1984,34.0
4107,content_f880adc0f4ce6e4a,75.69110647547876,STALE_HIGH_OPPORTUNITY,1983,34.0
4108,content_143558fab3dd63fb,75.69110647547876,STALE_HIGH_OPPORTUNITY,1983,34.0
4109,content_52cf968925f828d7,75.69110647547876,STALE_HIGH_OPPORTUNITY,1983,34.0
4110,content_a014e980e99d3fee,75.69110647547876,STALE_HIGH_OPPORTUNITY,1983,34.0
4111,content_9f9b053e5b6c844d,75.688994460224,STALE_HIGH_OPPORTUNITY,1982,34.0
4112,content_88a136b3b3641db8,75.6874104487829,STALE_HIGH_OPPORTUNITY,1981,34.0
4113,content_b60aec270164ddc7,75.68561523581633,STALE_HIGH_OPPORTUNITY,1980,34.0
4114,content_1fb5bff94983b2a8,75.68382002284976,STALE_HIGH_OPPORTUNITY,1979,34.0
4115,content_773a550230e5faef,75.68382002284976,STALE_HIGH_OPPORTUNITY,1979,34.0
4116,content_88bb0071cf79dfe7,75.68382002284976,STALE_HIGH_OPPORTUNITY,1979,34.0
4117,content_15af74afc6e9f96f,75.68022959691663,STALE_HIGH_OPPORTUNITY,1977,34.0
4118,content_bbc5a41f17d0afbb,75.68022959691663,STALE_HIGH_OPPORTUNITY,1977,34.0
4119,content_c281fc70d36d8e12,75.67758957784815,STALE_HIGH_OPPORTUNITY,1976,34.0
4120,content_d813ee50615ab522,75.67758957784815,STALE_HIGH_OPPORTUNITY,1976,34.0
4121,content_c24b8d97c846b70c,75.67304874505035,STALE_HIGH_OPPORTUNITY,1974,34.0
4122,content_3e45d6ac348ee823,75.67072552827011,STALE_HIGH_OPPORTUNITY,1973,34.0
4123,content_93589499dbca4551,75.67072552827011,STALE_HIGH_OPPORTUNITY,1973,34.0
4124,content_16ceb88ed413fcc7,75.67072552827011,STALE_HIGH_OPPORTUNITY,1973,34.0
4125,content_cc451855d550dd1d,75.67072552827011,STALE_HIGH_OPPORTUNITY,1973,34.0
4126,content_4ada171d9bfee230,75.66787430767614,STALE_HIGH_OPPORTUNITY,1972,34.0
4127,content_ee4452467fe2b729,75.66787430767614,STALE_HIGH_OPPORTUNITY,1972,34.0
4128,content_71ddbd370b7cf1ac,75.66787430767614,STALE_HIGH_OPPORTUNITY,1972,34.0
4129,content_7cbf7d93ffae525d,75.66787430767614,STALE_HIGH_OPPORTUNITY,1972,34.0
4130,content_40a14c70f65d8c83,75.6658678931841,STALE_HIGH_OPPORTUNITY,1971,34.0
4131,content_fd7e2f980f20cad5,75.6658678931841,STALE_HIGH_OPPORTUNITY,1971,34.0
4132,content_99ffc4566b363501,75.66470628479397,STALE_HIGH_OPPORTUNITY,1970,34.0
4133,content_b4136eaa47927277,75.66115336126899,STALE_HIGH_OPPORTUNITY,224,36.0
4134,content_4d23a1ec00fd2731,75.6580534367414,STALE_HIGH_OPPORTUNITY,1965,34.0
4135,content_aa4b6e1ec98ef2d3,75.6580534367414,STALE_HIGH_OPPORTUNITY,1965,34.0
4136,content_b1d5e5f6202d0e1d,75.6559414214866,STALE_HIGH_OPPORTUNITY,1964,34.0
4137,content_357b387381652e6a,75.6537238054691,STALE_HIGH_OPPORTUNITY,1963,34.0
4138,content_f3b7ae507c5f4550,75.6537238054691,STALE_HIGH_OPPORTUNITY,1963,34.0
4139,content_f38338450fb9a064,75.65203419326527,STALE_HIGH_OPPORTUNITY,1962,34.0
4140,content_efd55c548fee8d41,75.65203419326527,STALE_HIGH_OPPORTUNITY,1962,34.0
4141,content_06a24383f8722c0d,75.65203419326527,STALE_HIGH_OPPORTUNITY,1962,34.0
4142,content_55734ce78084a9fd,75.64960537572225,STALE_HIGH_OPPORTUNITY,1961,34.0
4143,content_68111528c8920556,75.64960537572225,STALE_HIGH_OPPORTUNITY,1961,34.0
4144,content_fdcaa0fc3b0a5261,75.64960537572225,STALE_HIGH_OPPORTUNITY,1961,34.0
4145,content_61006e0cd6e27aaf,75.64675415512829,STALE_HIGH_OPPORTUNITY,1960,34.0
4146,content_d20ca8fb2ee3978e,75.64675415512829,STALE_HIGH_OPPORTUNITY,1960,34.0
4147,content_49e261d08007b69b,75.64495894216174,STALE_HIGH_OPPORTUNITY,1959,34.0
4148,content_d258e111dc7dfb5e,75.64495894216174,STALE_HIGH_OPPORTUNITY,1959,34.0
4149,content_8105053904427bf1,75.64495894216174,STALE_HIGH_OPPORTUNITY,1959,34.0
4150,content_4f0531bcafe1a720,75.6427413261442,STALE_HIGH_OPPORTUNITY,1958,34.0
4151,content_f5e3d8ced2732741,75.6427413261442,STALE_HIGH_OPPORTUNITY,1958,34.0
4152,content_92f886a184f12741,75.6427413261442,STALE_HIGH_OPPORTUNITY,1958,34.0
4153,content_229c5a9681969f4b,75.6427413261442,STALE_HIGH_OPPORTUNITY,1958,34.0
4154,content_4f351734eec08a17,75.6370388849563,STALE_HIGH_OPPORTUNITY,1956,34.0
4155,content_7acce49eb7c1cfff,75.63580917821157,STALE_HIGH_OPPORTUNITY,223,36.0
4156,content_0b6e8e71f5a94896,75.63580917821157,STALE_HIGH_OPPORTUNITY,223,36.0
4157,content_915f735967e6f804,75.63556047427794,STALE_HIGH_OPPORTUNITY,1955,34.0
4158,content_9bab6480d00c9c0a,75.63344845902316,STALE_HIGH_OPPORTUNITY,1954,34.0
4159,content_ddc8e95c4c246fee,75.63344845902316,STALE_HIGH_OPPORTUNITY,1954,34.0
4160,content_2e5e5de1402478f1,75.62943563003907,STALE_HIGH_OPPORTUNITY,1952,34.0
4161,content_2522b93ae2dea1ac,75.62943563003907,STALE_HIGH_OPPORTUNITY,1952,34.0
4162,content_2db9d4f6c89236a4,75.62785161859799,STALE_HIGH_OPPORTUNITY,1951,34.0
4163,content_9def113257c44e86,75.62785161859799,STALE_HIGH_OPPORTUNITY,1951,34.0
4164,content_a706e9bd8d582b1d,75.6252115995295,STALE_HIGH_OPPORTUNITY,1950,34.0
4165,content_b34f846dd05c5956,75.6252115995295,STALE_HIGH_OPPORTUNITY,1950,34.0
4166,content_92be7e6a71edec1f,75.62246597969826,STALE_HIGH_OPPORTUNITY,1949,34.0
4167,content_f75ac8c68fca6e7d,75.62246597969826,STALE_HIGH_OPPORTUNITY,1949,34.0
4168,content_bea315fc1cb232de,75.62045956520623,STALE_HIGH_OPPORTUNITY,1948,34.0
4169,content_c10c75cae4a83636,75.61887555376515,STALE_HIGH_OPPORTUNITY,1947,34.0
4170,content_f29dd906bd100eb1,75.61718594156133,STALE_HIGH_OPPORTUNITY,1946,34.0
4171,content_fb52aa56db84be5a,75.61528512783201,STALE_HIGH_OPPORTUNITY,1945,34.0
4172,content_f928ad98b5abd47c,75.61370111639093,STALE_HIGH_OPPORTUNITY,1944,34.0
4173,content_782db3ebaa8ecb07,75.6120115041871,STALE_HIGH_OPPORTUNITY,1943,34.0
4174,content_35026ef14b3e40af,75.6120115041871,STALE_HIGH_OPPORTUNITY,1943,34.0
4175,content_fd26011401785551,75.61011069045779,STALE_HIGH_OPPORTUNITY,1942,34.0
4176,content_f0aa0b265df73910,75.60768187291478,STALE_HIGH_OPPORTUNITY,1941,34.0
4177,content_370c28661cc31c60,75.60768187291478,STALE_HIGH_OPPORTUNITY,1941,34.0
4178,content_4e50d104ad357989,75.60768187291478,STALE_HIGH_OPPORTUNITY,1941,34.0
4179,content_576c56ab5fc54bc6,75.60768187291478,STALE_HIGH_OPPORTUNITY,1941,34.0
4180,content_53eee32452d4150d,75.60525305537178,STALE_HIGH_OPPORTUNITY,1940,34.0
4181,content_4a4f0897b920177d,75.60314104011701,STALE_HIGH_OPPORTUNITY,1939,34.0
4182,content_b2273a40e8bc8688,75.60060662181125,STALE_HIGH_OPPORTUNITY,1938,34.0
4183,content_a8ab927303d0cefc,75.60060662181125,STALE_HIGH_OPPORTUNITY,1938,34.0
4184,content_ea7cbfa2c4d5f400,75.60060662181125,STALE_HIGH_OPPORTUNITY,1938,34.0
4185,content_d15874591dfc04fd,75.60060662181125,STALE_HIGH_OPPORTUNITY,1938,34.0
4186,content_22a0393be3f0ae51,75.59764980045456,STALE_HIGH_OPPORTUNITY,1937,34.0
4187,content_4e0c7263aa6aab62,75.59764980045456,STALE_HIGH_OPPORTUNITY,1937,34.0
4188,content_399723bc4aaaaf45,75.59764980045456,STALE_HIGH_OPPORTUNITY,1937,34.0
4189,content_9e65d955ede85b4f,75.59764980045456,STALE_HIGH_OPPORTUNITY,1937,34.0
4190,content_b4c5325df32b943a,75.59416497528417,STALE_HIGH_OPPORTUNITY,1936,34.0
4191,content_83f75c97aea2a885,75.59416497528417,STALE_HIGH_OPPORTUNITY,1936,34.0
4192,content_fa84e03e3d5e2fa2,75.58983534401185,STALE_HIGH_OPPORTUNITY,1935,34.0
4193,content_ae5e02cc721c1f79,75.58983534401185,STALE_HIGH_OPPORTUNITY,1935,34.0
4194,content_8f0ec140fa9ce9a5,75.58659922277509,STALE_HIGH_OPPORTUNITY,221,36.0
4195,content_af46d00beb9f84d5,75.58613931731598,STALE_HIGH_OPPORTUNITY,1934,34.0
4196,content_b4e5b5fdb47fdc41,75.57927526773793,STALE_HIGH_OPPORTUNITY,1931,34.0
4197,content_cbc145dcde304ff8,75.57927526773793,STALE_HIGH_OPPORTUNITY,1931,34.0
4198,content_154b1d0d3fd3f0e5,75.57758565553411,STALE_HIGH_OPPORTUNITY,1930,34.0
4199,content_3eb634395a1e4eb8,75.57758565553411,STALE_HIGH_OPPORTUNITY,1930,34.0
4200,content_ece6faf601d0feba,75.57579044256754,STALE_HIGH_OPPORTUNITY,1929,34.0
4201,content_d1de5226a225d0ea,75.57579044256754,STALE_HIGH_OPPORTUNITY,1929,34.0
4202,content_b87cb5c22d26872d,75.57579044256754,STALE_HIGH_OPPORTUNITY,1929,34.0
4203,content_57e814e93941b77a,75.57579044256754,STALE_HIGH_OPPORTUNITY,1929,34.0
4204,content_6e4b122a0f917e43,75.57579044256754,STALE_HIGH_OPPORTUNITY,1929,34.0
4205,content_c076b2ae9c1c888d,75.5737840280755,STALE_HIGH_OPPORTUNITY,1928,34.0
4206,content_eccf908f54c2f98b,75.5737840280755,STALE_HIGH_OPPORTUNITY,1928,34.0
4207,content_116fcbe5d2235166,75.5737840280755,STALE_HIGH_OPPORTUNITY,1928,34.0
4208,content_c641d691cf207de9,75.57307789317136,STALE_HIGH_OPPORTUNITY,230,35.0
4209,content_63596ab9903e3049,75.57146081129522,STALE_HIGH_OPPORTUNITY,1927,34.0
4210,content_22f71c7d27033767,75.56871519146401,STALE_HIGH_OPPORTUNITY,1926,34.0
4211,content_f63918bbd96356ef,75.56639197468375,STALE_HIGH_OPPORTUNITY,1925,34.0
4212,content_895c77b109eea273,75.5643855601917,STALE_HIGH_OPPORTUNITY,1924,34.0
4213,content_1c7a2be7b3f86a85,75.5643855601917,STALE_HIGH_OPPORTUNITY,1924,34.0
4214,content_aa2e2c72b26a55d0,75.56037273120762,STALE_HIGH_OPPORTUNITY,1922,34.0
4215,content_4bd28b51e924e757,75.56037273120762,STALE_HIGH_OPPORTUNITY,1922,34.0
4216,content_664f4c545a867ef3,75.56037273120762,STALE_HIGH_OPPORTUNITY,1922,34.0
4217,content_4303ceb432aad51d,75.55794391366462,STALE_HIGH_OPPORTUNITY,1921,34.0
4218,content_e59529b04986a1f3,75.55794391366462,STALE_HIGH_OPPORTUNITY,1921,34.0
4219,content_a46de8cf17851cca,75.55794391366462,STALE_HIGH_OPPORTUNITY,1921,34.0
4220,content_a91e0ac740eaa0b6,75.55794391366462,STALE_HIGH_OPPORTUNITY,1921,34.0
4221,content_3d38e129b57748af,75.55583189840982,STALE_HIGH_OPPORTUNITY,1920,34.0
4222,content_6db4f786ef0bcb5f,75.55583189840982,STALE_HIGH_OPPORTUNITY,1920,34.0
4223,content_6b216e269748d86f,75.55583189840982,STALE_HIGH_OPPORTUNITY,1920,34.0
4224,content_ea780f7e2bfd21e3,75.5522414724767,STALE_HIGH_OPPORTUNITY,1918,34.0
4225,content_6ea0c4dfc0135118,75.5522414724767,STALE_HIGH_OPPORTUNITY,1918,34.0
4226,content_49ef6ba3ba165258,75.5522414724767,STALE_HIGH_OPPORTUNITY,1918,34.0
4227,content_7906e7596d464317,75.55012945722191,STALE_HIGH_OPPORTUNITY,1917,34.0
4228,content_9e55c131e1414435,75.55012945722191,STALE_HIGH_OPPORTUNITY,1917,34.0
4229,content_8f19f03c3d1b4f21,75.55012945722191,STALE_HIGH_OPPORTUNITY,1917,34.0
4230,content_e77d0958fa1a8310,75.54780624044164,STALE_HIGH_OPPORTUNITY,1916,34.0
4231,content_72e2e87b98c87b49,75.54780624044164,STALE_HIGH_OPPORTUNITY,1916,34.0
4232,content_c2baa4be49c0644c,75.54780624044164,STALE_HIGH_OPPORTUNITY,1916,34.0
4233,content_cefede55fbb45c98,75.54537742289864,STALE_HIGH_OPPORTUNITY,1915,34.0
4234,content_08a4e31450fd0cc0,75.54537742289864,STALE_HIGH_OPPORTUNITY,1915,34.0
4235,content_08f967a8f8abfd2e,75.54537742289864,STALE_HIGH_OPPORTUNITY,1915,34.0
4236,content_01fed976ccfdcf2b,75.54537742289864,STALE_HIGH_OPPORTUNITY,1915,34.0
4237,content_a36a03f08f2edad7,75.54537742289864,STALE_HIGH_OPPORTUNITY,1915,34.0
4238,content_6a7095941dc74df5,75.54294860535565,STALE_HIGH_OPPORTUNITY,1914,34.0
4239,content_60bd440e71a369ab,75.54294860535565,STALE_HIGH_OPPORTUNITY,1914,34.0
4240,content_921aef3dd3a639a6,75.54214130166189,STALE_HIGH_OPPORTUNITY,219,36.0
4241,content_ae0b64961ff4931c,75.54062538857538,STALE_HIGH_OPPORTUNITY,1913,34.0
4242,content_551e4d22e63bfcda,75.54062538857538,STALE_HIGH_OPPORTUNITY,1913,34.0
4243,content_b955c15ae239bba7,75.54062538857538,STALE_HIGH_OPPORTUNITY,1913,34.0
4244,content_f82d544cb86183d6,75.54061972648904,STALE_HIGH_OPPORTUNITY,163,131.0
4245,content_9441bbdf4c806b24,75.53777416798141,STALE_HIGH_OPPORTUNITY,1912,34.0
4246,content_3e4d7168ea4bd493,75.53777416798141,STALE_HIGH_OPPORTUNITY,1912,34.0
4247,content_cd2cbc2f79082602,75.53545095120117,STALE_HIGH_OPPORTUNITY,1911,34.0
4248,content_dc1d83a4017f5aff,75.53545095120117,STALE_HIGH_OPPORTUNITY,1911,34.0
4249,content_a3cd1888377ceddd,75.53122692069158,STALE_HIGH_OPPORTUNITY,1909,34.0
4250,content_8042f37da8ce128d,75.53122692069158,STALE_HIGH_OPPORTUNITY,1909,34.0
4251,content_ae04ebe7bcddae3f,75.53122692069158,STALE_HIGH_OPPORTUNITY,1909,34.0
4252,content_d8be383030412640,75.52956274152422,STALE_HIGH_OPPORTUNITY,172,113.0
4253,content_f64c3a50f35a8fad,75.52795329704668,STALE_HIGH_OPPORTUNITY,1908,34.0
4254,content_8bdcf44a53a562ab,75.52795329704668,STALE_HIGH_OPPORTUNITY,1908,34.0
4255,content_aa15355fa3be4d83,75.52499647568997,STALE_HIGH_OPPORTUNITY,1907,34.0
4256,content_3e69ddc2276b5f3a,75.52499647568997,STALE_HIGH_OPPORTUNITY,1907,34.0
4257,content_c78831fbac830e97,75.52277885967246,STALE_HIGH_OPPORTUNITY,1906,34.0
4258,content_a648d0f831af9b1c,75.52066684441766,STALE_HIGH_OPPORTUNITY,1905,34.0
4259,content_206d49e29b4af3d8,75.52066684441766,STALE_HIGH_OPPORTUNITY,1905,34.0
4260,content_8ecb6fd9f0f6b8ed,75.51813242611192,STALE_HIGH_OPPORTUNITY,1904,34.0
4261,content_febb601e1a37d38c,75.51813242611192,STALE_HIGH_OPPORTUNITY,1904,34.0
4262,content_cc065a39227cc683,75.51813242611192,STALE_HIGH_OPPORTUNITY,1904,34.0
4263,content_2c4ef1aeb261876f,75.51813242611192,STALE_HIGH_OPPORTUNITY,1904,34.0
4264,content_94cc2f1f1f94177e,75.51813242611192,STALE_HIGH_OPPORTUNITY,1904,34.0
4265,content_67aa3e2fd053e305,75.51813242611192,STALE_HIGH_OPPORTUNITY,1904,34.0
4266,content_2c72b55d142c2a9a,75.51549240704344,STALE_HIGH_OPPORTUNITY,1903,34.0
4267,content_3824479efeb0e733,75.51549240704344,STALE_HIGH_OPPORTUNITY,1903,34.0
4268,content_0f34fda9294f9ab5,75.51549240704344,STALE_HIGH_OPPORTUNITY,1903,34.0
4269,content_ff7a5c898775395a,75.51549240704344,STALE_HIGH_OPPORTUNITY,1903,34.0
4270,content_38683be9af60edee,75.51253558568675,STALE_HIGH_OPPORTUNITY,1902,34.0
4271,content_004530300bc185f7,75.50989556661827,STALE_HIGH_OPPORTUNITY,1901,34.0
4272,content_2edad020663e6a50,75.50989556661827,STALE_HIGH_OPPORTUNITY,1901,34.0
4273,content_a4b6916770fd9182,75.50989556661827,STALE_HIGH_OPPORTUNITY,1901,34.0
4274,content_0d5902e44c8e53c3,75.50820595441444,STALE_HIGH_OPPORTUNITY,1900,34.0
4275,content_559b4902921c95b9,75.50820595441444,STALE_HIGH_OPPORTUNITY,1900,34.0
4276,content_591c30cf11a2dc70,75.50567153610868,STALE_HIGH_OPPORTUNITY,1899,34.0
4277,content_edb410a717ebbd66,75.50567153610868,STALE_HIGH_OPPORTUNITY,1899,34.0
4278,content_4d095a1a9c305452,75.50239791246378,STALE_HIGH_OPPORTUNITY,1898,34.0
4279,content_1fcd04ed3b5a1c78,75.49933549034434,STALE_HIGH_OPPORTUNITY,1897,34.0
4280,content_63d457e03329547f,75.49933549034434,STALE_HIGH_OPPORTUNITY,1897,34.0
4281,content_25876763a6d27ed8,75.49933549034434,STALE_HIGH_OPPORTUNITY,1897,34.0
4282,content_538892bc04df0764,75.49637866898765,STALE_HIGH_OPPORTUNITY,1896,34.0
4283,content_1b829171cdff7636,75.49426665373286,STALE_HIGH_OPPORTUNITY,1895,34.0
4284,content_73d8b08a8d633a7c,75.49426665373286,STALE_HIGH_OPPORTUNITY,1895,34.0
4285,content_22c45d4109f52355,75.49257704152903,STALE_HIGH_OPPORTUNITY,1894,34.0
4286,content_5707281c95378b18,75.49257704152903,STALE_HIGH_OPPORTUNITY,1894,34.0
4287,content_238a71aa9d41bbe9,75.49257704152903,STALE_HIGH_OPPORTUNITY,1894,34.0
4288,content_0210eeea3a738a43,75.49099303008794,STALE_HIGH_OPPORTUNITY,1893,34.0
4289,content_fd5a86f9045cc224,75.48940901864685,STALE_HIGH_OPPORTUNITY,1892,34.0
4290,content_f3c85f5afa2f7e9f,75.48771940644303,STALE_HIGH_OPPORTUNITY,1891,34.0
4291,content_19b6ea4b5f11a77b,75.4849737866118,STALE_HIGH_OPPORTUNITY,1890,34.0
4292,content_d435994ac520604c,75.4849737866118,STALE_HIGH_OPPORTUNITY,1890,34.0
4293,content_a0e1d03cc3a24daf,75.4849737866118,STALE_HIGH_OPPORTUNITY,1890,34.0
4294,content_bcded2e8b7adb0fc,75.48180576372962,STALE_HIGH_OPPORTUNITY,1889,34.0
4295,content_aea9d33cebb177f8,75.48180576372962,STALE_HIGH_OPPORTUNITY,1889,34.0
4296,content_0e5fcbcfedccb5ba,75.48180576372962,STALE_HIGH_OPPORTUNITY,1889,34.0
4297,content_1921a0995e57d77f,75.48180576372962,STALE_HIGH_OPPORTUNITY,1889,34.0
4298,content_2f3ee8a713cae3d4,75.48180576372962,STALE_HIGH_OPPORTUNITY,1889,34.0
4299,content_b80dd2a8b5bd9cbb,75.4787433416102,STALE_HIGH_OPPORTUNITY,1888,34.0
4300,content_37acf9b1395ab283,75.4787433416102,STALE_HIGH_OPPORTUNITY,1888,34.0
4301,content_e4b043452056eea6,75.47568091949077,STALE_HIGH_OPPORTUNITY,1887,34.0
4302,content_8f9bab342575dd83,75.47568091949077,STALE_HIGH_OPPORTUNITY,1887,34.0
4303,content_ec848223ad8bdf36,75.47568091949077,STALE_HIGH_OPPORTUNITY,1887,34.0
4304,content_d89b00b0b72ec1ad,75.47219609432037,STALE_HIGH_OPPORTUNITY,1886,34.0
4305,content_99a9b2916f040143,75.47219609432037,STALE_HIGH_OPPORTUNITY,1886,34.0
4306,content_96b046ec623d473a,75.47219609432037,STALE_HIGH_OPPORTUNITY,1886,34.0
4307,content_9784d46591129d46,75.47219609432037,STALE_HIGH_OPPORTUNITY,1886,34.0
4308,content_ff93f431f16c389e,75.47219609432037,STALE_HIGH_OPPORTUNITY,1886,34.0
4309,content_ddb32dd7a5258c94,75.47159999215208,STALE_HIGH_OPPORTUNITY,216,36.0
4310,content_4c5530ff09b0a2f3,75.4688168699127,STALE_HIGH_OPPORTUNITY,1885,34.0
4311,content_21c8b89af4408a90,75.4688168699127,STALE_HIGH_OPPORTUNITY,1885,34.0
4312,content_57be15fadba186d3,75.46702165694614,STALE_HIGH_OPPORTUNITY,1884,34.0
4313,content_2334632aff684711,75.46702165694614,STALE_HIGH_OPPORTUNITY,1884,34.0
4314,content_3b4cfa0aead9c931,75.46533204474233,STALE_HIGH_OPPORTUNITY,1883,34.0
4315,content_dc7a14b50e38eb74,75.46533204474233,STALE_HIGH_OPPORTUNITY,1883,34.0
4316,content_124b45341c255bb3,75.46174161880919,STALE_HIGH_OPPORTUNITY,1881,34.0
4317,content_e980362911e2ec4e,75.45984080507986,STALE_HIGH_OPPORTUNITY,1880,34.0
4318,content_76cb3e5f5116e1eb,75.45984080507986,STALE_HIGH_OPPORTUNITY,1880,34.0
4319,content_f0fbad9e23f9117d,75.45730638677414,STALE_HIGH_OPPORTUNITY,1879,34.0
4320,content_5303fb674f46dc2c,75.45730638677414,STALE_HIGH_OPPORTUNITY,1879,34.0
4321,content_3f88daf434e06057,75.45730638677414,STALE_HIGH_OPPORTUNITY,1879,34.0
4322,content_436ea234cbcbfea3,75.4542439646547,STALE_HIGH_OPPORTUNITY,1878,34.0
4323,content_dc91336d2aad54de,75.4542439646547,STALE_HIGH_OPPORTUNITY,1878,34.0
4324,content_d69264888e6e0e13,75.4542439646547,STALE_HIGH_OPPORTUNITY,1878,34.0
4325,content_0453338e48d62746,75.4542439646547,STALE_HIGH_OPPORTUNITY,1878,34.0
4326,content_3d9e9ab9493905d8,75.4542439646547,STALE_HIGH_OPPORTUNITY,1878,34.0
4327,content_7e4c668ee152249f,75.4542439646547,STALE_HIGH_OPPORTUNITY,1878,34.0
4328,content_380fcde787aae314,75.45097034100979,STALE_HIGH_OPPORTUNITY,1876,34.0
4329,content_66273283cbf46272,75.45097034100979,STALE_HIGH_OPPORTUNITY,1876,34.0
4330,content_68ea44f634db1bfe,75.44928072880595,STALE_HIGH_OPPORTUNITY,1875,34.0
4331,content_cafc4da4511a3856,75.44928072880595,STALE_HIGH_OPPORTUNITY,1875,34.0
4332,content_21cfbe64ce5bb85e,75.4453735005846,STALE_HIGH_OPPORTUNITY,1873,34.0
4333,content_b9d99c5a37bfb89c,75.4453735005846,STALE_HIGH_OPPORTUNITY,1873,34.0
4334,content_294d719ef4c06925,75.4453735005846,STALE_HIGH_OPPORTUNITY,1873,34.0
4335,content_48fcd25633892619,75.44326148532983,STALE_HIGH_OPPORTUNITY,1872,34.0
4336,content_61847a8281466249,75.44326148532983,STALE_HIGH_OPPORTUNITY,1872,34.0
4337,content_7692b4b1ac62ada8,75.44114947007503,STALE_HIGH_OPPORTUNITY,1871,34.0
4338,content_1239cb8c698b9025,75.44114947007503,STALE_HIGH_OPPORTUNITY,1871,34.0
4339,content_b179a5dd41ceb5a1,75.44114947007503,STALE_HIGH_OPPORTUNITY,1871,34.0
4340,content_7a8dd4b43d85bc2e,75.43966539731035,STALE_HIGH_OPPORTUNITY,160,131.0
4341,content_8ebdc699cd97087c,75.43935425710846,STALE_HIGH_OPPORTUNITY,1870,34.0
4342,content_3e864bcec21576aa,75.43935425710846,STALE_HIGH_OPPORTUNITY,1870,34.0
4343,content_c605796003ec46df,75.43724224185368,STALE_HIGH_OPPORTUNITY,1869,34.0
4344,content_6734be555400f3c3,75.43724224185368,STALE_HIGH_OPPORTUNITY,1869,34.0
4345,content_490a5f35e27e1900,75.43724224185368,STALE_HIGH_OPPORTUNITY,1869,34.0
4346,content_a4e81f55bb0a6e86,75.43724224185368,STALE_HIGH_OPPORTUNITY,1869,34.0
4347,content_47eac38cc0748e5a,75.43470782354794,STALE_HIGH_OPPORTUNITY,1868,34.0
4348,content_162b047097d8b708,75.43470782354794,STALE_HIGH_OPPORTUNITY,1868,34.0
4349,content_b307513f75120145,75.42900538236002,STALE_HIGH_OPPORTUNITY,1865,34.0
4350,content_509c46548023e625,75.42900538236002,STALE_HIGH_OPPORTUNITY,1865,34.0
4351,content_a67af59dd01d8306,75.42657656481703,STALE_HIGH_OPPORTUNITY,1864,34.0
4352,content_b5df3cbda5cdd850,75.42657656481703,STALE_HIGH_OPPORTUNITY,1864,34.0
4353,content_7b290f41b86f5d47,75.42657656481703,STALE_HIGH_OPPORTUNITY,1864,34.0
4354,content_cd3e4a616177ab16,75.42657656481703,STALE_HIGH_OPPORTUNITY,1864,34.0
4355,content_d6f009f531450867,75.42457015032497,STALE_HIGH_OPPORTUNITY,1863,34.0
4356,content_62b8953fc047c315,75.42457015032497,STALE_HIGH_OPPORTUNITY,1863,34.0
4357,content_79a1d6aa506439a9,75.42457015032497,STALE_HIGH_OPPORTUNITY,1863,34.0
4358,content_024bd015f13015ba,75.42457015032497,STALE_HIGH_OPPORTUNITY,1863,34.0
4359,content_43fd91fbeef5d73c,75.42203573201922,STALE_HIGH_OPPORTUNITY,1862,34.0
4360,content_6b6e8049b5b269a6,75.42203573201922,STALE_HIGH_OPPORTUNITY,1862,34.0
4361,content_48923e0529a8fac8,75.41971251523896,STALE_HIGH_OPPORTUNITY,1861,34.0
4362,content_34d45767c9de4a37,75.41749489922145,STALE_HIGH_OPPORTUNITY,1860,34.0
4363,content_6e735f71df962aeb,75.41749489922145,STALE_HIGH_OPPORTUNITY,1860,34.0
4364,content_2e8f05facbac3bba,75.41749489922145,STALE_HIGH_OPPORTUNITY,1860,34.0
4365,content_d703f6d6febd5142,75.41749489922145,STALE_HIGH_OPPORTUNITY,1860,34.0
4366,content_07e22c856ddb7dd5,75.41538288396666,STALE_HIGH_OPPORTUNITY,1859,34.0
4367,content_f0eeda71cd5c9f36,75.41538288396666,STALE_HIGH_OPPORTUNITY,1859,34.0
4368,content_32beb820a547cd3f,75.41305966718639,STALE_HIGH_OPPORTUNITY,1858,34.0
4369,content_cdfd08c323bbbd90,75.41305966718639,STALE_HIGH_OPPORTUNITY,1858,34.0
4370,content_62ffee0e2c6ec0e9,75.41305966718639,STALE_HIGH_OPPORTUNITY,1858,34.0
4371,content_103774a3f32967b6,75.41305966718639,STALE_HIGH_OPPORTUNITY,1858,34.0
4372,content_39b3396543f8b10a,75.40946924125328,STALE_HIGH_OPPORTUNITY,1856,34.0
4373,content_bfc6be4ec78f5d59,75.40946924125328,STALE_HIGH_OPPORTUNITY,1856,34.0
4374,content_d375176a5d1dff04,75.40767402828669,STALE_HIGH_OPPORTUNITY,1855,34.0
4375,content_d96cbcf008dff53b,75.40767402828669,STALE_HIGH_OPPORTUNITY,1855,34.0
4376,content_e1fa48e80a1701ab,75.40545641226917,STALE_HIGH_OPPORTUNITY,1854,34.0
4377,content_7fcf5bba90c5f7a4,75.40545641226917,STALE_HIGH_OPPORTUNITY,1854,34.0
4378,content_7a27cda43a9cf095,75.40545641226917,STALE_HIGH_OPPORTUNITY,1854,34.0
4379,content_c8a38cb1cc808c9d,75.40292199396342,STALE_HIGH_OPPORTUNITY,1853,34.0
4380,content_786474093af57b84,75.40292199396342,STALE_HIGH_OPPORTUNITY,1853,34.0
4381,content_c1ac38dfd4cafec0,75.40292199396342,STALE_HIGH_OPPORTUNITY,1853,34.0
4382,content_a66b27322b2d7432,75.39968587272668,STALE_HIGH_OPPORTUNITY,213,36.0
4383,content_3fc9b72ce69239a4,75.39964837031852,STALE_HIGH_OPPORTUNITY,1852,34.0
4384,content_34b434785e91a8c6,75.39964837031852,STALE_HIGH_OPPORTUNITY,1852,34.0
4385,content_cc53685c47004801,75.39964837031852,STALE_HIGH_OPPORTUNITY,1852,34.0
4386,content_5ec84c016ace6457,75.39964837031852,STALE_HIGH_OPPORTUNITY,1852,34.0
4387,content_7d331e85a1d4cac4,75.39964837031852,STALE_HIGH_OPPORTUNITY,1852,34.0
4388,content_e3bba93a3fbef48a,75.39616354514811,STALE_HIGH_OPPORTUNITY,1851,34.0
4389,content_8a496e3fb34e14b7,75.3937347276051,STALE_HIGH_OPPORTUNITY,1850,34.0
4390,content_89effaf919b57def,75.39109470853664,STALE_HIGH_OPPORTUNITY,1849,34.0
4391,content_3464eb976e2780ab,75.39109470853664,STALE_HIGH_OPPORTUNITY,1849,34.0
4392,content_a7a85f7a9ce5d96d,75.39109470853664,STALE_HIGH_OPPORTUNITY,1849,34.0
4393,content_5846e3a0371c1a9d,75.39109470853664,STALE_HIGH_OPPORTUNITY,1849,34.0
4394,content_6a0435fa9144133b,75.39109470853664,STALE_HIGH_OPPORTUNITY,1849,34.0
4395,content_659b3493576d579a,75.39109470853664,STALE_HIGH_OPPORTUNITY,1849,34.0
4396,content_85ef6331a06a8957,75.39109470853664,STALE_HIGH_OPPORTUNITY,1849,34.0
4397,content_12a85cac8cf88e83,75.38782108489171,STALE_HIGH_OPPORTUNITY,1848,34.0
4398,content_6ee42d59ced5548a,75.38782108489171,STALE_HIGH_OPPORTUNITY,1848,34.0
4399,content_b4e64ee7daac3871,75.38549786811146,STALE_HIGH_OPPORTUNITY,1847,34.0
4400,content_e9c8e5fbc2683e56,75.38338585285668,STALE_HIGH_OPPORTUNITY,1846,34.0
4401,content_c8700d3a5eb13c34,75.38338585285668,STALE_HIGH_OPPORTUNITY,1846,34.0
4402,content_5315ddfb86a5bf8e,75.38338585285668,STALE_HIGH_OPPORTUNITY,1846,34.0
4403,content_59f765c54169d7c6,75.38338585285668,STALE_HIGH_OPPORTUNITY,1846,34.0
4404,content_a9386497418b93c4,75.38338585285668,STALE_HIGH_OPPORTUNITY,1846,34.0
4405,content_f6c5d68d2b39c63a,75.38338585285668,STALE_HIGH_OPPORTUNITY,1846,34.0
4406,content_087632fc68dcd6db,75.3807458337882,STALE_HIGH_OPPORTUNITY,1845,34.0
4407,content_bd0ca118215ced20,75.3807458337882,STALE_HIGH_OPPORTUNITY,1845,34.0
4408,content_2c0a22d940d2a4d6,75.37831701624519,STALE_HIGH_OPPORTUNITY,1844,34.0
4409,content_ad0905e0e6b116bc,75.37831701624519,STALE_HIGH_OPPORTUNITY,1844,34.0
4410,content_5111f54c4696b812,75.37620500099041,STALE_HIGH_OPPORTUNITY,1843,34.0
4411,content_7c0576d35a50e5e9,75.37620500099041,STALE_HIGH_OPPORTUNITY,1843,34.0
4412,content_3aab7e20ce2e0e93,75.3743041872611,STALE_HIGH_OPPORTUNITY,1842,34.0
4413,content_1152d76cd76f1ef9,75.3743041872611,STALE_HIGH_OPPORTUNITY,1842,34.0
4414,content_00df7cf42edb387e,75.37145296666714,STALE_HIGH_OPPORTUNITY,1840,34.0
4415,content_7aa7da0396c9fdfe,75.3709193007671,STALE_HIGH_OPPORTUNITY,158,131.0
4416,content_bcfd55340a2f2a61,75.36934095141235,STALE_HIGH_OPPORTUNITY,1839,34.0
4417,content_8b9dec9e428eb636,75.36722893615757,STALE_HIGH_OPPORTUNITY,1838,34.0
4418,content_eb53a2c7dd144224,75.36332170793622,STALE_HIGH_OPPORTUNITY,1836,34.0
4419,content_a9ae731bcccc9c96,75.36332170793622,STALE_HIGH_OPPORTUNITY,1836,34.0
4420,content_262fbf9d0eca50fc,75.36110409191869,STALE_HIGH_OPPORTUNITY,1835,34.0
4421,content_6bc21c0e0efbfe44,75.35899207666391,STALE_HIGH_OPPORTUNITY,1834,34.0
4422,content_1fb678fd8f43c3af,75.35688006140913,STALE_HIGH_OPPORTUNITY,1833,34.0
4423,content_6353970ce988dfda,75.35688006140913,STALE_HIGH_OPPORTUNITY,1833,34.0
4424,content_4765071640cd54be,75.35688006140913,STALE_HIGH_OPPORTUNITY,1833,34.0
4425,content_c377efb7ba28b258,75.35413444157791,STALE_HIGH_OPPORTUNITY,1832,34.0
4426,content_9426b4b84ee2bec1,75.35413444157791,STALE_HIGH_OPPORTUNITY,1832,34.0
4427,content_320ed9be1ad6b7d2,75.35413444157791,STALE_HIGH_OPPORTUNITY,1832,34.0
4428,content_a13c0af1132f0581,75.35413444157791,STALE_HIGH_OPPORTUNITY,1832,34.0
4429,content_e839b6a62c46a549,75.35413444157791,STALE_HIGH_OPPORTUNITY,1832,34.0
4430,content_74e4d51af6f2903b,75.35413444157791,STALE_HIGH_OPPORTUNITY,1832,34.0
4431,content_4784cecffb03d67b,75.35413444157791,STALE_HIGH_OPPORTUNITY,1832,34.0
4432,content_7323bc8bdb98e727,75.34991041106834,STALE_HIGH_OPPORTUNITY,1830,34.0
4433,content_10102a47be79a1c7,75.34991041106834,STALE_HIGH_OPPORTUNITY,1830,34.0
4434,content_99898614f246ffe4,75.34991041106834,STALE_HIGH_OPPORTUNITY,1830,34.0
4435,content_6ca26af2f8f03733,75.34991041106834,STALE_HIGH_OPPORTUNITY,1830,34.0
4436,content_b4b88b3a9abd141f,75.34991041106834,STALE_HIGH_OPPORTUNITY,1830,34.0
4437,content_f587d16186a60879,75.34963111118829,STALE_HIGH_OPPORTUNITY,211,36.0
4438,content_a4119bfd0ebfbbbd,75.34769279505082,STALE_HIGH_OPPORTUNITY,1829,34.0
4439,content_b3c6a8850bf604e0,75.34769279505082,STALE_HIGH_OPPORTUNITY,1829,34.0
4440,content_6048ce89caa21075,75.34568638055877,STALE_HIGH_OPPORTUNITY,1828,34.0
4441,content_4505bdc6426f9aab,75.34568638055877,STALE_HIGH_OPPORTUNITY,1828,34.0
4442,content_d0c729c6ce6cf3a4,75.34568638055877,STALE_HIGH_OPPORTUNITY,1828,34.0
4443,content_d108c904df8e5a12,75.34420796988042,STALE_HIGH_OPPORTUNITY,1827,34.0
4444,content_7a701aa475f39591,75.34420796988042,STALE_HIGH_OPPORTUNITY,1827,34.0
4445,content_e822a96fa53acba1,75.34420796988042,STALE_HIGH_OPPORTUNITY,1827,34.0
4446,content_f60a2d8f8ccfb080,75.3428351599648,STALE_HIGH_OPPORTUNITY,1826,34.0
4447,content_8180bb6d212d8ec0,75.34030074165906,STALE_HIGH_OPPORTUNITY,1825,34.0
4448,content_cf357b6d099d2a12,75.33966147499629,STALE_HIGH_OPPORTUNITY,157,131.0
4449,content_cbc4ff6292b02161,75.33734392030237,STALE_HIGH_OPPORTUNITY,1824,34.0
4450,content_f65c2c7f1d5077e0,75.33734392030237,STALE_HIGH_OPPORTUNITY,1824,34.0
4451,content_9d5660477a8f0bce,75.33734392030237,STALE_HIGH_OPPORTUNITY,1824,34.0
4452,content_f78f7ccc24cea56c,75.33090227377528,STALE_HIGH_OPPORTUNITY,1821,34.0
4453,content_0f53238660f16bfd,75.33090227377528,STALE_HIGH_OPPORTUNITY,1821,34.0
4454,content_92cb295146ab5a7f,75.32889585928324,STALE_HIGH_OPPORTUNITY,1820,34.0
4455,content_25b841c9f168076f,75.32889585928324,STALE_HIGH_OPPORTUNITY,1820,34.0
4456,content_4d1dbb48b252eca6,75.32889585928324,STALE_HIGH_OPPORTUNITY,1820,34.0
4457,content_db320847c7f24e70,75.32699504555393,STALE_HIGH_OPPORTUNITY,1819,34.0
4458,content_9f5e361c8a1eb87c,75.32245421275614,STALE_HIGH_OPPORTUNITY,1817,34.0
4459,content_a64dbf1588f8cd64,75.3199197944504,STALE_HIGH_OPPORTUNITY,1816,34.0
4460,content_36b5e864b9835f98,75.3199197944504,STALE_HIGH_OPPORTUNITY,1816,34.0
4461,content_b68f2e4f46fcd1b8,75.3199197944504,STALE_HIGH_OPPORTUNITY,1816,34.0
4462,content_505f6badc819d51a,75.3199197944504,STALE_HIGH_OPPORTUNITY,1816,34.0
4463,content_d885ac7fff90e6c5,75.3199197944504,STALE_HIGH_OPPORTUNITY,1816,34.0
4464,content_41768cc71336b23a,75.31717417461918,STALE_HIGH_OPPORTUNITY,1815,34.0
4465,content_de9fabe8994540e1,75.31717417461918,STALE_HIGH_OPPORTUNITY,1815,34.0
4466,content_b0392ca7c045f4ae,75.31717417461918,STALE_HIGH_OPPORTUNITY,1815,34.0
4467,content_4df7b1c978db6208,75.31516776012714,STALE_HIGH_OPPORTUNITY,1814,34.0
4468,content_10f46b07aa246648,75.3131613456351,STALE_HIGH_OPPORTUNITY,1813,34.0
4469,content_009f45d9f4ae9865,75.3131613456351,STALE_HIGH_OPPORTUNITY,1813,34.0
4470,content_e685265297d82471,75.3131613456351,STALE_HIGH_OPPORTUNITY,1813,34.0
4471,content_2df44b8f6403d1ab,75.3131613456351,STALE_HIGH_OPPORTUNITY,1813,34.0
4472,content_8d100be7ea00b15c,75.31083812885484,STALE_HIGH_OPPORTUNITY,1812,34.0
4473,content_784b75ade1ac7425,75.31083812885484,STALE_HIGH_OPPORTUNITY,1812,34.0
4474,content_a8bc4d8bc1bddac6,75.31083812885484,STALE_HIGH_OPPORTUNITY,1812,34.0
4475,content_6104ac33fa0b00e7,75.31083812885484,STALE_HIGH_OPPORTUNITY,1812,34.0
4476,content_e09f1fb315389136,75.30682529987074,STALE_HIGH_OPPORTUNITY,1810,34.0
4477,content_b70547522638974e,75.30682529987074,STALE_HIGH_OPPORTUNITY,1810,34.0
4478,content_5de1b2f61d05859f,75.30471328461596,STALE_HIGH_OPPORTUNITY,1809,34.0
4479,content_2ceb07ab9663cef4,75.30196766478474,STALE_HIGH_OPPORTUNITY,1808,34.0
4480,content_6d383711188390a7,75.30196766478474,STALE_HIGH_OPPORTUNITY,1808,34.0
4481,content_073ce5ca88a1d8a7,75.29848283961434,STALE_HIGH_OPPORTUNITY,1807,34.0
4482,content_bd8584e2ced6d3b0,75.29848283961434,STALE_HIGH_OPPORTUNITY,1807,34.0
4483,content_cba46e1df4cf8b10,75.29848283961434,STALE_HIGH_OPPORTUNITY,1807,34.0
4484,content_92b412c2d86e7f05,75.29848283961434,STALE_HIGH_OPPORTUNITY,1807,34.0
4485,content_139ea70d2260ca01,75.29848283961434,STALE_HIGH_OPPORTUNITY,1807,34.0
4486,content_f287b868ec38f95a,75.29563161902038,STALE_HIGH_OPPORTUNITY,1806,34.0
4487,content_315213f10cef88df,75.29563161902038,STALE_HIGH_OPPORTUNITY,1806,34.0
4488,content_8383f501fe373e8e,75.29563161902038,STALE_HIGH_OPPORTUNITY,1806,34.0
4489,content_ad94e6c164b3abaa,75.29563161902038,STALE_HIGH_OPPORTUNITY,1806,34.0
4490,content_2efb1336bc1a8478,75.2926747976637,STALE_HIGH_OPPORTUNITY,1805,34.0
4491,content_065e5d38fa6aedb0,75.2926747976637,STALE_HIGH_OPPORTUNITY,1805,34.0
4492,content_203d0b1d6c869ef3,75.2926747976637,STALE_HIGH_OPPORTUNITY,1805,34.0
4493,content_721649bc659e1d43,75.2926747976637,STALE_HIGH_OPPORTUNITY,1805,34.0
4494,content_e709ad7b07f968ba,75.28971797630697,STALE_HIGH_OPPORTUNITY,1804,34.0
4495,content_f000ae37a80116a1,75.28750036028946,STALE_HIGH_OPPORTUNITY,1803,34.0
4496,content_639228003f8632fd,75.28750036028946,STALE_HIGH_OPPORTUNITY,1803,34.0
4497,content_ac9be8f8f97a5c38,75.28750036028946,STALE_HIGH_OPPORTUNITY,1803,34.0
4498,content_19ac2f4187def947,75.28359313206812,STALE_HIGH_OPPORTUNITY,1801,34.0
4499,content_5c67207e6e960aba,75.28126991528785,STALE_HIGH_OPPORTUNITY,1800,34.0
4500,content_4e3c6a792ac18cff,75.28126991528785,STALE_HIGH_OPPORTUNITY,1800,34.0
4501,content_5ae96232436e2921,75.28126991528785,STALE_HIGH_OPPORTUNITY,1800,34.0
4502,content_0b154700b8247fa4,75.28126991528785,STALE_HIGH_OPPORTUNITY,1800,34.0
4503,content_1d735c9bb6a330ff,75.27852429545663,STALE_HIGH_OPPORTUNITY,1799,34.0
4504,content_31748d0990745bc7,75.27556747409992,STALE_HIGH_OPPORTUNITY,1798,34.0
4505,content_be769860a6f684d9,75.27556747409992,STALE_HIGH_OPPORTUNITY,1798,34.0
4506,content_f8f7922b5fdcc281,75.27556747409992,STALE_HIGH_OPPORTUNITY,1798,34.0
4507,content_dc2ffe0c4ddc33e9,75.27261065274323,STALE_HIGH_OPPORTUNITY,1797,34.0
4508,content_9556037d5b30b3dd,75.27261065274323,STALE_HIGH_OPPORTUNITY,1797,34.0
4509,content_f602c89efeb8a469,75.27261065274323,STALE_HIGH_OPPORTUNITY,1797,34.0
4510,content_751b5c25ffaa0dfa,75.27261065274323,STALE_HIGH_OPPORTUNITY,1797,34.0
4511,content_de97c6b0135eb089,75.27007623443748,STALE_HIGH_OPPORTUNITY,1796,34.0
4512,content_cdbfa5836f8e1b38,75.27007623443748,STALE_HIGH_OPPORTUNITY,1796,34.0
4513,content_995893be0b1f6d82,75.26616900621613,STALE_HIGH_OPPORTUNITY,1794,34.0
4514,content_cd0e904db78083ec,75.26616900621613,STALE_HIGH_OPPORTUNITY,1794,34.0
4515,content_a9edd8f49b433b69,75.26616900621613,STALE_HIGH_OPPORTUNITY,1794,34.0
4516,content_d1095ad742123783,75.26616900621613,STALE_HIGH_OPPORTUNITY,1794,34.0
4517,content_e2b50fec4f99bda5,75.26451982016783,STALE_HIGH_OPPORTUNITY,117,141.0
4518,content_8510a8fbeb25d688,75.2641625917241,STALE_HIGH_OPPORTUNITY,1793,34.0
4519,content_5beea06f2cd81eae,75.2641625917241,STALE_HIGH_OPPORTUNITY,1793,34.0
4520,content_45470e949c8363ea,75.2641625917241,STALE_HIGH_OPPORTUNITY,1793,34.0
4521,content_530e98e2dcbe4373,75.2641625917241,STALE_HIGH_OPPORTUNITY,1793,34.0
4522,content_ea75bbc8838be3fc,75.26183937494382,STALE_HIGH_OPPORTUNITY,1792,34.0
4523,content_77acbbeb2f9efa82,75.26183937494382,STALE_HIGH_OPPORTUNITY,1792,34.0
4524,content_0b561ea93bcbc6f2,75.2596217589263,STALE_HIGH_OPPORTUNITY,1791,34.0
4525,content_511e9de5d36e65dc,75.2596217589263,STALE_HIGH_OPPORTUNITY,1791,34.0
4526,content_e811c9b014dcd4b4,75.2596217589263,STALE_HIGH_OPPORTUNITY,1791,34.0
4527,content_d839c9aece8d08e0,75.25729854214605,STALE_HIGH_OPPORTUNITY,1790,34.0
4528,content_41e083fc744db924,75.25729854214605,STALE_HIGH_OPPORTUNITY,1790,34.0
4529,content_60019f4cd0850af2,75.25729854214605,STALE_HIGH_OPPORTUNITY,1790,34.0
4530,content_2da33724ed007b7d,75.25729854214605,STALE_HIGH_OPPORTUNITY,1790,34.0
4531,content_796068efa6b4d33e,75.25729854214605,STALE_HIGH_OPPORTUNITY,1790,34.0
4532,content_eb10b5af71cf9208,75.25729854214605,STALE_HIGH_OPPORTUNITY,1790,34.0
4533,content_98ac75b333f87076,75.25729854214605,STALE_HIGH_OPPORTUNITY,1790,34.0
4534,content_bf45077cdbfb6e9d,75.25497532536579,STALE_HIGH_OPPORTUNITY,1789,34.0
4535,content_ca3700b17aa2324a,75.25497532536579,STALE_HIGH_OPPORTUNITY,1789,34.0
4536,content_3235b82ab7af60cc,75.25244090706003,STALE_HIGH_OPPORTUNITY,1787,34.0
4537,content_fb9dd064586790bf,75.25054009333073,STALE_HIGH_OPPORTUNITY,1786,34.0
4538,content_9e112029a7e004eb,75.25054009333073,STALE_HIGH_OPPORTUNITY,1786,34.0
4539,content_01db1edaf7b3b39d,75.24737207044856,STALE_HIGH_OPPORTUNITY,1785,34.0
4540,content_80c1fdbf5b87c2aa,75.24737207044856,STALE_HIGH_OPPORTUNITY,1785,34.0
4541,content_b0796177028d4e70,75.2439928460409,STALE_HIGH_OPPORTUNITY,1784,34.0
4542,content_e23edbcaa80ac705,75.2439928460409,STALE_HIGH_OPPORTUNITY,1784,34.0
4543,content_18d2e4f677095bae,75.2439928460409,STALE_HIGH_OPPORTUNITY,1784,34.0
4544,content_8820cc6dc4288159,75.24124722620968,STALE_HIGH_OPPORTUNITY,1783,34.0
4545,content_f095daadd1b9a50f,75.23786800180203,STALE_HIGH_OPPORTUNITY,1781,34.0
4546,content_7e3e35efd456b1fd,75.23786800180203,STALE_HIGH_OPPORTUNITY,1781,34.0
4547,content_6cfe8cc9f3291eed,75.23786800180203,STALE_HIGH_OPPORTUNITY,1781,34.0
4548,content_18e232f76e70804b,75.23554478502174,STALE_HIGH_OPPORTUNITY,1780,34.0
4549,content_cd7113be185e1b72,75.23554478502174,STALE_HIGH_OPPORTUNITY,1780,34.0
4550,content_57a57ae7b4ab68b7,75.23332716900424,STALE_HIGH_OPPORTUNITY,1779,34.0
4551,content_c1245d790202dc7b,75.23295425216006,STALE_HIGH_OPPORTUNITY,170,81.0
4552,content_d2065684b1680de4,75.23110955298671,STALE_HIGH_OPPORTUNITY,1778,34.0
4553,content_1a7427f36b4afafb,75.23110955298671,STALE_HIGH_OPPORTUNITY,1778,34.0
4554,content_b7824c1f52118ada,75.22846953391823,STALE_HIGH_OPPORTUNITY,1777,34.0
4555,content_a4b413d59e3c5f89,75.22846953391823,STALE_HIGH_OPPORTUNITY,1777,34.0
4556,content_aac6542d1d31edca,75.22846953391823,STALE_HIGH_OPPORTUNITY,1777,34.0
4557,content_a417aaa7459f0a6d,75.22846953391823,STALE_HIGH_OPPORTUNITY,1777,34.0
4558,content_19f6383f7af7d616,75.22572391408701,STALE_HIGH_OPPORTUNITY,1776,34.0
4559,content_ee2f59eb79ee8fc7,75.22572391408701,STALE_HIGH_OPPORTUNITY,1776,34.0
4560,content_4dbbf07510cf6d17,75.22572391408701,STALE_HIGH_OPPORTUNITY,1776,34.0
4561,content_163876a24ed0f8af,75.22572391408701,STALE_HIGH_OPPORTUNITY,1776,34.0
4562,content_d6a5868be52add32,75.21885986450896,STALE_HIGH_OPPORTUNITY,1773,34.0
4563,content_80b1ab2a32092691,75.21885986450896,STALE_HIGH_OPPORTUNITY,1773,34.0
4564,content_6b5bf2852b5b581b,75.21885986450896,STALE_HIGH_OPPORTUNITY,1773,34.0
4565,content_e3236ff015f7740c,75.21579744238952,STALE_HIGH_OPPORTUNITY,1772,34.0
4566,content_9cba79b40b74a80e,75.21579744238952,STALE_HIGH_OPPORTUNITY,1772,34.0
4567,content_e26f4c376d7e7818,75.21579744238952,STALE_HIGH_OPPORTUNITY,1772,34.0
4568,content_821d616cd4f173cc,75.21579744238952,STALE_HIGH_OPPORTUNITY,1772,34.0
4569,content_950d07f1aaa3060c,75.21579744238952,STALE_HIGH_OPPORTUNITY,1772,34.0
4570,content_bd4d69e38f7b2762,75.21326302408379,STALE_HIGH_OPPORTUNITY,1771,34.0
4571,content_6220a9a0672743ac,75.21326302408379,STALE_HIGH_OPPORTUNITY,1771,34.0
4572,content_fe2bb51df84319cc,75.21093980730352,STALE_HIGH_OPPORTUNITY,1770,34.0
4573,content_01010ab4b41113da,75.21093980730352,STALE_HIGH_OPPORTUNITY,1770,34.0
4574,content_f7790e78bc324cfe,75.21093980730352,STALE_HIGH_OPPORTUNITY,1770,34.0
4575,content_5855897e597a0a7b,75.21093980730352,STALE_HIGH_OPPORTUNITY,1770,34.0
4576,content_b64e6330aa676284,75.20861659052326,STALE_HIGH_OPPORTUNITY,1769,34.0
4577,content_07b3dfd0258d746c,75.20861659052326,STALE_HIGH_OPPORTUNITY,1769,34.0
4578,content_1c45ccb29eeae135,75.20861659052326,STALE_HIGH_OPPORTUNITY,1769,34.0
4579,content_51f5b73767b476f2,75.20861659052326,STALE_HIGH_OPPORTUNITY,1769,34.0
4580,content_a36a7c2a3c639263,75.20587097069205,STALE_HIGH_OPPORTUNITY,1768,34.0
4581,content_66d6361260224e02,75.20587097069205,STALE_HIGH_OPPORTUNITY,1768,34.0
4582,content_a8451540def81778,75.20554850631748,STALE_HIGH_OPPORTUNITY,153,131.0
4583,content_93d980fa885c6234,75.20333655238629,STALE_HIGH_OPPORTUNITY,1767,34.0
4584,content_2ffadab9e7999735,75.20333655238629,STALE_HIGH_OPPORTUNITY,1767,34.0
4585,content_df25ef721923ffaa,75.20333655238629,STALE_HIGH_OPPORTUNITY,1767,34.0
4586,content_bf9b20e333de606d,75.2003797310296,STALE_HIGH_OPPORTUNITY,1766,34.0
4587,content_36c7eb1418632231,75.2003797310296,STALE_HIGH_OPPORTUNITY,1766,34.0
4588,content_de341875f919c9b8,75.2003797310296,STALE_HIGH_OPPORTUNITY,1766,34.0
4589,content_57b3530e28ae7158,75.2003797310296,STALE_HIGH_OPPORTUNITY,1766,34.0
4590,content_6d0dfd3af3f8ea77,75.2003797310296,STALE_HIGH_OPPORTUNITY,1766,34.0
4591,content_3f2f4a2e602b6152,75.19541649518085,STALE_HIGH_OPPORTUNITY,1764,34.0
4592,content_5e194cadaf4749f3,75.19541649518085,STALE_HIGH_OPPORTUNITY,1764,34.0
4593,content_ff2fddc71ad0e891,75.19277647611237,STALE_HIGH_OPPORTUNITY,1763,34.0
4594,content_a394e5956d13baeb,75.19277647611237,STALE_HIGH_OPPORTUNITY,1763,34.0
4595,content_0f594f8e1eba7c8e,75.19277647611237,STALE_HIGH_OPPORTUNITY,1763,34.0
4596,content_ce0f5f0a0d5a632c,75.19277647611237,STALE_HIGH_OPPORTUNITY,1763,34.0
4597,content_f76fb1711d995fb0,75.19277647611237,STALE_HIGH_OPPORTUNITY,1763,34.0
4598,content_89a20542073e3143,75.19066446085759,STALE_HIGH_OPPORTUNITY,1762,34.0
4599,content_3b342b1bfdc37e36,75.19066446085759,STALE_HIGH_OPPORTUNITY,1762,34.0
4600,content_350305492193af08,75.18855244560281,STALE_HIGH_OPPORTUNITY,1761,34.0
4601,content_dfe5342aea266d44,75.18855244560281,STALE_HIGH_OPPORTUNITY,1761,34.0
4602,content_c61bb60032246c9c,75.18612362805979,STALE_HIGH_OPPORTUNITY,1760,34.0
4603,content_c8b5b1b99f7d6e91,75.18612362805979,STALE_HIGH_OPPORTUNITY,1760,34.0
4604,content_21152d8a50c7707b,75.18084358992286,STALE_HIGH_OPPORTUNITY,1758,34.0
4605,content_8b3f227481210c89,75.18084358992286,STALE_HIGH_OPPORTUNITY,1758,34.0
4606,content_32f584b4530d6227,75.18084358992286,STALE_HIGH_OPPORTUNITY,1758,34.0
4607,content_2b6069bb3cee14cc,75.17799236932889,STALE_HIGH_OPPORTUNITY,1757,34.0
4608,content_e5f13dd25507da0c,75.17799236932889,STALE_HIGH_OPPORTUNITY,1757,34.0
4609,content_a29f8f00b2d9b114,75.17761039243345,STALE_HIGH_OPPORTUNITY,115,141.0
4610,content_28791f7546dc8ba9,75.17450754415849,STALE_HIGH_OPPORTUNITY,1756,34.0
4611,content_781153c2d75b3d4a,75.17450754415849,STALE_HIGH_OPPORTUNITY,1756,34.0
4612,content_16cfda3fe8322866,75.17176192432727,STALE_HIGH_OPPORTUNITY,1755,34.0
4613,content_16bb392bd697fd53,75.17176192432727,STALE_HIGH_OPPORTUNITY,1755,34.0
4614,content_446eb281ddb3447d,75.16679868847854,STALE_HIGH_OPPORTUNITY,1753,34.0
4615,content_81d291cd4dff14a9,75.16679868847854,STALE_HIGH_OPPORTUNITY,1753,34.0
4616,content_c917d2c117b27b5c,75.16679868847854,STALE_HIGH_OPPORTUNITY,1753,34.0
4617,content_dac819ad44333848,75.16679868847854,STALE_HIGH_OPPORTUNITY,1753,34.0
4618,content_49861651deff7ca7,75.16679868847854,STALE_HIGH_OPPORTUNITY,1753,34.0
4619,content_2765ac02d7d62a73,75.16679868847854,STALE_HIGH_OPPORTUNITY,1753,34.0
4620,content_d03c5b437aa172e5,75.16440737334368,STALE_HIGH_OPPORTUNITY,204,36.0
4621,content_bb3b79dc2cabe48d,75.16440737334368,STALE_HIGH_OPPORTUNITY,204,36.0
4622,content_1d331fcd20e8cd8a,75.1637362663591,STALE_HIGH_OPPORTUNITY,1752,34.0
4623,content_b6323c4c3c3d0729,75.1637362663591,STALE_HIGH_OPPORTUNITY,1752,34.0
4624,content_4dd5a7f8078ababc,75.1637362663591,STALE_HIGH_OPPORTUNITY,1752,34.0
4625,content_65384acf82421104,75.1637362663591,STALE_HIGH_OPPORTUNITY,1752,34.0
4626,content_26d8e18b7b46cdd6,75.16077944500239,STALE_HIGH_OPPORTUNITY,1751,34.0
4627,content_a60c16ffa14ace8e,75.16077944500239,STALE_HIGH_OPPORTUNITY,1751,34.0
4628,content_1c90bfc0ba3204ac,75.16077944500239,STALE_HIGH_OPPORTUNITY,1751,34.0
4629,content_4ad9855ea983365a,75.16077944500239,STALE_HIGH_OPPORTUNITY,1751,34.0
4630,content_f9669ae3c31b6711,75.15792822440844,STALE_HIGH_OPPORTUNITY,1750,34.0
4631,content_d92a5320172e7c99,75.15792822440844,STALE_HIGH_OPPORTUNITY,1750,34.0
4632,content_853fe3ebbe3d1a36,75.15581620915364,STALE_HIGH_OPPORTUNITY,1749,34.0
4633,content_2043b6c1737df7be,75.15581620915364,STALE_HIGH_OPPORTUNITY,1749,34.0
4634,content_81b93a42d581034e,75.15581620915364,STALE_HIGH_OPPORTUNITY,1749,34.0
4635,content_4e64b5fe2f48a9f0,75.15581620915364,STALE_HIGH_OPPORTUNITY,1749,34.0
4636,content_281bf66fc4f4b663,75.15581620915364,STALE_HIGH_OPPORTUNITY,1749,34.0
4637,content_6765e229738fb3c1,75.15380979466161,STALE_HIGH_OPPORTUNITY,1748,34.0
4638,content_ded42b6aef63f456,75.15380979466161,STALE_HIGH_OPPORTUNITY,1748,34.0
4639,content_b8030f51763d0bdb,75.15380979466161,STALE_HIGH_OPPORTUNITY,1748,34.0
4640,content_06d7b9b2712efde2,75.1513809771186,STALE_HIGH_OPPORTUNITY,1747,34.0
4641,content_c027b95f559d757a,75.1513809771186,STALE_HIGH_OPPORTUNITY,1747,34.0
4642,content_b15d81b4b54f2bc5,75.1513809771186,STALE_HIGH_OPPORTUNITY,1747,34.0
4643,content_08f6d41555009dd0,75.14852975652465,STALE_HIGH_OPPORTUNITY,1746,34.0
4644,content_44d7447267ff635e,75.14852975652465,STALE_HIGH_OPPORTUNITY,1746,34.0
4645,content_0a767c476db0d96d,75.14536173364247,STALE_HIGH_OPPORTUNITY,1745,34.0
4646,content_664338b92619a512,75.14536173364247,STALE_HIGH_OPPORTUNITY,1745,34.0
4647,content_c19e98b66140d3e1,75.1425105130485,STALE_HIGH_OPPORTUNITY,1744,34.0
4648,content_f971891c722ddc68,75.1402247986764,STALE_HIGH_OPPORTUNITY,203,36.0
4649,content_c6ee720e7b84572c,75.13965929245455,STALE_HIGH_OPPORTUNITY,1743,34.0
4650,content_e9bf90aae0860e97,75.13659687033511,STALE_HIGH_OPPORTUNITY,1742,34.0
4651,content_65783218de4b8fb4,75.13659687033511,STALE_HIGH_OPPORTUNITY,1742,34.0
4652,content_b172f298e25cc3ba,75.13659687033511,STALE_HIGH_OPPORTUNITY,1742,34.0
4653,content_9ee39d99410f71a1,75.13659687033511,STALE_HIGH_OPPORTUNITY,1742,34.0
4654,content_dbe60f76582b3c0f,75.13427365355486,STALE_HIGH_OPPORTUNITY,1741,34.0
4655,content_895c1516931bc9e4,75.13427365355486,STALE_HIGH_OPPORTUNITY,1741,34.0
4656,content_04fe3cf1e69576b1,75.13427365355486,STALE_HIGH_OPPORTUNITY,1741,34.0
4657,content_8da72cdd92a903de,75.13427365355486,STALE_HIGH_OPPORTUNITY,1741,34.0
4658,content_8e7f0a9db11813fc,75.13247844058827,STALE_HIGH_OPPORTUNITY,1740,34.0
4659,content_48af62d91eb39a9c,75.13026082457077,STALE_HIGH_OPPORTUNITY,1739,34.0
4660,content_48afe835838acb08,75.13026082457077,STALE_HIGH_OPPORTUNITY,1739,34.0
4661,content_e95eb0d61d43b087,75.12825441007871,STALE_HIGH_OPPORTUNITY,1738,34.0
4662,content_53f3eda589d6a183,75.12825441007871,STALE_HIGH_OPPORTUNITY,1738,34.0
4663,content_5ae7261b3ddd2cb7,75.12825441007871,STALE_HIGH_OPPORTUNITY,1738,34.0
4664,content_0fea3d9b9deb58c8,75.12635359634942,STALE_HIGH_OPPORTUNITY,1737,34.0
4665,content_172f37f1364b3e36,75.12635359634942,STALE_HIGH_OPPORTUNITY,1737,34.0
4666,content_d188208f64d7fdff,75.12329117422996,STALE_HIGH_OPPORTUNITY,1736,34.0
4667,content_a4adf59347b9e12e,75.12329117422996,STALE_HIGH_OPPORTUNITY,1736,34.0
4668,content_f46ed2cf45e44c1b,75.12329117422996,STALE_HIGH_OPPORTUNITY,1736,34.0
4669,content_c64a9e9ebec8d510,75.12033435287327,STALE_HIGH_OPPORTUNITY,1735,34.0
4670,content_87f7a093fb091cf6,75.12033435287327,STALE_HIGH_OPPORTUNITY,1735,34.0
4671,content_54690152ffbdd54e,75.12033435287327,STALE_HIGH_OPPORTUNITY,1735,34.0
4672,content_c656f805d6334afa,75.118011136093,STALE_HIGH_OPPORTUNITY,1734,34.0
4673,content_91161edcdfa9a31a,75.118011136093,STALE_HIGH_OPPORTUNITY,1734,34.0
4674,content_32a6c220d538d5b8,75.11625342553461,STALE_HIGH_OPPORTUNITY,202,36.0
4675,content_f8c944a61fc20cf6,75.11625342553461,STALE_HIGH_OPPORTUNITY,202,36.0
4676,content_c3882b007af5e09e,75.11494871397358,STALE_HIGH_OPPORTUNITY,1733,34.0
4677,content_7ea6b0cc2c527c98,75.11494871397358,STALE_HIGH_OPPORTUNITY,1733,34.0
4678,content_0df76e3c6f22a516,75.11494871397358,STALE_HIGH_OPPORTUNITY,1733,34.0
4679,content_b9f9d9dab6f5eb9b,75.11135828804044,STALE_HIGH_OPPORTUNITY,1732,34.0
4680,content_06bab918c94ff5c3,75.11135828804044,STALE_HIGH_OPPORTUNITY,1732,34.0
4681,content_87940b0a57fe5293,75.11135828804044,STALE_HIGH_OPPORTUNITY,1732,34.0
4682,content_b5234e026bf43453,75.11135828804044,STALE_HIGH_OPPORTUNITY,1732,34.0
4683,content_e4bd624e466ca101,75.108295865921,STALE_HIGH_OPPORTUNITY,1731,34.0
4684,content_acf494427537346c,75.108295865921,STALE_HIGH_OPPORTUNITY,1731,34.0
4685,content_9c40d0455a937b31,75.108295865921,STALE_HIGH_OPPORTUNITY,1731,34.0
4686,content_1fbd4f33e481673d,75.105867048378,STALE_HIGH_OPPORTUNITY,1730,34.0
4687,content_f9c65052fb71f72a,75.105867048378,STALE_HIGH_OPPORTUNITY,1730,34.0
4688,content_8657a71c86e79089,75.105867048378,STALE_HIGH_OPPORTUNITY,1730,34.0
4689,content_58380b9ecffa2ca3,75.103438230835,STALE_HIGH_OPPORTUNITY,1729,34.0
4690,content_5a3a24bb981c067f,75.103438230835,STALE_HIGH_OPPORTUNITY,1729,34.0
4691,content_2e6263bd8b4d83b2,75.103438230835,STALE_HIGH_OPPORTUNITY,1729,34.0
4692,content_aedb012415c74cef,75.103438230835,STALE_HIGH_OPPORTUNITY,1729,34.0
4693,content_09a7ff7748fd5a8d,75.10058701024103,STALE_HIGH_OPPORTUNITY,1728,34.0
4694,content_193521167b1ae72a,75.10058701024103,STALE_HIGH_OPPORTUNITY,1728,34.0
4695,content_394f9d5bc2956db9,75.10058701024103,STALE_HIGH_OPPORTUNITY,1728,34.0
4696,content_0660891b252a3693,75.09773578964707,STALE_HIGH_OPPORTUNITY,1727,34.0
4697,content_87e21814702203fa,75.09773578964707,STALE_HIGH_OPPORTUNITY,1727,34.0
4698,content_c59144b54d8c9dc0,75.09773578964707,STALE_HIGH_OPPORTUNITY,1727,34.0
4699,content_c9088fd309e9e0d7,75.09499016981586,STALE_HIGH_OPPORTUNITY,1726,34.0
4700,content_a318de51c56483e9,75.09097734083176,STALE_HIGH_OPPORTUNITY,1725,34.0
4701,content_3867585cbf4ce8da,75.09097734083176,STALE_HIGH_OPPORTUNITY,1725,34.0
4702,content_996c4d9ff93852db,75.09097734083176,STALE_HIGH_OPPORTUNITY,1725,34.0
4703,content_fd62811664cb9f30,75.09097734083176,STALE_HIGH_OPPORTUNITY,1725,34.0
4704,content_2707f137e3f4909e,75.08707011261042,STALE_HIGH_OPPORTUNITY,1724,34.0
4705,content_fd0211cbebd7f919,75.08707011261042,STALE_HIGH_OPPORTUNITY,1724,34.0
4706,content_c6bc746f9c171692,75.08707011261042,STALE_HIGH_OPPORTUNITY,1724,34.0
4707,content_103c24d3cb8194f6,75.08421889201645,STALE_HIGH_OPPORTUNITY,1723,34.0
4708,content_92b8e4ce643d1733,75.08421889201645,STALE_HIGH_OPPORTUNITY,1723,34.0
4709,content_a3d4e96ce52a325c,75.08179007447345,STALE_HIGH_OPPORTUNITY,1722,34.0
4710,content_c9a8bcad79cf6722,75.08179007447345,STALE_HIGH_OPPORTUNITY,1722,34.0
4711,content_3d275cbd60351d40,75.08179007447345,STALE_HIGH_OPPORTUNITY,1722,34.0
4712,content_d56b20517989731c,75.07988926074415,STALE_HIGH_OPPORTUNITY,1721,34.0
4713,content_113e47749ad76b56,75.07714364091292,STALE_HIGH_OPPORTUNITY,1720,34.0
4714,content_a76e75a78d951927,75.07344761421706,STALE_HIGH_OPPORTUNITY,1719,34.0
4715,content_d8b8c9b355e5817e,75.07344761421706,STALE_HIGH_OPPORTUNITY,1719,34.0
4716,content_e976c91bce8f2a25,75.07344761421706,STALE_HIGH_OPPORTUNITY,1719,34.0
4717,content_353ad2887332fe72,75.07344761421706,STALE_HIGH_OPPORTUNITY,1719,34.0
4718,content_a17ef66436486d09,75.07344761421706,STALE_HIGH_OPPORTUNITY,1719,34.0
4719,content_371f40765684cb1d,75.07344761421706,STALE_HIGH_OPPORTUNITY,1719,34.0
4720,content_daeb6d671f591eec,75.07344761421706,STALE_HIGH_OPPORTUNITY,1719,34.0
4721,content_581549d790aaf005,75.07344761421706,STALE_HIGH_OPPORTUNITY,1719,34.0
4722,content_3ae8676b03a4401c,75.07038519209762,STALE_HIGH_OPPORTUNITY,1718,34.0
4723,content_01ebcfbd4dd44e67,75.06753397150365,STALE_HIGH_OPPORTUNITY,1717,34.0
4724,content_8383287e29e3d6de,75.06753397150365,STALE_HIGH_OPPORTUNITY,1717,34.0
4725,content_8a5f284522f5373c,75.06753397150365,STALE_HIGH_OPPORTUNITY,1717,34.0
4726,content_71f01bde1c9fd750,75.06753397150365,STALE_HIGH_OPPORTUNITY,1717,34.0
4727,content_4076e149435fc5e3,75.06753397150365,STALE_HIGH_OPPORTUNITY,1717,34.0
4728,content_13fb45451711ebf2,75.064154747096,STALE_HIGH_OPPORTUNITY,1716,34.0
4729,content_272d0b8629cfbde5,75.064154747096,STALE_HIGH_OPPORTUNITY,1716,34.0
4730,content_40cd34de435d533b,75.064154747096,STALE_HIGH_OPPORTUNITY,1716,34.0
4731,content_2141d5d65d5cd495,75.06140912726478,STALE_HIGH_OPPORTUNITY,1715,34.0
4732,content_0cb3aa0636f8af47,75.06140912726478,STALE_HIGH_OPPORTUNITY,1715,34.0
4733,content_c90ee2d974f4431e,75.06140912726478,STALE_HIGH_OPPORTUNITY,1715,34.0
4734,content_2e19176f8883cfef,75.06140912726478,STALE_HIGH_OPPORTUNITY,1715,34.0
4735,content_3670c3cd1a8e8f73,75.05908591048451,STALE_HIGH_OPPORTUNITY,1714,34.0
4736,content_d8ed34987025e013,75.05697389522973,STALE_HIGH_OPPORTUNITY,1713,34.0
4737,content_94aea0bb25d1fe2c,75.05697389522973,STALE_HIGH_OPPORTUNITY,1713,34.0
4738,content_92914630b1dd10b9,75.05697389522973,STALE_HIGH_OPPORTUNITY,1713,34.0
4739,content_d6d583357619f77f,75.05243306243194,STALE_HIGH_OPPORTUNITY,1711,34.0
4740,content_38bdc52362acf438,75.05243306243194,STALE_HIGH_OPPORTUNITY,1711,34.0
4741,content_90eb05e2294c3b95,75.05243306243194,STALE_HIGH_OPPORTUNITY,1711,34.0
4742,content_b07f2fb6333af168,75.04958184183798,STALE_HIGH_OPPORTUNITY,1710,34.0
4743,content_ce7f58db609e6706,75.04958184183798,STALE_HIGH_OPPORTUNITY,1710,34.0
4744,content_87e59c5fb06342e9,75.04958184183798,STALE_HIGH_OPPORTUNITY,1710,34.0
4745,content_47aeeafacfa27f63,75.04958184183798,STALE_HIGH_OPPORTUNITY,1710,34.0
4746,content_620a5b00bbe557ac,75.04958184183798,STALE_HIGH_OPPORTUNITY,1710,34.0
4747,content_735bffcee15093cc,75.04662502048129,STALE_HIGH_OPPORTUNITY,1709,34.0
4748,content_eb9c008ba2a666d8,75.04409060217554,STALE_HIGH_OPPORTUNITY,1708,34.0
4749,content_adc357eb9b40751a,75.04409060217554,STALE_HIGH_OPPORTUNITY,1708,34.0
4750,content_2548e9c6953856bd,75.04409060217554,STALE_HIGH_OPPORTUNITY,1708,34.0
4751,content_5d975e8536840bc4,75.04229538920899,STALE_HIGH_OPPORTUNITY,1707,34.0
4752,content_3371027e3caa2d26,75.04018337395419,STALE_HIGH_OPPORTUNITY,1706,34.0
4753,content_ca1b3516efbed177,75.04018337395419,STALE_HIGH_OPPORTUNITY,1706,34.0
4754,content_91addadc2867ea69,75.03712095183477,STALE_HIGH_OPPORTUNITY,1705,34.0
4755,content_e07725ce8d95e60e,75.03712095183477,STALE_HIGH_OPPORTUNITY,1705,34.0
4756,content_0a9d4cf80785244d,75.03712095183477,STALE_HIGH_OPPORTUNITY,1705,34.0
4757,content_63202cbb45f50e19,75.03712095183477,STALE_HIGH_OPPORTUNITY,1705,34.0
4758,content_60e64b6bdf0e8a8b,75.03194651446054,STALE_HIGH_OPPORTUNITY,1703,34.0
4759,content_6c8b8a867019d984,75.03194651446054,STALE_HIGH_OPPORTUNITY,1703,34.0
4760,content_cdf23555d53c875c,75.02962329768027,STALE_HIGH_OPPORTUNITY,1702,34.0
4761,content_ea19b1201c342b46,75.02751128242551,STALE_HIGH_OPPORTUNITY,1701,34.0
4762,content_1f738927b8104015,75.02476566259426,STALE_HIGH_OPPORTUNITY,1700,34.0
4763,content_ea10e0ce48240a3b,75.02476566259426,STALE_HIGH_OPPORTUNITY,1700,34.0
4764,content_e770c7c1146b0b78,75.02476566259426,STALE_HIGH_OPPORTUNITY,1700,34.0
4765,content_0dfd36e335642af8,75.02223124428852,STALE_HIGH_OPPORTUNITY,1699,34.0
4766,content_52b8a522a78559bd,75.02223124428852,STALE_HIGH_OPPORTUNITY,1699,34.0
4767,content_8e78385de5e60d13,75.02223124428852,STALE_HIGH_OPPORTUNITY,1699,34.0
4768,content_a741ec7280336abe,75.02223124428852,STALE_HIGH_OPPORTUNITY,1699,34.0
4769,content_c92c42e63a561f1c,75.02215107656225,STALE_HIGH_OPPORTUNITY,156,113.0
4770,content_a225852a943d9dde,75.01990802750828,STALE_HIGH_OPPORTUNITY,1698,34.0
4771,content_1f3301001d8c08aa,75.01758481072801,STALE_HIGH_OPPORTUNITY,1697,34.0
4772,content_67b19e516db78047,75.01758481072801,STALE_HIGH_OPPORTUNITY,1697,34.0
4773,content_2c64e10ff49261dd,75.01758481072801,STALE_HIGH_OPPORTUNITY,1697,34.0
4774,content_7bb28ebf5b332405,75.01758481072801,STALE_HIGH_OPPORTUNITY,1697,34.0
4775,content_2b8d67c2fac20f3f,75.0146279893713,STALE_HIGH_OPPORTUNITY,1696,34.0
4776,content_aa92c8f4d19f84f5,75.0146279893713,STALE_HIGH_OPPORTUNITY,1696,34.0
4777,content_45def04882169507,75.0146279893713,STALE_HIGH_OPPORTUNITY,1696,34.0
4778,content_014a7ed09a39c4a8,75.0146279893713,STALE_HIGH_OPPORTUNITY,1696,34.0
4779,content_0cbf7b003edf0ad9,75.01145996648913,STALE_HIGH_OPPORTUNITY,1695,34.0
4780,content_56f2a38fdef8d0f4,75.01145996648913,STALE_HIGH_OPPORTUNITY,1695,34.0
4781,content_e37e9eb2627b6cda,75.00881994742065,STALE_HIGH_OPPORTUNITY,1694,34.0
4782,content_538f68ff0e9af251,75.00881994742065,STALE_HIGH_OPPORTUNITY,1694,34.0
4783,content_4884d756f02d8059,75.00881994742065,STALE_HIGH_OPPORTUNITY,1694,34.0
4784,content_36d135430662b4f6,75.0062855291149,STALE_HIGH_OPPORTUNITY,1693,34.0
4785,content_a3f5e4f5e5974b81,75.0062855291149,STALE_HIGH_OPPORTUNITY,1693,34.0
4786,content_26701d276b44945c,75.0062855291149,STALE_HIGH_OPPORTUNITY,1693,34.0
4787,content_743eaac32c4a857d,75.00332870775821,STALE_HIGH_OPPORTUNITY,1692,34.0
4788,content_b2232b917f8d10b2,74.99994948335055,STALE_HIGH_OPPORTUNITY,1691,34.0
4789,content_d3fba9e6c232085c,74.99994948335055,STALE_HIGH_OPPORTUNITY,1691,34.0
4790,content_86812a8eefc4b3e8,74.99994948335055,STALE_HIGH_OPPORTUNITY,1691,34.0
4791,content_f9f98726ecededb1,74.99994948335055,STALE_HIGH_OPPORTUNITY,1691,34.0
4792,content_bbcd759208366067,74.99994948335055,STALE_HIGH_OPPORTUNITY,1691,34.0
4793,content_c320ccdb66808a02,74.99678146046838,STALE_HIGH_OPPORTUNITY,1690,34.0
4794,content_b689b94d7c2735e9,74.99678146046838,STALE_HIGH_OPPORTUNITY,1690,34.0
4795,content_16186996571db14d,74.99424704216264,STALE_HIGH_OPPORTUNITY,1689,34.0
4796,content_93d4eb0815066e75,74.99086781775497,STALE_HIGH_OPPORTUNITY,1688,34.0
4797,content_a10f20ee093d9c08,74.99086781775497,STALE_HIGH_OPPORTUNITY,1688,34.0
4798,content_69d77bb45b06b71c,74.99086781775497,STALE_HIGH_OPPORTUNITY,1688,34.0
4799,content_039b097c5d4e4666,74.99086781775497,STALE_HIGH_OPPORTUNITY,1688,34.0
4800,content_92636018f9b2918d,74.99086781775497,STALE_HIGH_OPPORTUNITY,1688,34.0
4801,content_abe3982b61a4dff9,74.99086781775497,STALE_HIGH_OPPORTUNITY,1688,34.0
4802,content_b4d2f55ac2557066,74.98732687802863,STALE_HIGH_OPPORTUNITY,162,81.0
4803,content_6e498cd04a1a79b8,74.98732687802863,STALE_HIGH_OPPORTUNITY,162,81.0
4804,content_8e69885a2bbd8ecb,74.98727739182185,STALE_HIGH_OPPORTUNITY,1687,34.0
4805,content_443cb526b7cf4c63,74.98727739182185,STALE_HIGH_OPPORTUNITY,1687,34.0
4806,content_0b8ffc5926244f1f,74.98727739182185,STALE_HIGH_OPPORTUNITY,1687,34.0
4807,content_272149dce76d78c1,74.98727739182185,STALE_HIGH_OPPORTUNITY,1687,34.0
4808,content_f21625dfe248f1da,74.98727739182185,STALE_HIGH_OPPORTUNITY,1687,34.0
4809,content_63b70c22e7da8a08,74.98727739182185,STALE_HIGH_OPPORTUNITY,1687,34.0
4810,content_e61768edd5e89491,74.98484857427886,STALE_HIGH_OPPORTUNITY,1686,34.0
4811,content_42fcf0be04cac3bc,74.980730144532,STALE_HIGH_OPPORTUNITY,1684,34.0
4812,content_ef2757fa1624f5eb,74.97893493156545,STALE_HIGH_OPPORTUNITY,1683,34.0
4813,content_29515b37a53f30e6,74.97893493156545,STALE_HIGH_OPPORTUNITY,1683,34.0
4814,content_d47396d22f0eed31,74.97612121337966,STALE_HIGH_OPPORTUNITY,197,36.0
4815,content_1bab14ada716bf11,74.97439409876766,STALE_HIGH_OPPORTUNITY,1681,34.0
4816,content_56e4cc71f4a6688f,74.97185968046193,STALE_HIGH_OPPORTUNITY,1680,34.0
4817,content_0861f19180484191,74.97185968046193,STALE_HIGH_OPPORTUNITY,1680,34.0
4818,content_9ffe54d1c29ca059,74.96932526215619,STALE_HIGH_OPPORTUNITY,1679,34.0
4819,content_9d31fa6d035ff06a,74.96932526215619,STALE_HIGH_OPPORTUNITY,1679,34.0
4820,content_acdd35d216262fe5,74.96932526215619,STALE_HIGH_OPPORTUNITY,1679,34.0
4821,content_b6e16380a8a11f6c,74.96932526215619,STALE_HIGH_OPPORTUNITY,1679,34.0
4822,content_322113d91a6f94fa,74.96657964232497,STALE_HIGH_OPPORTUNITY,1678,34.0
4823,content_92301941dd0c1d72,74.96657964232497,STALE_HIGH_OPPORTUNITY,1678,34.0
4824,content_ef46960db85fa2ee,74.96657964232497,STALE_HIGH_OPPORTUNITY,1678,34.0
4825,content_22b712737c4fb4c0,74.96372842173099,STALE_HIGH_OPPORTUNITY,1677,34.0
4826,content_8c8c146314c8a337,74.96372842173099,STALE_HIGH_OPPORTUNITY,1677,34.0
4827,content_deba19bae1653105,74.96098280189977,STALE_HIGH_OPPORTUNITY,1676,34.0
4828,content_a0deb730dde4f056,74.95844838359403,STALE_HIGH_OPPORTUNITY,1675,34.0
4829,content_3689c17b00ff1523,74.95844838359403,STALE_HIGH_OPPORTUNITY,1675,34.0
4830,content_1fd231f6b7b1a53f,74.95844838359403,STALE_HIGH_OPPORTUNITY,1675,34.0
4831,content_c1b8ef1b82c0df32,74.95580836452555,STALE_HIGH_OPPORTUNITY,1674,34.0
4832,content_2ae2addf383f7279,74.95580836452555,STALE_HIGH_OPPORTUNITY,1674,34.0
4833,content_49fdf069d3a86065,74.95580836452555,STALE_HIGH_OPPORTUNITY,1674,34.0
4834,content_42b8953201ea2a6a,74.95580836452555,STALE_HIGH_OPPORTUNITY,1674,34.0
4835,content_840cbfe6b1395ac3,74.95306274469434,STALE_HIGH_OPPORTUNITY,1673,34.0
4836,content_0d8f7ba74513f064,74.95306274469434,STALE_HIGH_OPPORTUNITY,1673,34.0
4837,content_ea506bb1fc8a4633,74.95042272562586,STALE_HIGH_OPPORTUNITY,1672,34.0
4838,content_45a04bab7efe1a96,74.95042272562586,STALE_HIGH_OPPORTUNITY,1672,34.0
4839,content_37f470f73e9be7e9,74.94736030350643,STALE_HIGH_OPPORTUNITY,1670,34.0
4840,content_98b3071dd0a549b4,74.94736030350643,STALE_HIGH_OPPORTUNITY,1670,34.0
4841,content_6473dcc61e813d8f,74.94736030350643,STALE_HIGH_OPPORTUNITY,1670,34.0
4842,content_4429d1c6d0d076f2,74.9451426874889,STALE_HIGH_OPPORTUNITY,1669,34.0
4843,content_7e89bd27707ec4d7,74.9451426874889,STALE_HIGH_OPPORTUNITY,1669,34.0
4844,content_b71844a8d8f5bf46,74.9451426874889,STALE_HIGH_OPPORTUNITY,1669,34.0
4845,content_673cd6eccefcfadd,74.9451426874889,STALE_HIGH_OPPORTUNITY,1669,34.0
4846,content_28a6dcd34fdf6f0f,74.94123545926755,STALE_HIGH_OPPORTUNITY,1668,34.0
4847,content_8ed7175c5d1977eb,74.94123545926755,STALE_HIGH_OPPORTUNITY,1668,34.0
4848,content_05a11de6f16ddecd,74.94123545926755,STALE_HIGH_OPPORTUNITY,1668,34.0
4849,content_4e1a704c113d804c,74.94123545926755,STALE_HIGH_OPPORTUNITY,1668,34.0
4850,content_5f3e40e9315806e5,74.94123545926755,STALE_HIGH_OPPORTUNITY,1668,34.0
4851,content_95d8c4bc917a8c98,74.94123545926755,STALE_HIGH_OPPORTUNITY,1668,34.0
4852,content_3f586ad6799a7029,74.94123545926755,STALE_HIGH_OPPORTUNITY,1668,34.0
4853,content_c515c594fc04f3d3,74.9378562348599,STALE_HIGH_OPPORTUNITY,1667,34.0
4854,content_bd91d37e830cb22f,74.9378562348599,STALE_HIGH_OPPORTUNITY,1667,34.0
4855,content_88d8a1b11866316f,74.9378562348599,STALE_HIGH_OPPORTUNITY,1667,34.0
4856,content_ad882f811c1c9408,74.93574421960511,STALE_HIGH_OPPORTUNITY,1666,34.0
4857,content_95f5781f1005c364,74.93173139062101,STALE_HIGH_OPPORTUNITY,1664,34.0
4858,content_2c474d591678d614,74.93173139062101,STALE_HIGH_OPPORTUNITY,1664,34.0
4859,content_be5951f477a9a283,74.93173139062101,STALE_HIGH_OPPORTUNITY,1664,34.0
4860,content_8a73ad5f7c4b42aa,74.93162012777194,STALE_HIGH_OPPORTUNITY,145,131.0
4861,content_83475527e8a26e11,74.92602894943309,STALE_HIGH_OPPORTUNITY,1662,34.0
4862,content_a62c0af554bb429a,74.92602894943309,STALE_HIGH_OPPORTUNITY,1662,34.0
4863,content_866f9df5ae7a30fa,74.92275532578819,STALE_HIGH_OPPORTUNITY,1661,34.0
4864,content_94cd7f7f1b3b0496,74.92275532578819,STALE_HIGH_OPPORTUNITY,1661,34.0
4865,content_d998f743af8181b2,74.91990410519423,STALE_HIGH_OPPORTUNITY,1660,34.0
4866,content_75197363ba40652f,74.91990410519423,STALE_HIGH_OPPORTUNITY,1660,34.0
4867,content_40e5e0cb3f278332,74.91779208993944,STALE_HIGH_OPPORTUNITY,1659,34.0
4868,content_d6d78677e8b2f416,74.91779208993944,STALE_HIGH_OPPORTUNITY,1659,34.0
4869,content_7e9741f4fc0f7d47,74.9152576716337,STALE_HIGH_OPPORTUNITY,1658,34.0
4870,content_6c2144bad1821060,74.9152576716337,STALE_HIGH_OPPORTUNITY,1658,34.0
4871,content_81119396d5cfc3fa,74.9152576716337,STALE_HIGH_OPPORTUNITY,1658,34.0
4872,content_b9255bf09da5a330,74.9152576716337,STALE_HIGH_OPPORTUNITY,1658,34.0
4873,content_5ef027f9e9f61dad,74.91251205180248,STALE_HIGH_OPPORTUNITY,1657,34.0
4874,content_a94c3e579fd58609,74.91251205180248,STALE_HIGH_OPPORTUNITY,1657,34.0
4875,content_454deefc8b3da983,74.91102242391781,STALE_HIGH_OPPORTUNITY,65,204.0
4876,content_450bca2cb8520470,74.90997763349674,STALE_HIGH_OPPORTUNITY,1656,34.0
4877,content_86b6ab6f9ea4c002,74.90585920374991,STALE_HIGH_OPPORTUNITY,1654,34.0
4878,content_153da632dd6adb12,74.90585920374991,STALE_HIGH_OPPORTUNITY,1654,34.0
4879,content_e6d6131908db7bea,74.90585920374991,STALE_HIGH_OPPORTUNITY,1654,34.0
4880,content_f351022c1f9f9c59,74.90353598696964,STALE_HIGH_OPPORTUNITY,1653,34.0
4881,content_525f1a23243a123b,74.90353598696964,STALE_HIGH_OPPORTUNITY,1653,34.0
4882,content_c1bb25d78e494817,74.90057916561294,STALE_HIGH_OPPORTUNITY,1652,34.0
4883,content_0573071090d1ca1f,74.89688313891708,STALE_HIGH_OPPORTUNITY,1651,34.0
4884,content_7dca9de32d406069,74.89688313891708,STALE_HIGH_OPPORTUNITY,1651,34.0
4885,content_fcb94f3e5414a5f1,74.89688313891708,STALE_HIGH_OPPORTUNITY,1651,34.0
4886,content_b48cc065933fb9f7,74.89329271298394,STALE_HIGH_OPPORTUNITY,1650,34.0
4887,content_716e20492ab8d475,74.89329271298394,STALE_HIGH_OPPORTUNITY,1650,34.0
4888,content_ab03fd27942ef0d1,74.89329271298394,STALE_HIGH_OPPORTUNITY,1650,34.0
4889,content_a5ef29b8c1b916a8,74.89329271298394,STALE_HIGH_OPPORTUNITY,1650,34.0
4890,content_82b2cdea9ec5f6d5,74.8902302908645,STALE_HIGH_OPPORTUNITY,1649,34.0
4891,content_ac66f4fff07580e7,74.8902302908645,STALE_HIGH_OPPORTUNITY,1649,34.0
4892,content_4f3d60f9071d032f,74.8902302908645,STALE_HIGH_OPPORTUNITY,1649,34.0
4893,content_8e521d8dcb82e8f8,74.88769587255877,STALE_HIGH_OPPORTUNITY,1648,34.0
4894,content_ff788940775209ac,74.88769587255877,STALE_HIGH_OPPORTUNITY,1648,34.0
4895,content_0ebd0384b6f61832,74.88547825654123,STALE_HIGH_OPPORTUNITY,1647,34.0
4896,content_c13e76194088076c,74.88547825654123,STALE_HIGH_OPPORTUNITY,1647,34.0
4897,content_6878fb1188ed6684,74.88547825654123,STALE_HIGH_OPPORTUNITY,1647,34.0
4898,content_39ac22eb625d69a1,74.88273263671002,STALE_HIGH_OPPORTUNITY,1646,34.0
4899,content_bc7e266e57bbe0e5,74.88273263671002,STALE_HIGH_OPPORTUNITY,1646,34.0
4900,content_7446c01502a4693c,74.88266010638232,STALE_HIGH_OPPORTUNITY,202,35.0
4901,content_2e8a136210b24c30,74.87914221077688,STALE_HIGH_OPPORTUNITY,1645,34.0
4902,content_f825ad4b85a9782a,74.87914221077688,STALE_HIGH_OPPORTUNITY,1645,34.0
4903,content_372f4b3df152115a,74.87914221077688,STALE_HIGH_OPPORTUNITY,1645,34.0
4904,content_3a4a42cc5df8f95e,74.87914221077688,STALE_HIGH_OPPORTUNITY,1645,34.0
4905,content_fa1dd18c346c64b8,74.87597418789471,STALE_HIGH_OPPORTUNITY,1644,34.0
4906,content_e8773d6fe1dcb7b4,74.87597418789471,STALE_HIGH_OPPORTUNITY,1644,34.0
4907,content_77b77d73360f67f0,74.87333416882623,STALE_HIGH_OPPORTUNITY,1643,34.0
4908,content_58bf01287a66c10d,74.87333416882623,STALE_HIGH_OPPORTUNITY,1643,34.0
4909,content_8a4d2c7bf2d914ce,74.87101095204596,STALE_HIGH_OPPORTUNITY,1642,34.0
4910,content_31ab58beaecbea68,74.86921573907941,STALE_HIGH_OPPORTUNITY,1641,34.0
4911,content_bd25f7871af9fb73,74.86921573907941,STALE_HIGH_OPPORTUNITY,1641,34.0
4912,content_fb36339dc448b8d5,74.86921573907941,STALE_HIGH_OPPORTUNITY,1641,34.0
4913,content_2067679080d9124e,74.86615331695995,STALE_HIGH_OPPORTUNITY,1640,34.0
4914,content_5d969bc4cc55d623,74.86615331695995,STALE_HIGH_OPPORTUNITY,1640,34.0
4915,content_a32099b4ec3b0c8e,74.86615331695995,STALE_HIGH_OPPORTUNITY,1640,34.0
4916,content_fe8ff813ec6ed8d3,74.86615331695995,STALE_HIGH_OPPORTUNITY,1640,34.0
4917,content_5cb453dc9cc7e2b4,74.86615331695995,STALE_HIGH_OPPORTUNITY,1640,34.0
4918,content_8a7032104ca97ed6,74.86615331695995,STALE_HIGH_OPPORTUNITY,1640,34.0
4919,content_2fc4fb794696a994,74.86256289102683,STALE_HIGH_OPPORTUNITY,1639,34.0
4920,content_a73a1629a53504d2,74.86256289102683,STALE_HIGH_OPPORTUNITY,1639,34.0
4921,content_4ee0cf860d1e9bc5,74.86256289102683,STALE_HIGH_OPPORTUNITY,1639,34.0
4922,content_d42b2cb5125ad4d9,74.85992287195835,STALE_HIGH_OPPORTUNITY,1638,34.0
4923,content_66925e4c50aaf7eb,74.85749405441534,STALE_HIGH_OPPORTUNITY,1637,34.0
4924,content_a5c11d8f4f456c36,74.85749405441534,STALE_HIGH_OPPORTUNITY,1637,34.0
4925,content_80a510c9c3682405,74.8554876399233,STALE_HIGH_OPPORTUNITY,1636,34.0
4926,content_6b3bef21b9064a31,74.85327002390576,STALE_HIGH_OPPORTUNITY,1635,34.0
4927,content_2c77f72048864064,74.85327002390576,STALE_HIGH_OPPORTUNITY,1635,34.0
4928,content_d351757f2058f925,74.8501020010236,STALE_HIGH_OPPORTUNITY,1634,34.0
4929,content_ec8263291bae451d,74.8501020010236,STALE_HIGH_OPPORTUNITY,1634,34.0
4930,content_277cfba103fe3434,74.8501020010236,STALE_HIGH_OPPORTUNITY,1634,34.0
4931,content_611cf5ed85381ba6,74.8501020010236,STALE_HIGH_OPPORTUNITY,1634,34.0
4932,content_65593dd2f9f7ab42,74.84693397814142,STALE_HIGH_OPPORTUNITY,1633,34.0
4933,content_3ab6a06ad05ec453,74.84693397814142,STALE_HIGH_OPPORTUNITY,1633,34.0
4934,content_fbf24bcbabf1b8cb,74.84693397814142,STALE_HIGH_OPPORTUNITY,1633,34.0
4935,content_6b4c3794aab871d5,74.84387155602198,STALE_HIGH_OPPORTUNITY,1632,34.0
4936,content_91514e38684cf66b,74.84387155602198,STALE_HIGH_OPPORTUNITY,1632,34.0
4937,content_2d1208a999d89292,74.84387155602198,STALE_HIGH_OPPORTUNITY,1632,34.0
4938,content_d03290d47e20baf4,74.84144273847897,STALE_HIGH_OPPORTUNITY,1631,34.0
4939,content_a18ce491a5464778,74.84144273847897,STALE_HIGH_OPPORTUNITY,1631,34.0
4940,content_bcadd5869dfa4afd,74.83922512246144,STALE_HIGH_OPPORTUNITY,1630,34.0
4941,content_018cb67dbaadd625,74.83922512246144,STALE_HIGH_OPPORTUNITY,1630,34.0
4942,content_37494ff85167e231,74.83669070415571,STALE_HIGH_OPPORTUNITY,1629,34.0
4943,content_df723bff5351960c,74.83669070415571,STALE_HIGH_OPPORTUNITY,1629,34.0
4944,content_417eac7e519468e2,74.83415628584999,STALE_HIGH_OPPORTUNITY,1628,34.0
4945,content_83197c88983ff2a4,74.83415628584999,STALE_HIGH_OPPORTUNITY,1628,34.0
4946,content_c0ee057f420f6b29,74.83141066601875,STALE_HIGH_OPPORTUNITY,1627,34.0
4947,content_1098a6f6dc10b31c,74.83141066601875,STALE_HIGH_OPPORTUNITY,1627,34.0
4948,content_7c5883deec38b1a1,74.83141066601875,STALE_HIGH_OPPORTUNITY,1627,34.0
4949,content_0267c60b914348d9,74.83141066601875,STALE_HIGH_OPPORTUNITY,1627,34.0
4950,content_5c0cee8839d3b059,74.83141066601875,STALE_HIGH_OPPORTUNITY,1627,34.0
4951,content_3b91a2f304a6136c,74.82855944542479,STALE_HIGH_OPPORTUNITY,1626,34.0
4952,content_a10efb751738a51e,74.82518022101713,STALE_HIGH_OPPORTUNITY,1625,34.0
4953,content_b60f2de1ca964a29,74.82518022101713,STALE_HIGH_OPPORTUNITY,1625,34.0
4954,content_555b509a1a349088,74.82201219813496,STALE_HIGH_OPPORTUNITY,1624,34.0
4955,content_0c156999d61aec41,74.82201219813496,STALE_HIGH_OPPORTUNITY,1624,34.0
4956,content_e9810c5759cca363,74.82201219813496,STALE_HIGH_OPPORTUNITY,1624,34.0
4957,content_2204d1de1a13dfef,74.8172601638117,STALE_HIGH_OPPORTUNITY,1622,34.0
4958,content_9d8f3e37be4c839e,74.8172601638117,STALE_HIGH_OPPORTUNITY,1622,34.0
4959,content_0b6ab97ecdcc06dd,74.8172601638117,STALE_HIGH_OPPORTUNITY,1622,34.0
4960,content_fd972f2914f6c20f,74.81335293559034,STALE_HIGH_OPPORTUNITY,1621,34.0
4961,content_6242c48086a2da28,74.81335293559034,STALE_HIGH_OPPORTUNITY,1621,34.0
4962,content_45bf9872c91d9cef,74.81335293559034,STALE_HIGH_OPPORTUNITY,1621,34.0
4963,content_897a1593d08bb417,74.81335293559034,STALE_HIGH_OPPORTUNITY,1621,34.0
4964,content_df9c5dad306e43ed,74.80849530050435,STALE_HIGH_OPPORTUNITY,1619,34.0
4965,content_4d431011efc1ad9e,74.80849530050435,STALE_HIGH_OPPORTUNITY,1619,34.0
4966,content_f3f1455631aabb4d,74.80849530050435,STALE_HIGH_OPPORTUNITY,1619,34.0
4967,content_6dd8d70621253d33,74.80617208372408,STALE_HIGH_OPPORTUNITY,1618,34.0
4968,content_554e285f3f9d0883,74.80617208372408,STALE_HIGH_OPPORTUNITY,1618,34.0
4969,content_a3d11095561811f3,74.80617208372408,STALE_HIGH_OPPORTUNITY,1618,34.0
4970,content_fc67d05aa8551e7c,74.80617208372408,STALE_HIGH_OPPORTUNITY,1618,34.0
4971,content_8dd4ce4a96c627f2,74.80395446770655,STALE_HIGH_OPPORTUNITY,1617,34.0
4972,content_ab849ee8e48f21cd,74.80395446770655,STALE_HIGH_OPPORTUNITY,1617,34.0
4973,content_9bf413c523da2a24,74.80395446770655,STALE_HIGH_OPPORTUNITY,1617,34.0
4974,content_fd55f36fc4fae455,74.8011032471126,STALE_HIGH_OPPORTUNITY,1616,34.0
4975,content_e12745354728f1bc,74.79719601889124,STALE_HIGH_OPPORTUNITY,1615,34.0
4976,content_0d740557bc35834c,74.79719601889124,STALE_HIGH_OPPORTUNITY,1615,34.0
4977,content_f5ed243791f424c4,74.79719601889124,STALE_HIGH_OPPORTUNITY,1615,34.0
4978,content_658056ca50eb0bf0,74.79719601889124,STALE_HIGH_OPPORTUNITY,1615,34.0
4979,content_e8af08a587a8f940,74.79413359677181,STALE_HIGH_OPPORTUNITY,1614,34.0
4980,content_48552af9a2bedf79,74.79413359677181,STALE_HIGH_OPPORTUNITY,1614,34.0
4981,content_05dcf4f0be31ca76,74.79159917846607,STALE_HIGH_OPPORTUNITY,1613,34.0
4982,content_2f37ea886f689909,74.79159917846607,STALE_HIGH_OPPORTUNITY,1613,34.0
4983,content_cd708d2ba5d5def7,74.79159917846607,STALE_HIGH_OPPORTUNITY,1613,34.0
4984,content_80d8955e3eef455e,74.78853675634662,STALE_HIGH_OPPORTUNITY,1612,34.0
4985,content_df09715da23b1f3f,74.78589673727815,STALE_HIGH_OPPORTUNITY,1611,34.0
4986,content_04c5fa3811b3f410,74.78589673727815,STALE_HIGH_OPPORTUNITY,1611,34.0
4987,content_4c2fde8f0c76a12e,74.78589673727815,STALE_HIGH_OPPORTUNITY,1611,34.0
4988,content_aa8574069fd0ea3f,74.78336231897241,STALE_HIGH_OPPORTUNITY,1610,34.0
4989,content_208285937ee5dcaa,74.78336231897241,STALE_HIGH_OPPORTUNITY,1610,34.0
4990,content_c723206618cc93a4,74.78336231897241,STALE_HIGH_OPPORTUNITY,1610,34.0
4991,content_06dcc81394435cf5,74.78336231897241,STALE_HIGH_OPPORTUNITY,1610,34.0
4992,content_167c683dde4e8859,74.78150193139862,STALE_HIGH_OPPORTUNITY,106,141.0
4993,content_f3ae749ba760b52a,74.78008869532749,STALE_HIGH_OPPORTUNITY,1609,34.0
4994,content_88b6f81c5864954d,74.78008869532749,STALE_HIGH_OPPORTUNITY,1609,34.0
4995,content_bcb7d46ba7c67857,74.78008869532749,STALE_HIGH_OPPORTUNITY,1609,34.0
4996,content_b3600ac053848fcf,74.78008869532749,STALE_HIGH_OPPORTUNITY,1609,34.0
4997,content_399a3f7bd789bcd5,74.78008869532749,STALE_HIGH_OPPORTUNITY,1609,34.0
4998,content_b341c353df24489e,74.78008869532749,STALE_HIGH_OPPORTUNITY,1609,34.0
4999,content_4bdb6179c026a631,74.77649826939435,STALE_HIGH_OPPORTUNITY,1608,34.0
5000,content_4db42c081c5529f1,74.77649826939435,STALE_HIGH_OPPORTUNITY,1608,34.0
5001,content_b5a243ada242bd34,74.77649826939435,STALE_HIGH_OPPORTUNITY,1608,34.0
5002,content_63c1767590dc868e,74.77649826939435,STALE_HIGH_OPPORTUNITY,1608,34.0
5003,content_82b2ad435a8269d7,74.77333024651219,STALE_HIGH_OPPORTUNITY,1607,34.0
5004,content_15f5c8d716bdc3d1,74.77333024651219,STALE_HIGH_OPPORTUNITY,1607,34.0
5005,content_b8754eed1713d155,74.77333024651219,STALE_HIGH_OPPORTUNITY,1607,34.0
5006,content_123389d934e7ce06,74.77333024651219,STALE_HIGH_OPPORTUNITY,1607,34.0
5007,content_eeaeafb75287f585,74.77047902591822,STALE_HIGH_OPPORTUNITY,1606,34.0
5008,content_7bddc2288f6b0f4b,74.77047902591822,STALE_HIGH_OPPORTUNITY,1606,34.0
5009,content_a1e2b9573d32c43d,74.77047902591822,STALE_HIGH_OPPORTUNITY,1606,34.0
5010,content_f54a627f25e3cff8,74.77047902591822,STALE_HIGH_OPPORTUNITY,1606,34.0
5011,content_198203e8dd99ac7e,74.7682614099007,STALE_HIGH_OPPORTUNITY,1605,34.0
5012,content_d295a49a5f947ecc,74.7682614099007,STALE_HIGH_OPPORTUNITY,1605,34.0
5013,content_836e0cd7b3bf406d,74.76530458854401,STALE_HIGH_OPPORTUNITY,1604,34.0
5014,content_fa4565c0f298c248,74.76530458854401,STALE_HIGH_OPPORTUNITY,1604,34.0
5015,content_7f252f6ab1626367,74.76530458854401,STALE_HIGH_OPPORTUNITY,1604,34.0
5016,content_9a022c01b6d38ad2,74.76530458854401,STALE_HIGH_OPPORTUNITY,1604,34.0
5017,content_ff725cf9c54ab9dd,74.76530458854401,STALE_HIGH_OPPORTUNITY,1604,34.0
5018,content_f8e9688fc3b5c544,74.76530458854401,STALE_HIGH_OPPORTUNITY,1604,34.0
5019,content_bd1902bb1616d2f2,74.76277017023826,STALE_HIGH_OPPORTUNITY,1603,34.0
5020,content_0b460a643f3c002a,74.76277017023826,STALE_HIGH_OPPORTUNITY,1603,34.0
5021,content_5763c42706bc7ab2,74.76108055803442,STALE_HIGH_OPPORTUNITY,1602,34.0
5022,content_34f148b202990b18,74.76108055803442,STALE_HIGH_OPPORTUNITY,1602,34.0
5023,content_5eeca6a4c2d6242f,74.76108055803442,STALE_HIGH_OPPORTUNITY,1602,34.0
5024,content_53d69ff20ff787de,74.76108055803442,STALE_HIGH_OPPORTUNITY,1602,34.0
5025,content_d890dfdb2573552d,74.75844053896596,STALE_HIGH_OPPORTUNITY,1601,34.0
5026,content_bb8f0dce38bd539c,74.75844053896596,STALE_HIGH_OPPORTUNITY,1601,34.0
5027,content_4c613581c9e1928d,74.75844053896596,STALE_HIGH_OPPORTUNITY,1601,34.0
5028,content_c810ae41c6fab70e,74.75580051989746,STALE_HIGH_OPPORTUNITY,1600,34.0
5029,content_6e43a8418944ae5e,74.75580051989746,STALE_HIGH_OPPORTUNITY,1600,34.0
5030,content_402e78c010491a81,74.75580051989746,STALE_HIGH_OPPORTUNITY,1600,34.0
5031,content_5bc2efcd050537ee,74.75273809777804,STALE_HIGH_OPPORTUNITY,1599,34.0
5032,content_3606408d15480875,74.75273809777804,STALE_HIGH_OPPORTUNITY,1599,34.0
5033,content_4cc86d19c407bfe9,74.75273809777804,STALE_HIGH_OPPORTUNITY,1599,34.0
5034,content_180f3a16256f81ba,74.75273809777804,STALE_HIGH_OPPORTUNITY,1599,34.0
5035,content_84187df89d15a8b1,74.75009807870956,STALE_HIGH_OPPORTUNITY,1598,34.0
5036,content_3ac22edcd247c8c5,74.74809166421751,STALE_HIGH_OPPORTUNITY,1597,34.0
5037,content_9311be1260ca6414,74.74809166421751,STALE_HIGH_OPPORTUNITY,1597,34.0
5038,content_5ffed15d5ccde928,74.74809166421751,STALE_HIGH_OPPORTUNITY,1597,34.0
5039,content_dd1046faf497a3fe,74.74809166421751,STALE_HIGH_OPPORTUNITY,1597,34.0
5040,content_fd18733e79ba4283,74.74471243980986,STALE_HIGH_OPPORTUNITY,1596,34.0
5041,content_5777ae0c9a2fb5f2,74.74471243980986,STALE_HIGH_OPPORTUNITY,1596,34.0
5042,content_08d6ea27995dacad,74.74471243980986,STALE_HIGH_OPPORTUNITY,1596,34.0
5043,content_fdd0161a54a5514c,74.7413332154022,STALE_HIGH_OPPORTUNITY,1595,34.0
5044,content_6bce67282dba8575,74.7413332154022,STALE_HIGH_OPPORTUNITY,1595,34.0
5045,content_18f80fc3f7a271dd,74.7413332154022,STALE_HIGH_OPPORTUNITY,1595,34.0
5046,content_c07b428bbc9d4ca3,74.73848199480824,STALE_HIGH_OPPORTUNITY,1594,34.0
5047,content_3c89c8fcbdbfb1f4,74.73848199480824,STALE_HIGH_OPPORTUNITY,1594,34.0
5048,content_1999f04b8b49634c,74.73848199480824,STALE_HIGH_OPPORTUNITY,1594,34.0
5049,content_d797f04df3f6b18c,74.73531397192608,STALE_HIGH_OPPORTUNITY,1593,34.0
5050,content_80292dea9476110f,74.73531397192608,STALE_HIGH_OPPORTUNITY,1593,34.0
5051,content_5f2e039aacf0ad8d,74.73531397192608,STALE_HIGH_OPPORTUNITY,1593,34.0
5052,content_28963816d8c03830,74.73531397192608,STALE_HIGH_OPPORTUNITY,1593,34.0
5053,content_c02e8807524565b3,74.73531397192608,STALE_HIGH_OPPORTUNITY,1593,34.0
5054,content_339f01f5e0504533,74.73214594904388,STALE_HIGH_OPPORTUNITY,1592,34.0
5055,content_8e181ead7c43f821,74.73214594904388,STALE_HIGH_OPPORTUNITY,1592,34.0
5056,content_4c5ce1dceb2cd19d,74.73214594904388,STALE_HIGH_OPPORTUNITY,1592,34.0
5057,content_5234855f70ab749b,74.728449922348,STALE_HIGH_OPPORTUNITY,1591,34.0
5058,content_e32aa4a11fd856a3,74.728449922348,STALE_HIGH_OPPORTUNITY,1591,34.0
5059,content_a88fac15a32e4445,74.728449922348,STALE_HIGH_OPPORTUNITY,1591,34.0
5060,content_2791f13980dbdbd5,74.728449922348,STALE_HIGH_OPPORTUNITY,1591,34.0
5061,content_9b0adcedfe72bd43,74.728449922348,STALE_HIGH_OPPORTUNITY,1591,34.0
5062,content_c1daf02f4a0d9384,74.72770505492248,STALE_HIGH_OPPORTUNITY,139,131.0
5063,content_eed8224595c60d9f,74.72443709336392,STALE_HIGH_OPPORTUNITY,1590,34.0
5064,content_5682b9e06db35c69,74.72443709336392,STALE_HIGH_OPPORTUNITY,1590,34.0
5065,content_1301808ca57ba149,74.72443709336392,STALE_HIGH_OPPORTUNITY,1590,34.0
5066,content_0361121c866d72e7,74.72443709336392,STALE_HIGH_OPPORTUNITY,1590,34.0
5067,content_69b50ae1ea91a555,74.72443709336392,STALE_HIGH_OPPORTUNITY,1590,34.0
5068,content_64681c79c252aa4d,74.72248016507865,STALE_HIGH_OPPORTUNITY,154,81.0
5069,content_7127571268da801c,74.7206354659053,STALE_HIGH_OPPORTUNITY,1589,34.0
5070,content_19e035776717b699,74.7206354659053,STALE_HIGH_OPPORTUNITY,1589,34.0
5071,content_e904d953f3c99b83,74.7206354659053,STALE_HIGH_OPPORTUNITY,1589,34.0
5072,content_5dcd1da49e9f804f,74.71757304378588,STALE_HIGH_OPPORTUNITY,1588,34.0
5073,content_472408faa8c6230e,74.71535460769286,STALE_HIGH_OPPORTUNITY,62,216.0
5074,content_8427fa4217079be0,74.71503862548013,STALE_HIGH_OPPORTUNITY,1587,34.0
5075,content_2f78cc7d7a8ea989,74.71229300564892,STALE_HIGH_OPPORTUNITY,1586,34.0
5076,content_d953a34df5ab2f35,74.71229300564892,STALE_HIGH_OPPORTUNITY,1586,34.0
5077,content_ce1fa6dd3d867b3f,74.71229300564892,STALE_HIGH_OPPORTUNITY,1586,34.0
5078,content_df614bfda158fd4a,74.71229300564892,STALE_HIGH_OPPORTUNITY,1586,34.0
5079,content_907292149b9df4a3,74.71229300564892,STALE_HIGH_OPPORTUNITY,1586,34.0
5080,content_ee88083f8ce8fa3e,74.70923058352948,STALE_HIGH_OPPORTUNITY,1585,34.0
5081,content_2a6f4f570679c6f9,74.70923058352948,STALE_HIGH_OPPORTUNITY,1585,34.0
5082,content_354a40c7d884d28f,74.7071185682747,STALE_HIGH_OPPORTUNITY,1584,34.0
5083,content_fdb8d89c198457ee,74.70532335530811,STALE_HIGH_OPPORTUNITY,1583,34.0
5084,content_798cccdbf7b38450,74.70532335530811,STALE_HIGH_OPPORTUNITY,1583,34.0
5085,content_fa89ed03a21e68fd,74.70532335530811,STALE_HIGH_OPPORTUNITY,1583,34.0
5086,content_a19665d6e193f7c6,74.70532335530811,STALE_HIGH_OPPORTUNITY,1583,34.0
5087,content_769d7e2244a22516,74.70532335530811,STALE_HIGH_OPPORTUNITY,1583,34.0
5088,content_cb65cb0398607ec6,74.7045429857455,STALE_HIGH_OPPORTUNITY,86,165.0
5089,content_ca68c794e57d2179,74.70247213471416,STALE_HIGH_OPPORTUNITY,1582,34.0
5090,content_4684cea588d5fb96,74.70247213471416,STALE_HIGH_OPPORTUNITY,1582,34.0
5091,content_baefe95dcc004908,74.70247213471416,STALE_HIGH_OPPORTUNITY,1582,34.0
5092,content_26dc588dedef2fe4,74.70247213471416,STALE_HIGH_OPPORTUNITY,1582,34.0
5093,content_d5abe5b2b15867a8,74.70247213471416,STALE_HIGH_OPPORTUNITY,1582,34.0
5094,content_acf7b2562fcb460b,74.6997640172911,STALE_HIGH_OPPORTUNITY,187,36.0
5095,content_3ca66d4b1a44126d,74.69655849200076,STALE_HIGH_OPPORTUNITY,1580,34.0
5096,content_f4fe3a2799f9775a,74.69307366683037,STALE_HIGH_OPPORTUNITY,1579,34.0
5097,content_5440f60e7f64a2b0,74.69307366683037,STALE_HIGH_OPPORTUNITY,1579,34.0
5098,content_6605e9a42f08a605,74.69307366683037,STALE_HIGH_OPPORTUNITY,1579,34.0
5099,content_35fc8e98c9cecaf3,74.69307366683037,STALE_HIGH_OPPORTUNITY,1579,34.0
5100,content_5a35ae9531abb13d,74.69307366683037,STALE_HIGH_OPPORTUNITY,1579,34.0
5101,content_c22ad814551d1736,74.69307366683037,STALE_HIGH_OPPORTUNITY,1579,34.0
5102,content_66e5aa553a893088,74.6899056439482,STALE_HIGH_OPPORTUNITY,1578,34.0
5103,content_cedbb650ad182319,74.6899056439482,STALE_HIGH_OPPORTUNITY,1578,34.0
5104,content_b2c27bdef8a75591,74.68789922945615,STALE_HIGH_OPPORTUNITY,1577,34.0
5105,content_7253cff4f1bd9d30,74.68789922945615,STALE_HIGH_OPPORTUNITY,1577,34.0
5106,content_8635205a71225d5d,74.68789922945615,STALE_HIGH_OPPORTUNITY,1577,34.0
5107,content_c11d72567540578f,74.6834639974211,STALE_HIGH_OPPORTUNITY,1575,34.0
5108,content_4e1f50d6af7a8a62,74.6834639974211,STALE_HIGH_OPPORTUNITY,1575,34.0
5109,content_691cd1a8ab97fb56,74.6834639974211,STALE_HIGH_OPPORTUNITY,1575,34.0
5110,content_153c46b203534b27,74.6805071760644,STALE_HIGH_OPPORTUNITY,1574,34.0
5111,content_002ab5d74a38ddd7,74.6805071760644,STALE_HIGH_OPPORTUNITY,1574,34.0
5112,content_d345baeabc106e72,74.6805071760644,STALE_HIGH_OPPORTUNITY,1574,34.0
5113,content_d53f7db97aee2669,74.6805071760644,STALE_HIGH_OPPORTUNITY,1574,34.0
5114,content_4a5f5400a7d44ebf,74.67744475394497,STALE_HIGH_OPPORTUNITY,1573,34.0
5115,content_2f0580849814729d,74.67744475394497,STALE_HIGH_OPPORTUNITY,1573,34.0
5116,content_4f63fab8592a539e,74.67744475394497,STALE_HIGH_OPPORTUNITY,1573,34.0
5117,content_0e416b77635402f5,74.67395992877458,STALE_HIGH_OPPORTUNITY,1572,34.0
5118,content_913f23628b8166e5,74.67395992877458,STALE_HIGH_OPPORTUNITY,1572,34.0
5119,content_cef2cf1b3ae43515,74.67395992877458,STALE_HIGH_OPPORTUNITY,1572,34.0
5120,content_e74634daab38829c,74.67395992877458,STALE_HIGH_OPPORTUNITY,1572,34.0
5121,content_4aa7fdd38d7307d5,74.67395992877458,STALE_HIGH_OPPORTUNITY,1572,34.0
5122,content_e159a9b1795a8981,74.67395992877458,STALE_HIGH_OPPORTUNITY,1572,34.0
5123,content_1ca179a517fc24e6,74.6707919058924,STALE_HIGH_OPPORTUNITY,1571,34.0
5124,content_54a13fff81313e19,74.6707919058924,STALE_HIGH_OPPORTUNITY,1571,34.0
5125,content_0402fa518f750994,74.66825748758666,STALE_HIGH_OPPORTUNITY,1570,34.0
5126,content_369d3c7c805bc2bb,74.66825748758666,STALE_HIGH_OPPORTUNITY,1570,34.0
5127,content_98fea05bcfdcfb1a,74.66825748758666,STALE_HIGH_OPPORTUNITY,1570,34.0
5128,content_41b76cb9ae392057,74.66508946470448,STALE_HIGH_OPPORTUNITY,1569,34.0
5129,content_4b0f8d23be3e71c6,74.66508946470448,STALE_HIGH_OPPORTUNITY,1569,34.0
5130,content_a418a6ba9e724ef6,74.66508946470448,STALE_HIGH_OPPORTUNITY,1569,34.0
5131,content_5d96d2c6e729ce02,74.66508946470448,STALE_HIGH_OPPORTUNITY,1569,34.0
5132,content_c24ca65af6997953,74.66508946470448,STALE_HIGH_OPPORTUNITY,1569,34.0
5133,content_07e8957f2182669b,74.66508946470448,STALE_HIGH_OPPORTUNITY,1569,34.0
5134,content_9683ed6d6a4fb2d5,74.6613934380086,STALE_HIGH_OPPORTUNITY,1568,34.0
5135,content_2a3289f9ba78a057,74.6613934380086,STALE_HIGH_OPPORTUNITY,1568,34.0
5136,content_df833c02e92c7308,74.6613934380086,STALE_HIGH_OPPORTUNITY,1568,34.0
5137,content_16565f48c472d032,74.65790861283821,STALE_HIGH_OPPORTUNITY,1567,34.0
5138,content_ff82ee13a0503660,74.65790861283821,STALE_HIGH_OPPORTUNITY,1567,34.0
5139,content_bb1bdc8a699ba914,74.65452938843056,STALE_HIGH_OPPORTUNITY,1566,34.0
5140,content_4c912c1f7c8c61a7,74.65452938843056,STALE_HIGH_OPPORTUNITY,1566,34.0
5141,content_6279cc0d882f39e8,74.65452938843056,STALE_HIGH_OPPORTUNITY,1566,34.0
5142,content_b8c055f32eb3f387,74.65125576478565,STALE_HIGH_OPPORTUNITY,1565,34.0
5143,content_fdce9343bd91cf51,74.65125576478565,STALE_HIGH_OPPORTUNITY,1565,34.0
5144,content_3a0585ec4e2d7fc7,74.65125576478565,STALE_HIGH_OPPORTUNITY,1565,34.0
5145,content_f9357e39d782ba1b,74.64893254800538,STALE_HIGH_OPPORTUNITY,1564,34.0
5146,content_af59bf0681457bb5,74.64893254800538,STALE_HIGH_OPPORTUNITY,1564,34.0
5147,content_2854ec1d7d76863b,74.64706923668423,STALE_HIGH_OPPORTUNITY,185,36.0
5148,content_6fdad5466dea2adf,74.64706923668423,STALE_HIGH_OPPORTUNITY,185,36.0
5149,content_49c72aeab13b1aa2,74.64618692817416,STALE_HIGH_OPPORTUNITY,1563,34.0
5150,content_4a0611452c68fda8,74.64618692817416,STALE_HIGH_OPPORTUNITY,1563,34.0
5151,content_c3bfec786616f01d,74.64238530071555,STALE_HIGH_OPPORTUNITY,1562,34.0
5152,content_1935b39cfa83103d,74.64238530071555,STALE_HIGH_OPPORTUNITY,1562,34.0
5153,content_ca822f968e6ed058,74.64238530071555,STALE_HIGH_OPPORTUNITY,1562,34.0
5154,content_49106eb654be9ef3,74.64238530071555,STALE_HIGH_OPPORTUNITY,1562,34.0
5155,content_1618a0747ceb4692,74.64238530071555,STALE_HIGH_OPPORTUNITY,1562,34.0
5156,content_bdb71d346f854719,74.64238530071555,STALE_HIGH_OPPORTUNITY,1562,34.0
5157,content_84dd6eac80374539,74.6384780724942,STALE_HIGH_OPPORTUNITY,1561,34.0
5158,content_c0d3b15f585e65be,74.6384780724942,STALE_HIGH_OPPORTUNITY,1561,34.0
5159,content_9f7b0f1954dde1f4,74.63562685190024,STALE_HIGH_OPPORTUNITY,1560,34.0
5160,content_f91acfb198b86441,74.63562685190024,STALE_HIGH_OPPORTUNITY,1560,34.0
5161,content_c4174dba79bf8f1c,74.63288123206902,STALE_HIGH_OPPORTUNITY,1559,34.0
5162,content_740455782f4ace3e,74.63288123206902,STALE_HIGH_OPPORTUNITY,1559,34.0
5163,content_1bbabbd98b87543a,74.63288123206902,STALE_HIGH_OPPORTUNITY,1559,34.0
5164,content_4c3ddb124dab160f,74.63288123206902,STALE_HIGH_OPPORTUNITY,1559,34.0
5165,content_a7b88880ac958be7,74.63288123206902,STALE_HIGH_OPPORTUNITY,1559,34.0
5166,content_83a2987d58b71f13,74.63288123206902,STALE_HIGH_OPPORTUNITY,1559,34.0
5167,content_41cac33642e93063,74.63288123206902,STALE_HIGH_OPPORTUNITY,1559,34.0
5168,content_d87d0bbb5456ac14,74.63288123206902,STALE_HIGH_OPPORTUNITY,1559,34.0
5169,content_97b592327c67b342,74.63288123206902,STALE_HIGH_OPPORTUNITY,1559,34.0
5170,content_c761125c227d0063,74.62907960461041,STALE_HIGH_OPPORTUNITY,1558,34.0
5171,content_64f7f5c0537f0993,74.62907960461041,STALE_HIGH_OPPORTUNITY,1558,34.0
5172,content_a7c5d3f0b6114c6c,74.62907960461041,STALE_HIGH_OPPORTUNITY,1558,34.0
5173,content_5fba838beb063866,74.62727872955749,STALE_HIGH_OPPORTUNITY,136,131.0
5174,content_b1ccaa239d570d29,74.62580598096548,STALE_HIGH_OPPORTUNITY,1557,34.0
5175,content_804fb6fc91f36f34,74.62580598096548,STALE_HIGH_OPPORTUNITY,1557,34.0
5176,content_0c310fd39e7e31d8,74.62580598096548,STALE_HIGH_OPPORTUNITY,1557,34.0
5177,content_2c9c8c11489dd49f,74.62295476037153,STALE_HIGH_OPPORTUNITY,1556,34.0
5178,content_73dc905559dccafe,74.62295476037153,STALE_HIGH_OPPORTUNITY,1556,34.0
5179,content_cfc3ddf788426d39,74.62020914054031,STALE_HIGH_OPPORTUNITY,1555,34.0
5180,content_9e206e0dcbd4fb65,74.62020914054031,STALE_HIGH_OPPORTUNITY,1555,34.0
5181,content_102e31404219f6be,74.61799152452278,STALE_HIGH_OPPORTUNITY,1554,34.0
5182,content_54a5c4678dd42c88,74.61799152452278,STALE_HIGH_OPPORTUNITY,1554,34.0
5183,content_f5b6869ebe41003a,74.61799152452278,STALE_HIGH_OPPORTUNITY,1554,34.0
5184,content_5626f1cb278d05e2,74.6153515054543,STALE_HIGH_OPPORTUNITY,1553,34.0
5185,content_de0be8d85ec957df,74.6153515054543,STALE_HIGH_OPPORTUNITY,1553,34.0
5186,content_d416318b4199f62b,74.6153515054543,STALE_HIGH_OPPORTUNITY,1553,34.0
5187,content_2fa4b72f34527ff8,74.6129226879113,STALE_HIGH_OPPORTUNITY,1552,34.0
5188,content_64d88d4e12af7363,74.6129226879113,STALE_HIGH_OPPORTUNITY,1552,34.0
5189,content_e3edc9533e31a780,74.61210331484584,STALE_HIGH_OPPORTUNITY,144,113.0
5190,content_4cfe8dcd30ed10c3,74.61210331484584,STALE_HIGH_OPPORTUNITY,144,113.0
5191,content_e7b3a0847871b55a,74.61123307570747,STALE_HIGH_OPPORTUNITY,1551,34.0
5192,content_6c8b5b150549d3fa,74.61123307570747,STALE_HIGH_OPPORTUNITY,1551,34.0
5193,content_6f9f2956e97d4de2,74.61123307570747,STALE_HIGH_OPPORTUNITY,1551,34.0
5194,content_6233c8ec414fce55,74.61123307570747,STALE_HIGH_OPPORTUNITY,1551,34.0
5195,content_6ec790822354542f,74.60880425816447,STALE_HIGH_OPPORTUNITY,1550,34.0
5196,content_d19e3d291c5cc60b,74.60880425816447,STALE_HIGH_OPPORTUNITY,1550,34.0
5197,content_be0c318829c00603,74.60563623528229,STALE_HIGH_OPPORTUNITY,1549,34.0
5198,content_74271afa64ff8433,74.60289061545106,STALE_HIGH_OPPORTUNITY,1548,34.0
5199,content_c3f339be47846e58,74.60289061545106,STALE_HIGH_OPPORTUNITY,1548,34.0
5200,content_b43cd7917790adc9,74.60289061545106,STALE_HIGH_OPPORTUNITY,1548,34.0
5201,content_e4f8968d4d96605f,74.60067299943356,STALE_HIGH_OPPORTUNITY,1547,34.0
5202,content_8ce174cbf481b152,74.60067299943356,STALE_HIGH_OPPORTUNITY,1547,34.0
5203,content_d0d177c8f571ffca,74.60067299943356,STALE_HIGH_OPPORTUNITY,1547,34.0
5204,content_4d9617369cac8a26,74.60067299943356,STALE_HIGH_OPPORTUNITY,1547,34.0
5205,content_3b66304dca824362,74.59856098417876,STALE_HIGH_OPPORTUNITY,1546,34.0
5206,content_4e4598db8c7f8498,74.59856098417876,STALE_HIGH_OPPORTUNITY,1546,34.0
5207,content_7d0a31d2e776b265,74.59655456968672,STALE_HIGH_OPPORTUNITY,1545,34.0
5208,content_6671d4612f50e957,74.59655456968672,STALE_HIGH_OPPORTUNITY,1545,34.0
5209,content_7ca504a7e5c54242,74.59655456968672,STALE_HIGH_OPPORTUNITY,1545,34.0
5210,content_d8e1f7434aa4b035,74.59423135290646,STALE_HIGH_OPPORTUNITY,1544,34.0
5211,content_db36c65fc403549c,74.5922249384144,STALE_HIGH_OPPORTUNITY,1543,34.0
5212,content_25729e776dbed124,74.59053532621058,STALE_HIGH_OPPORTUNITY,1542,34.0
5213,content_bff3d6dcdd53c48a,74.59053532621058,STALE_HIGH_OPPORTUNITY,1542,34.0
5214,content_b861c97648ae0d28,74.59053532621058,STALE_HIGH_OPPORTUNITY,1542,34.0
5215,content_82b7569d015a86a2,74.58768410561663,STALE_HIGH_OPPORTUNITY,1541,34.0
5216,content_d2fe91571717e04b,74.58768410561663,STALE_HIGH_OPPORTUNITY,1541,34.0
5217,content_9b950ef1f8b6199c,74.58768410561663,STALE_HIGH_OPPORTUNITY,1541,34.0
5218,content_bb499b7caf307911,74.58409367968349,STALE_HIGH_OPPORTUNITY,1540,34.0
5219,content_1aece675e249b92e,74.58409367968349,STALE_HIGH_OPPORTUNITY,1540,34.0
5220,content_6f4e3fd7639c1819,74.58409367968349,STALE_HIGH_OPPORTUNITY,1540,34.0
5221,content_fa02e02a0e35caaa,74.58409367968349,STALE_HIGH_OPPORTUNITY,1540,34.0
5222,content_b968a2b4b05bdb6a,74.58060885451309,STALE_HIGH_OPPORTUNITY,1539,34.0
5223,content_2d1cf0c662e1e3df,74.58060885451309,STALE_HIGH_OPPORTUNITY,1539,34.0
5224,content_21669567da3dd14c,74.58060885451309,STALE_HIGH_OPPORTUNITY,1539,34.0
5225,content_cc939ad0449352b2,74.58060885451309,STALE_HIGH_OPPORTUNITY,1539,34.0
5226,content_8c27cabbc40bc056,74.58060885451309,STALE_HIGH_OPPORTUNITY,1539,34.0
5227,content_7a1539e2078209ee,74.57712402934271,STALE_HIGH_OPPORTUNITY,1538,34.0
5228,content_8856de93355df4d8,74.57712402934271,STALE_HIGH_OPPORTUNITY,1538,34.0
5229,content_54ca3ab63b1fd771,74.57712402934271,STALE_HIGH_OPPORTUNITY,1538,34.0
5230,content_a91a337507396f9c,74.57712402934271,STALE_HIGH_OPPORTUNITY,1538,34.0
5231,content_d1aea74a9b35b022,74.57395600646053,STALE_HIGH_OPPORTUNITY,1537,34.0
5232,content_f894456978e86903,74.57395600646053,STALE_HIGH_OPPORTUNITY,1537,34.0
5233,content_6dde9fe1af4c2e4a,74.57395600646053,STALE_HIGH_OPPORTUNITY,1537,34.0
5234,content_a510d117fc1a2b67,74.57395600646053,STALE_HIGH_OPPORTUNITY,1537,34.0
5235,content_bfbf780981d5471c,74.57395600646053,STALE_HIGH_OPPORTUNITY,1537,34.0
5236,content_2df7cff01daf4341,74.57395600646053,STALE_HIGH_OPPORTUNITY,1537,34.0
5237,content_adb863f8afe34cdc,74.57110478586657,STALE_HIGH_OPPORTUNITY,1536,34.0
5238,content_e78cfc4b077bfb6d,74.57110478586657,STALE_HIGH_OPPORTUNITY,1536,34.0
5239,content_39f7408f09ab4ad9,74.57110478586657,STALE_HIGH_OPPORTUNITY,1536,34.0
5240,content_67d74bfa15431e26,74.56804236374714,STALE_HIGH_OPPORTUNITY,1535,34.0
5241,content_c1839be8bac311a9,74.56804236374714,STALE_HIGH_OPPORTUNITY,1535,34.0
5242,content_161065c7bc8fd0f4,74.56804236374714,STALE_HIGH_OPPORTUNITY,1535,34.0
5243,content_bf1200633240b876,74.56804236374714,STALE_HIGH_OPPORTUNITY,1535,34.0
5244,content_c17f27038bbf90c0,74.56804236374714,STALE_HIGH_OPPORTUNITY,1535,34.0
5245,content_198a94d259c4be85,74.56529674391592,STALE_HIGH_OPPORTUNITY,1534,34.0
5246,content_1a0992520d9fd681,74.56529674391592,STALE_HIGH_OPPORTUNITY,1534,34.0
5247,content_f3cd92bf04b64617,74.56329032942386,STALE_HIGH_OPPORTUNITY,1533,34.0
5248,content_46aa3de195c17a17,74.56329032942386,STALE_HIGH_OPPORTUNITY,1533,34.0
5249,content_6f2581c9c868f9cb,74.56329032942386,STALE_HIGH_OPPORTUNITY,1533,34.0
5250,content_46e3b2c3b65abf51,74.56128391493182,STALE_HIGH_OPPORTUNITY,1532,34.0
5251,content_34a6ffa43cbab11e,74.55874949662609,STALE_HIGH_OPPORTUNITY,1531,34.0
5252,content_4c7a4ff096bc30d1,74.55874949662609,STALE_HIGH_OPPORTUNITY,1531,34.0
5253,content_da8c53e9c4df37d2,74.55874949662609,STALE_HIGH_OPPORTUNITY,1531,34.0
5254,content_a69dc4095c740d80,74.55874949662609,STALE_HIGH_OPPORTUNITY,1531,34.0
5255,content_ed35783a9f456f85,74.55874949662609,STALE_HIGH_OPPORTUNITY,1531,34.0
5256,content_8ae7bc40c4d7bcf2,74.55874949662609,STALE_HIGH_OPPORTUNITY,1531,34.0
5257,content_274802082e116dd0,74.55610947755761,STALE_HIGH_OPPORTUNITY,1530,34.0
5258,content_54628b4c17257b0f,74.55610947755761,STALE_HIGH_OPPORTUNITY,1530,34.0
5259,content_bfce5a6aa6029cad,74.55367499792825,STALE_HIGH_OPPORTUNITY,134,131.0
5260,content_277af12bceba3821,74.55325825696363,STALE_HIGH_OPPORTUNITY,1529,34.0
5261,content_ab1af93029a3b225,74.55325825696363,STALE_HIGH_OPPORTUNITY,1529,34.0
5262,content_1ae0e8785abe2d66,74.55325825696363,STALE_HIGH_OPPORTUNITY,1529,34.0
5263,content_65f02f19efd948a7,74.55325825696363,STALE_HIGH_OPPORTUNITY,1529,34.0
5264,content_fd56ec4ada9d4713,74.55325825696363,STALE_HIGH_OPPORTUNITY,1529,34.0
5265,content_fb6aefbb2a1fd351,74.55040703636968,STALE_HIGH_OPPORTUNITY,1528,34.0
5266,content_e6613b4c4866abbc,74.54734461425025,STALE_HIGH_OPPORTUNITY,1527,34.0
5267,content_3cc2057cb684f9aa,74.54734461425025,STALE_HIGH_OPPORTUNITY,1527,34.0
5268,content_912b0ec7e43f0cbe,74.54734461425025,STALE_HIGH_OPPORTUNITY,1527,34.0
5269,content_bcbab4e25c25ac52,74.54734461425025,STALE_HIGH_OPPORTUNITY,1527,34.0
5270,content_4a2225b13868bd04,74.54734461425025,STALE_HIGH_OPPORTUNITY,1527,34.0
5271,content_a5154355c59bdb15,74.54333178526616,STALE_HIGH_OPPORTUNITY,1526,34.0
5272,content_03893f8b766ea75c,74.54333178526616,STALE_HIGH_OPPORTUNITY,1526,34.0
5273,content_2165017e4a87ffa3,74.54333178526616,STALE_HIGH_OPPORTUNITY,1526,34.0
5274,content_9260da5081ce2872,74.54333178526616,STALE_HIGH_OPPORTUNITY,1526,34.0
5275,content_a5b7994df8a0b029,74.54333178526616,STALE_HIGH_OPPORTUNITY,1526,34.0
5276,content_32e1244cf21a89dc,74.54333178526616,STALE_HIGH_OPPORTUNITY,1526,34.0
5277,content_e1105aca882fd61d,74.54333178526616,STALE_HIGH_OPPORTUNITY,1526,34.0
5278,content_09f293cc58185f29,74.54333178526616,STALE_HIGH_OPPORTUNITY,1526,34.0
5279,content_7f4de6362c5b03a3,74.54333178526616,STALE_HIGH_OPPORTUNITY,1526,34.0
5280,content_6030d3d5a6c9d4f7,74.54333178526616,STALE_HIGH_OPPORTUNITY,1526,34.0
5281,content_28154b41bfe0e9e6,74.53889655323111,STALE_HIGH_OPPORTUNITY,1525,34.0
5282,content_623355b793d0dac1,74.53889655323111,STALE_HIGH_OPPORTUNITY,1525,34.0
5283,content_1982151c501b28f1,74.53889655323111,STALE_HIGH_OPPORTUNITY,1525,34.0
5284,content_38015b88c3d22caa,74.53593973187441,STALE_HIGH_OPPORTUNITY,1524,34.0
5285,content_b89b7b5476dd8886,74.53593973187441,STALE_HIGH_OPPORTUNITY,1524,34.0
5286,content_eb51a0bfab3ef556,74.53329971280593,STALE_HIGH_OPPORTUNITY,1523,34.0
5287,content_ee30a55a56515641,74.53329971280593,STALE_HIGH_OPPORTUNITY,1523,34.0
5288,content_ca0980fbb8cd7390,74.53329971280593,STALE_HIGH_OPPORTUNITY,1523,34.0
5289,content_bdc0e20e9e04419d,74.53329971280593,STALE_HIGH_OPPORTUNITY,1523,34.0
5290,content_25de2015b8c928e4,74.52970928687279,STALE_HIGH_OPPORTUNITY,1522,34.0
5291,content_82f30f4652af788d,74.52970928687279,STALE_HIGH_OPPORTUNITY,1522,34.0
5292,content_5cb1cd8bd232eb75,74.52970928687279,STALE_HIGH_OPPORTUNITY,1522,34.0
5293,content_c262bcd37f803075,74.52970928687279,STALE_HIGH_OPPORTUNITY,1522,34.0
5294,content_3c8ec79f6b08f51e,74.5232676403457,STALE_HIGH_OPPORTUNITY,1520,34.0
5295,content_52eef6f20a77cd65,74.52152681621104,STALE_HIGH_OPPORTUNITY,172,59.0
5296,content_862d2e47f3c99b70,74.51883240831066,STALE_HIGH_OPPORTUNITY,1519,34.0
5297,content_590208c02881a9e6,74.51883240831066,STALE_HIGH_OPPORTUNITY,1519,34.0
5298,content_5e320f3ef275fe45,74.51883240831066,STALE_HIGH_OPPORTUNITY,1519,34.0
5299,content_d8891bdaaab230b5,74.5143971762756,STALE_HIGH_OPPORTUNITY,1518,34.0
5300,content_caf2f1f66bbdd9e1,74.5143971762756,STALE_HIGH_OPPORTUNITY,1518,34.0
5301,content_d227be04618ee165,74.5143971762756,STALE_HIGH_OPPORTUNITY,1518,34.0
5302,content_a1b2d4584b8f57f3,74.5143971762756,STALE_HIGH_OPPORTUNITY,1518,34.0
5303,content_e19b90d2750455f2,74.51439151418926,STALE_HIGH_OPPORTUNITY,133,131.0
5304,content_51f7a35ff4a1adc8,74.50890593661316,STALE_HIGH_OPPORTUNITY,1516,34.0
5305,content_872b2a223f09f848,74.50890593661316,STALE_HIGH_OPPORTUNITY,1516,34.0
5306,content_5d29013600c2cecf,74.50594911525647,STALE_HIGH_OPPORTUNITY,1515,34.0
5307,content_d73c82e0ca94bc81,74.50594911525647,STALE_HIGH_OPPORTUNITY,1515,34.0
5308,content_966f78da70bc33da,74.50594911525647,STALE_HIGH_OPPORTUNITY,1515,34.0
5309,content_924ac49a07f33d8b,74.50594911525647,STALE_HIGH_OPPORTUNITY,1515,34.0
5310,content_f0cb4b55adf4cb46,74.50341469695073,STALE_HIGH_OPPORTUNITY,1514,34.0
5311,content_ed9a3a41c965b7f5,74.50341469695073,STALE_HIGH_OPPORTUNITY,1514,34.0
5312,content_edf92a4e86c92d77,74.50341469695073,STALE_HIGH_OPPORTUNITY,1514,34.0
5313,content_9b3905a26cacf0a1,74.50341469695073,STALE_HIGH_OPPORTUNITY,1514,34.0
5314,content_222ad8b72e0409ca,74.49965057190028,STALE_HIGH_OPPORTUNITY,180,36.0
5315,content_9c42eb7062ff95a9,74.49760665500006,STALE_HIGH_OPPORTUNITY,1512,34.0
5316,content_2a3baf9466527712,74.49760665500006,STALE_HIGH_OPPORTUNITY,1512,34.0
5317,content_c92e77b564d5aec5,74.49760665500006,STALE_HIGH_OPPORTUNITY,1512,34.0
5318,content_3b4d3f68e1b6c9c6,74.49443863211789,STALE_HIGH_OPPORTUNITY,1511,34.0
5319,content_6b198fce3e21034e,74.49443863211789,STALE_HIGH_OPPORTUNITY,1511,34.0
5320,content_119ff42c319a6c31,74.49443863211789,STALE_HIGH_OPPORTUNITY,1511,34.0
5321,content_a7a7318e13d23332,74.49443863211789,STALE_HIGH_OPPORTUNITY,1511,34.0
5322,content_d62640fda77e3d02,74.49443863211789,STALE_HIGH_OPPORTUNITY,1511,34.0
5323,content_961ea6ccdc35555e,74.49063700465928,STALE_HIGH_OPPORTUNITY,1510,34.0
5324,content_ed93f876def145fe,74.49063700465928,STALE_HIGH_OPPORTUNITY,1510,34.0
5325,content_61d3a7282356cce7,74.49063700465928,STALE_HIGH_OPPORTUNITY,1510,34.0
5326,content_e681a39a6d29f0b2,74.49063700465928,STALE_HIGH_OPPORTUNITY,1510,34.0
5327,content_bc925de6cd8d1287,74.48725778025164,STALE_HIGH_OPPORTUNITY,1509,34.0
5328,content_09d5b61ae13fe15b,74.48440655965766,STALE_HIGH_OPPORTUNITY,1508,34.0
5329,content_c898406d8f75254f,74.4807105329618,STALE_HIGH_OPPORTUNITY,1507,34.0
5330,content_d58e716a26e7f55c,74.4807105329618,STALE_HIGH_OPPORTUNITY,1507,34.0
5331,content_ca012332c839e269,74.4807105329618,STALE_HIGH_OPPORTUNITY,1507,34.0
5332,content_578f706a77052e74,74.4807105329618,STALE_HIGH_OPPORTUNITY,1507,34.0
5333,content_1ee237682c2690fa,74.4807105329618,STALE_HIGH_OPPORTUNITY,1507,34.0
5334,content_c6e862ec1514c390,74.47669770397769,STALE_HIGH_OPPORTUNITY,1506,34.0
5335,content_2730a247783c5979,74.47669770397769,STALE_HIGH_OPPORTUNITY,1506,34.0
5336,content_91f8178bd24a8394,74.47257927423087,STALE_HIGH_OPPORTUNITY,1505,34.0
5337,content_13b29d1a5396e735,74.47257927423087,STALE_HIGH_OPPORTUNITY,1505,34.0
5338,content_ed77aa95b75a02c6,74.47257927423087,STALE_HIGH_OPPORTUNITY,1505,34.0
5339,content_9744bd43ea1744c9,74.46846084448404,STALE_HIGH_OPPORTUNITY,1504,34.0
5340,content_238d203f19103637,74.46846084448404,STALE_HIGH_OPPORTUNITY,1504,34.0
5341,content_0a7f9d1a19022a75,74.46846084448404,STALE_HIGH_OPPORTUNITY,1504,34.0
5342,content_2c638abea2cee722,74.46846084448404,STALE_HIGH_OPPORTUNITY,1504,34.0
5343,content_0760edcba548f3c3,74.46233600024516,STALE_HIGH_OPPORTUNITY,1502,34.0
5344,content_865d150ac23c0107,74.46233600024516,STALE_HIGH_OPPORTUNITY,1502,34.0
5345,content_0a00080412642fcb,74.46233600024516,STALE_HIGH_OPPORTUNITY,1502,34.0
5346,content_2b2dea539b788436,74.46233600024516,STALE_HIGH_OPPORTUNITY,1502,34.0
5347,content_a02af0d3e0c68a98,74.46233600024516,STALE_HIGH_OPPORTUNITY,1502,34.0
5348,content_43f259c12f8902b8,74.45895677583752,STALE_HIGH_OPPORTUNITY,1501,34.0
5349,content_643d2e80eac91a42,74.45895677583752,STALE_HIGH_OPPORTUNITY,1501,34.0
5350,content_4584964f1a36a8bb,74.45895677583752,STALE_HIGH_OPPORTUNITY,1501,34.0
5351,content_0d3fe504fd1037f1,74.45895677583752,STALE_HIGH_OPPORTUNITY,1501,34.0
5352,content_63ed03697fce93e1,74.45599995448082,STALE_HIGH_OPPORTUNITY,1500,34.0
5353,content_c6733be9dbf7d631,74.45599995448082,STALE_HIGH_OPPORTUNITY,1500,34.0
5354,content_0efeb5ebc3c1b500,74.45599995448082,STALE_HIGH_OPPORTUNITY,1500,34.0
5355,content_e6f6c8fc1d223f95,74.45293753236137,STALE_HIGH_OPPORTUNITY,1499,34.0
5356,content_c69a34d141010f63,74.45293753236137,STALE_HIGH_OPPORTUNITY,1499,34.0
5357,content_b631a78f63ae0308,74.45293753236137,STALE_HIGH_OPPORTUNITY,1499,34.0
5358,content_ba91c1cc5a9c5ce2,74.45054914097389,STALE_HIGH_OPPORTUNITY,99,141.0
5359,content_a21d410de9b6c477,74.4497695094792,STALE_HIGH_OPPORTUNITY,1498,34.0
5360,content_b012602780950c9e,74.44649588583428,STALE_HIGH_OPPORTUNITY,1497,34.0
5361,content_ba01e76238aae48a,74.44301106066389,STALE_HIGH_OPPORTUNITY,1496,34.0
5362,content_44dfbe44f41b8ad1,74.44301106066389,STALE_HIGH_OPPORTUNITY,1496,34.0
5363,content_6d89eeb008a6c524,74.44015984006992,STALE_HIGH_OPPORTUNITY,1495,34.0
5364,content_f1a1890b1b809866,74.44015984006992,STALE_HIGH_OPPORTUNITY,1495,34.0
5365,content_b1f61fc81b28b2d4,74.44015984006992,STALE_HIGH_OPPORTUNITY,1495,34.0
5366,content_648c2730e7357af2,74.43924250364032,STALE_HIGH_OPPORTUNITY,186,35.0
5367,content_23e430b621d406b4,74.43762542176418,STALE_HIGH_OPPORTUNITY,1494,34.0
5368,content_4788c4ed0cd3a7df,74.43762542176418,STALE_HIGH_OPPORTUNITY,1494,34.0
5369,content_16faec6268b47ba1,74.43762542176418,STALE_HIGH_OPPORTUNITY,1494,34.0
5370,content_c70a4bed099e6c82,74.4349854026957,STALE_HIGH_OPPORTUNITY,1493,34.0
5371,content_76ea07c8b5eab7ac,74.4349854026957,STALE_HIGH_OPPORTUNITY,1493,34.0
5372,content_9f2d4b10746f0c9f,74.4349854026957,STALE_HIGH_OPPORTUNITY,1493,34.0
5373,content_638f498d583561ff,74.43381813221923,STALE_HIGH_OPPORTUNITY,131,131.0
5374,content_283d0dcc5cd5b12f,74.43202858133901,STALE_HIGH_OPPORTUNITY,1492,34.0
5375,content_99d1b423e477c181,74.43202858133901,STALE_HIGH_OPPORTUNITY,1492,34.0
5376,content_442cb7cbfea4f97a,74.42864935693136,STALE_HIGH_OPPORTUNITY,1491,34.0
5377,content_ee271ab3b3836eff,74.42864935693136,STALE_HIGH_OPPORTUNITY,1491,34.0
5378,content_bcd38340f9587f99,74.42864935693136,STALE_HIGH_OPPORTUNITY,1491,34.0
5379,content_4f65be42fb5af58a,74.42569253557465,STALE_HIGH_OPPORTUNITY,1490,34.0
5380,content_d03fe466492d20b8,74.42569253557465,STALE_HIGH_OPPORTUNITY,1490,34.0
5381,content_4c52528007a5ee61,74.42569253557465,STALE_HIGH_OPPORTUNITY,1490,34.0
5382,content_99cddc97782474e4,74.42569253557465,STALE_HIGH_OPPORTUNITY,1490,34.0
5383,content_8212e2a609824d17,74.42326371803165,STALE_HIGH_OPPORTUNITY,1489,34.0
5384,content_de64643f745c498e,74.42326371803165,STALE_HIGH_OPPORTUNITY,1489,34.0
5385,content_cfb3bd5e1273f037,74.42051809820043,STALE_HIGH_OPPORTUNITY,1488,34.0
5386,content_ea60c7136cb9c6f5,74.42051809820043,STALE_HIGH_OPPORTUNITY,1488,34.0
5387,content_e009915d78153157,74.42051809820043,STALE_HIGH_OPPORTUNITY,1488,34.0
5388,content_af8aa077fafd391b,74.42051809820043,STALE_HIGH_OPPORTUNITY,1488,34.0
5389,content_aa429b780abed3d6,74.42051809820043,STALE_HIGH_OPPORTUNITY,1488,34.0
5390,content_d48bc24ef6eacabb,74.41913609987392,STALE_HIGH_OPPORTUNITY,48,264.0
5391,content_145bcfa2bc991ebd,74.41735007531827,STALE_HIGH_OPPORTUNITY,1487,34.0
5392,content_1a6f678f28c9bc00,74.41735007531827,STALE_HIGH_OPPORTUNITY,1487,34.0
5393,content_daa4dfd4d9274b83,74.41735007531827,STALE_HIGH_OPPORTUNITY,1487,34.0
5394,content_161b74a67026fdd2,74.41735007531827,STALE_HIGH_OPPORTUNITY,1487,34.0
5395,content_8f61981b0bbf2a5f,74.41111963031665,STALE_HIGH_OPPORTUNITY,1485,34.0
5396,content_d583c2d509a5902f,74.41111963031665,STALE_HIGH_OPPORTUNITY,1485,34.0
5397,content_2b821dec63727c23,74.41111963031665,STALE_HIGH_OPPORTUNITY,1485,34.0
5398,content_2a9d24e350d70343,74.41111963031665,STALE_HIGH_OPPORTUNITY,1485,34.0
5399,content_044b8fe7dcc1591f,74.41111963031665,STALE_HIGH_OPPORTUNITY,1485,34.0
5400,content_72750918826431e5,74.40742360362077,STALE_HIGH_OPPORTUNITY,1484,34.0
5401,content_e28458807d56cdd1,74.40742360362077,STALE_HIGH_OPPORTUNITY,1484,34.0
5402,content_a13b5f45cd0bbb49,74.40742360362077,STALE_HIGH_OPPORTUNITY,1484,34.0
5403,content_f488707d2a5eea06,74.40742360362077,STALE_HIGH_OPPORTUNITY,1484,34.0
5404,content_9d76020ccc01c96b,74.40742360362077,STALE_HIGH_OPPORTUNITY,1484,34.0
5405,content_a92ad477ad5ca207,74.40383317768764,STALE_HIGH_OPPORTUNITY,1483,34.0
5406,content_9a75655feeb15b34,74.40383317768764,STALE_HIGH_OPPORTUNITY,1483,34.0
5407,content_148cf86252214913,74.40383317768764,STALE_HIGH_OPPORTUNITY,1483,34.0
5408,content_82e33194fd6b631d,74.40383317768764,STALE_HIGH_OPPORTUNITY,1483,34.0
5409,content_0597ccc234300a49,74.40383317768764,STALE_HIGH_OPPORTUNITY,1483,34.0
5410,content_4737f99b96c1c6c1,74.40066515480547,STALE_HIGH_OPPORTUNITY,1482,34.0
5411,content_62f8d2168b7e036c,74.40066515480547,STALE_HIGH_OPPORTUNITY,1482,34.0
5412,content_d086a47cb87943e6,74.40066515480547,STALE_HIGH_OPPORTUNITY,1482,34.0
5413,content_2a2ff4fdca284cfd,74.40066515480547,STALE_HIGH_OPPORTUNITY,1482,34.0
5414,content_89e61ad275223ba9,74.39770833344876,STALE_HIGH_OPPORTUNITY,1481,34.0
5415,content_27e1535948e896c7,74.39770833344876,STALE_HIGH_OPPORTUNITY,1481,34.0
5416,content_dd5b971d5895fda6,74.39770833344876,STALE_HIGH_OPPORTUNITY,1481,34.0
5417,content_a78453ef9f04a323,74.39211149302358,STALE_HIGH_OPPORTUNITY,1479,34.0
5418,content_a24c8bf1a041a538,74.39211149302358,STALE_HIGH_OPPORTUNITY,1479,34.0
5419,content_fda387eb68dda4cb,74.38926027242962,STALE_HIGH_OPPORTUNITY,1478,34.0
5420,content_d4f3bcd0e00f91af,74.38926027242962,STALE_HIGH_OPPORTUNITY,1478,34.0
5421,content_439bc7ab72e3b9f3,74.38926027242962,STALE_HIGH_OPPORTUNITY,1478,34.0
5422,content_5e5dcd09b74092fe,74.38662025336114,STALE_HIGH_OPPORTUNITY,1477,34.0
5423,content_e7d423d80a7e5935,74.38662025336114,STALE_HIGH_OPPORTUNITY,1477,34.0
5424,content_a0b1dfccc1240551,74.38662025336114,STALE_HIGH_OPPORTUNITY,1477,34.0
5425,content_ba7b0481bbbe9da0,74.38662025336114,STALE_HIGH_OPPORTUNITY,1477,34.0
5426,content_2f6aa10e1baace9d,74.38260742437706,STALE_HIGH_OPPORTUNITY,1476,34.0
5427,content_5ea82e200c8109e9,74.38260742437706,STALE_HIGH_OPPORTUNITY,1476,34.0
5428,content_1d752dfd69fe05f9,74.38260742437706,STALE_HIGH_OPPORTUNITY,1476,34.0
5429,content_e9e885c5e39d702d,74.38260742437706,STALE_HIGH_OPPORTUNITY,1476,34.0
5430,content_87e0e6ab1febf5a3,74.38260742437706,STALE_HIGH_OPPORTUNITY,1476,34.0
5431,content_e828b76a80239a20,74.37901699844392,STALE_HIGH_OPPORTUNITY,1475,34.0
5432,content_141ec345841dc4d9,74.37901699844392,STALE_HIGH_OPPORTUNITY,1475,34.0
5433,content_6ad3f25fd6883203,74.37901699844392,STALE_HIGH_OPPORTUNITY,1475,34.0
5434,content_ffd2a39333e22667,74.37901699844392,STALE_HIGH_OPPORTUNITY,1475,34.0
5435,content_6b021b4f1f63a5f9,74.37901699844392,STALE_HIGH_OPPORTUNITY,1475,34.0
5436,content_34393c82d78fea07,74.3738425610697,STALE_HIGH_OPPORTUNITY,1473,34.0
5437,content_6e4042e1f90d9773,74.3738425610697,STALE_HIGH_OPPORTUNITY,1473,34.0
5438,content_f6b8c3a11ade2d01,74.3738425610697,STALE_HIGH_OPPORTUNITY,1473,34.0
5439,content_7f1b1eeefbe04e49,74.37141374352669,STALE_HIGH_OPPORTUNITY,1472,34.0
5440,content_076fbd894a59a5ff,74.37141374352669,STALE_HIGH_OPPORTUNITY,1472,34.0
5441,content_d07c6df97fdb1899,74.37141374352669,STALE_HIGH_OPPORTUNITY,1472,34.0
5442,content_477571a1108b2458,74.37141374352669,STALE_HIGH_OPPORTUNITY,1472,34.0
5443,content_18a0c5408c600736,74.36845692217,STALE_HIGH_OPPORTUNITY,1471,34.0
5444,content_0c47098aaba23854,74.36845692217,STALE_HIGH_OPPORTUNITY,1471,34.0
5445,content_34453c4c708d95b6,74.36845692217,STALE_HIGH_OPPORTUNITY,1471,34.0
5446,content_1ac5a9b3b8b98fd6,74.36507769776233,STALE_HIGH_OPPORTUNITY,1470,34.0
5447,content_2326190f685d538a,74.36507769776233,STALE_HIGH_OPPORTUNITY,1470,34.0
5448,content_d0f5f0a63d20be4e,74.36507769776233,STALE_HIGH_OPPORTUNITY,1470,34.0
5449,content_e7d8c0a73c28b898,74.36507769776233,STALE_HIGH_OPPORTUNITY,1470,34.0
5450,content_36b58a9bc4864b7d,74.36507769776233,STALE_HIGH_OPPORTUNITY,1470,34.0
5451,content_3408eba73ad695a9,74.36169847335469,STALE_HIGH_OPPORTUNITY,1469,34.0
5452,content_9631aa265a537df8,74.36169847335469,STALE_HIGH_OPPORTUNITY,1469,34.0
5453,content_feb10d5c2c6117d5,74.35916405504895,STALE_HIGH_OPPORTUNITY,1468,34.0
5454,content_4de712f0c2aeb830,74.35916405504895,STALE_HIGH_OPPORTUNITY,1468,34.0
5455,content_ffd9d172f97b3276,74.35652403598047,STALE_HIGH_OPPORTUNITY,1467,34.0
5456,content_befab8af0fc20b0e,74.35652403598047,STALE_HIGH_OPPORTUNITY,1467,34.0
5457,content_18709324938159c4,74.35652403598047,STALE_HIGH_OPPORTUNITY,1467,34.0
5458,content_eb30ca3d268c64cd,74.35652403598047,STALE_HIGH_OPPORTUNITY,1467,34.0
5459,content_d51a84744733278e,74.35367281538652,STALE_HIGH_OPPORTUNITY,1466,34.0
5460,content_3d8a3335286f6f02,74.35367281538652,STALE_HIGH_OPPORTUNITY,1466,34.0
5461,content_f9db981387c1406c,74.35061039326706,STALE_HIGH_OPPORTUNITY,1465,34.0
5462,content_92f9016b36618601,74.35061039326706,STALE_HIGH_OPPORTUNITY,1465,34.0
5463,content_f208b445924f034c,74.35061039326706,STALE_HIGH_OPPORTUNITY,1465,34.0
5464,content_24a975134f485be6,74.35061039326706,STALE_HIGH_OPPORTUNITY,1465,34.0
5465,content_597678394c7c1aaa,74.35061039326706,STALE_HIGH_OPPORTUNITY,1465,34.0
5466,content_d6c1e5dc9f16c4cd,74.34733676962216,STALE_HIGH_OPPORTUNITY,1464,34.0
5467,content_d18079898a9cd929,74.34733676962216,STALE_HIGH_OPPORTUNITY,1464,34.0
5468,content_c65b90c207a01aa0,74.34733676962216,STALE_HIGH_OPPORTUNITY,1464,34.0
5469,content_68411bb9b4f72f40,74.34733676962216,STALE_HIGH_OPPORTUNITY,1464,34.0
5470,content_52eb9751a1824d49,74.34437994826546,STALE_HIGH_OPPORTUNITY,1463,34.0
5471,content_c990482da3ed7a58,74.34437994826546,STALE_HIGH_OPPORTUNITY,1463,34.0
5472,content_158dcd878ddd5429,74.34437994826546,STALE_HIGH_OPPORTUNITY,1463,34.0
5473,content_c9b945aff4edbcb6,74.34163432843422,STALE_HIGH_OPPORTUNITY,1462,34.0
5474,content_08f13bb0258309af,74.34163432843422,STALE_HIGH_OPPORTUNITY,1462,34.0
5475,content_d8525522a5b99bf3,74.34163432843422,STALE_HIGH_OPPORTUNITY,1462,34.0
5476,content_98a995830e7996bc,74.34163432843422,STALE_HIGH_OPPORTUNITY,1462,34.0
5477,content_d28c932b5aceac44,74.33878310784027,STALE_HIGH_OPPORTUNITY,1461,34.0
5478,content_73701a9a43098dc1,74.33878310784027,STALE_HIGH_OPPORTUNITY,1461,34.0
5479,content_3fdfd62ac96e5558,74.33878310784027,STALE_HIGH_OPPORTUNITY,1461,34.0
5480,content_dba27e9210da17a8,74.33529828266988,STALE_HIGH_OPPORTUNITY,1460,34.0
5481,content_9d7aa4859148cbd7,74.3321302597877,STALE_HIGH_OPPORTUNITY,1459,34.0
5482,content_20a8a7d35396e3a6,74.3321302597877,STALE_HIGH_OPPORTUNITY,1459,34.0
5483,content_3ec07b3ac9b81b1d,74.32917343843101,STALE_HIGH_OPPORTUNITY,1458,34.0
5484,content_b043052f360e076b,74.32917343843101,STALE_HIGH_OPPORTUNITY,1458,34.0
5485,content_387f601be90ef475,74.32917343843101,STALE_HIGH_OPPORTUNITY,1458,34.0
5486,content_124a6a37bd89107b,74.32917343843101,STALE_HIGH_OPPORTUNITY,1458,34.0
5487,content_25f28df1dce12d26,74.32642781859978,STALE_HIGH_OPPORTUNITY,1457,34.0
5488,content_231ae91c98caf321,74.32410460181953,STALE_HIGH_OPPORTUNITY,1456,34.0
5489,content_b7d0623f70d6806f,74.32410460181953,STALE_HIGH_OPPORTUNITY,1456,34.0
5490,content_ac8795771237ea1e,74.32410460181953,STALE_HIGH_OPPORTUNITY,1456,34.0
5491,content_14f9f56bda4b328b,74.32410460181953,STALE_HIGH_OPPORTUNITY,1456,34.0
5492,content_db276626bfe65db2,74.32410460181953,STALE_HIGH_OPPORTUNITY,1456,34.0
5493,content_ee51e351b58ac6f4,74.32410460181953,STALE_HIGH_OPPORTUNITY,1456,34.0
5494,content_7002404c1c61880f,74.32410460181953,STALE_HIGH_OPPORTUNITY,1456,34.0
5495,content_4d30f8f5b39ca095,74.32122502087621,STALE_HIGH_OPPORTUNITY,164,60.0
5496,content_2e349b7ed8349ca7,74.32072537741186,STALE_HIGH_OPPORTUNITY,1455,34.0
5497,content_e305558e34e1189f,74.32072537741186,STALE_HIGH_OPPORTUNITY,1455,34.0
5498,content_6ac14a2e74fa1677,74.32072537741186,STALE_HIGH_OPPORTUNITY,1455,34.0
5499,content_f05c74172a58ca1b,74.32072537741186,STALE_HIGH_OPPORTUNITY,1455,34.0
5500,content_19ed0119f20713e1,74.32072537741186,STALE_HIGH_OPPORTUNITY,1455,34.0
5501,content_0de9ef93669cceba,74.32072537741186,STALE_HIGH_OPPORTUNITY,1455,34.0
5502,content_41ca926cc98d2374,74.31903010312169,STALE_HIGH_OPPORTUNITY,128,131.0
5503,content_4688af911886cb64,74.31724055224147,STALE_HIGH_OPPORTUNITY,1454,34.0
5504,content_43cad8981a7b6ac1,74.31724055224147,STALE_HIGH_OPPORTUNITY,1454,34.0
5505,content_3ca4480b02b11d08,74.31523413774943,STALE_HIGH_OPPORTUNITY,1453,34.0
5506,content_a947c7f7b3595089,74.31523413774943,STALE_HIGH_OPPORTUNITY,1453,34.0
5507,content_8c5b1d0976a74b1c,74.31248851791821,STALE_HIGH_OPPORTUNITY,1452,34.0
5508,content_1a7ada0752c410ca,74.31248851791821,STALE_HIGH_OPPORTUNITY,1452,34.0
5509,content_702261ed8c46b257,74.31248851791821,STALE_HIGH_OPPORTUNITY,1452,34.0
5510,content_3642c297020c46c7,74.31248851791821,STALE_HIGH_OPPORTUNITY,1452,34.0
5511,content_bc19763dccac1cce,74.31248851791821,STALE_HIGH_OPPORTUNITY,1452,34.0
5512,content_344a7aece35dfbec,74.31248851791821,STALE_HIGH_OPPORTUNITY,1452,34.0
5513,content_abf7d9582c8d7390,74.31248851791821,STALE_HIGH_OPPORTUNITY,1452,34.0
5514,content_ebab0bfa86ef4345,74.31179879878582,STALE_HIGH_OPPORTUNITY,142,81.0
5515,content_4e8abb792471593a,74.30858128969686,STALE_HIGH_OPPORTUNITY,1451,34.0
5516,content_c855d4b631f7afc8,74.30858128969686,STALE_HIGH_OPPORTUNITY,1451,34.0
5517,content_406489ce4850e0ed,74.30858128969686,STALE_HIGH_OPPORTUNITY,1451,34.0
5518,content_c5afcab91017cc55,74.30858128969686,STALE_HIGH_OPPORTUNITY,1451,34.0
5519,content_d445695c827bdbe0,74.30858128969686,STALE_HIGH_OPPORTUNITY,1451,34.0
5520,content_a6f9f9df61a6dcd7,74.30691711052948,STALE_HIGH_OPPORTUNITY,135,113.0
5521,content_d3bc3abbf6b46afe,74.30509646452646,STALE_HIGH_OPPORTUNITY,1450,34.0
5522,content_7dff8eae18a9a29f,74.30509646452646,STALE_HIGH_OPPORTUNITY,1450,34.0
5523,content_09c11688a55dc6a9,74.30509646452646,STALE_HIGH_OPPORTUNITY,1450,34.0
5524,content_e002c4139eef1b70,74.30182284088156,STALE_HIGH_OPPORTUNITY,1449,34.0
5525,content_b60f07578c351b40,74.30182284088156,STALE_HIGH_OPPORTUNITY,1449,34.0
5526,content_3856d7e6acf2a5f1,74.30182284088156,STALE_HIGH_OPPORTUNITY,1449,34.0
5527,content_1c06c077e84e0f2d,74.30182284088156,STALE_HIGH_OPPORTUNITY,1449,34.0
5528,content_7649612dacc4897b,74.29770441113472,STALE_HIGH_OPPORTUNITY,1448,34.0
5529,content_a628544c06b8e9eb,74.29770441113472,STALE_HIGH_OPPORTUNITY,1448,34.0
5530,content_445117daed0b5b85,74.29770441113472,STALE_HIGH_OPPORTUNITY,1448,34.0
5531,content_1dc760d180e333f6,74.29770441113472,STALE_HIGH_OPPORTUNITY,1448,34.0
5532,content_f95e707a1eaec12f,74.29432518672706,STALE_HIGH_OPPORTUNITY,1447,34.0
5533,content_1e42d2aad2c1757e,74.29189636918406,STALE_HIGH_OPPORTUNITY,1446,34.0
5534,content_6be495ea533dedf6,74.29189636918406,STALE_HIGH_OPPORTUNITY,1446,34.0
5535,content_6c5271a830658293,74.29189636918406,STALE_HIGH_OPPORTUNITY,1446,34.0
5536,content_3284438754590670,74.28862274553916,STALE_HIGH_OPPORTUNITY,1445,34.0
5537,content_edc94713000ca0aa,74.28862274553916,STALE_HIGH_OPPORTUNITY,1445,34.0
5538,content_6e715f54257a76d3,74.28862274553916,STALE_HIGH_OPPORTUNITY,1445,34.0
5539,content_394cb82167f0eeca,74.28566592418244,STALE_HIGH_OPPORTUNITY,1444,34.0
5540,content_fa6299841313cfcd,74.28566592418244,STALE_HIGH_OPPORTUNITY,1444,34.0
5541,content_3769b44fd24a33a3,74.28566592418244,STALE_HIGH_OPPORTUNITY,1444,34.0
5542,content_d5c2a719673099a7,74.28566592418244,STALE_HIGH_OPPORTUNITY,1444,34.0
5543,content_fcf3c495af11a0ff,74.28334270740217,STALE_HIGH_OPPORTUNITY,1443,34.0
5544,content_666c0a4e07fe8462,74.28228103768845,STALE_HIGH_OPPORTUNITY,127,131.0
5545,content_18ebeda320922ee3,74.2798578822318,STALE_HIGH_OPPORTUNITY,1442,34.0
5546,content_a216f6e81d1d31cb,74.2798578822318,STALE_HIGH_OPPORTUNITY,1442,34.0
5547,content_fda2124e09d0493a,74.2798578822318,STALE_HIGH_OPPORTUNITY,1442,34.0
5548,content_34682bd199476efa,74.2798578822318,STALE_HIGH_OPPORTUNITY,1442,34.0
5549,content_10f2c376b5d81d32,74.2798578822318,STALE_HIGH_OPPORTUNITY,1442,34.0
5550,content_07eea45920108f09,74.2798578822318,STALE_HIGH_OPPORTUNITY,1442,34.0
5551,content_8c97ebcd9d4cce43,74.2798578822318,STALE_HIGH_OPPORTUNITY,1442,34.0
5552,content_1faf01fe1aeff041,74.275317049434,STALE_HIGH_OPPORTUNITY,1441,34.0
5553,content_0fe88212eeb48d0e,74.275317049434,STALE_HIGH_OPPORTUNITY,1441,34.0
5554,content_5990be6f6eaf914b,74.275317049434,STALE_HIGH_OPPORTUNITY,1441,34.0
5555,content_12d3a951d69c9520,74.275317049434,STALE_HIGH_OPPORTUNITY,1441,34.0
5556,content_05b67fadd1fc60c8,74.275317049434,STALE_HIGH_OPPORTUNITY,1441,34.0
5557,content_fda36e690b53a1d0,74.27193782502636,STALE_HIGH_OPPORTUNITY,1440,34.0
5558,content_a166e5168e766743,74.27193782502636,STALE_HIGH_OPPORTUNITY,1440,34.0
5559,content_4f3d897980dfb037,74.26876980214418,STALE_HIGH_OPPORTUNITY,1439,34.0
5560,content_965ecf3b384f5a69,74.26876980214418,STALE_HIGH_OPPORTUNITY,1439,34.0
5561,content_37ce2eda0de1da09,74.26876980214418,STALE_HIGH_OPPORTUNITY,1439,34.0
5562,content_028984db39c802ae,74.26876980214418,STALE_HIGH_OPPORTUNITY,1439,34.0
5563,content_2c12c0ac37d5a513,74.26876980214418,STALE_HIGH_OPPORTUNITY,1439,34.0
5564,content_56b3620b1ea4b42a,74.26517937621104,STALE_HIGH_OPPORTUNITY,1438,34.0
5565,content_e508fddd8f49fd46,74.26517937621104,STALE_HIGH_OPPORTUNITY,1438,34.0
5566,content_8234df43575720bb,74.26517937621104,STALE_HIGH_OPPORTUNITY,1438,34.0
5567,content_baefaf6bc8b01897,74.26517937621104,STALE_HIGH_OPPORTUNITY,1438,34.0
5568,content_58ebdac0960c8c8b,74.26137774875242,STALE_HIGH_OPPORTUNITY,1437,34.0
5569,content_59234653b912e548,74.26137774875242,STALE_HIGH_OPPORTUNITY,1437,34.0
5570,content_97a6255ae09a6c9c,74.26137774875242,STALE_HIGH_OPPORTUNITY,1437,34.0
5571,content_91171107fc852f64,74.26137774875242,STALE_HIGH_OPPORTUNITY,1437,34.0
5572,content_4369ffd46166b3e0,74.25715371824285,STALE_HIGH_OPPORTUNITY,1436,34.0
5573,content_d27e34b9e00af47f,74.25715371824285,STALE_HIGH_OPPORTUNITY,1436,34.0
5574,content_79f81db2d53ee717,74.25715371824285,STALE_HIGH_OPPORTUNITY,1436,34.0
5575,content_63e651cd307f84fe,74.25324649002151,STALE_HIGH_OPPORTUNITY,1435,34.0
5576,content_030c2b9dd7069c46,74.25324649002151,STALE_HIGH_OPPORTUNITY,1435,34.0
5577,content_89227c65af5a7d8b,74.25324649002151,STALE_HIGH_OPPORTUNITY,1435,34.0
5578,content_3cbdb58f20876a56,74.25324649002151,STALE_HIGH_OPPORTUNITY,1435,34.0
5579,content_b33f89415730e650,74.24976166485112,STALE_HIGH_OPPORTUNITY,1434,34.0
5580,content_f11cf5b5dfede22a,74.24976166485112,STALE_HIGH_OPPORTUNITY,1434,34.0
5581,content_44ba5c3daec89d0b,74.24976166485112,STALE_HIGH_OPPORTUNITY,1434,34.0
5582,content_d0a31c1f45007fa5,74.24976166485112,STALE_HIGH_OPPORTUNITY,1434,34.0
5583,content_72e556b597ccb43a,74.24976166485112,STALE_HIGH_OPPORTUNITY,1434,34.0
5584,content_612e8288ef2f8df1,74.24976166485112,STALE_HIGH_OPPORTUNITY,1434,34.0
5585,content_ea45e3c3de1c5c7c,74.24976166485112,STALE_HIGH_OPPORTUNITY,1434,34.0
5586,content_6d8ff2de531ad2bf,74.24627683968072,STALE_HIGH_OPPORTUNITY,1433,34.0
5587,content_4362f72d7e9346e1,74.24627683968072,STALE_HIGH_OPPORTUNITY,1433,34.0
5588,content_ec1b559d1ff9e36a,74.24627683968072,STALE_HIGH_OPPORTUNITY,1433,34.0
5589,content_e2b552a5cc911e8b,74.24342561908676,STALE_HIGH_OPPORTUNITY,1432,34.0
5590,content_52470843f56fde77,74.24342561908676,STALE_HIGH_OPPORTUNITY,1432,34.0
5591,content_c19d04a829fb570b,74.24268075166125,STALE_HIGH_OPPORTUNITY,126,131.0
5592,content_606e7469db559708,74.24099680154376,STALE_HIGH_OPPORTUNITY,1431,34.0
5593,content_fafcd40746098e33,74.23825118171254,STALE_HIGH_OPPORTUNITY,1430,34.0
5594,content_09b6b3d48d04f57c,74.23825118171254,STALE_HIGH_OPPORTUNITY,1430,34.0
5595,content_efb977edd5685967,74.23825118171254,STALE_HIGH_OPPORTUNITY,1430,34.0
5596,content_d3dc670c96889d74,74.23825118171254,STALE_HIGH_OPPORTUNITY,1430,34.0
5597,content_2e97aee08cdf3db8,74.23825118171254,STALE_HIGH_OPPORTUNITY,1430,34.0
5598,content_38e525663e068053,74.23476635654214,STALE_HIGH_OPPORTUNITY,1429,34.0
5599,content_0553bba0136f44e8,74.23476635654214,STALE_HIGH_OPPORTUNITY,1429,34.0
5600,content_26e41171b6f8f5e9,74.23476635654214,STALE_HIGH_OPPORTUNITY,1429,34.0
5601,content_0ce956116eaaeeb9,74.23476635654214,STALE_HIGH_OPPORTUNITY,1429,34.0
5602,content_236ff105e08fcfe0,74.23085912832079,STALE_HIGH_OPPORTUNITY,1428,34.0
5603,content_a67c124981d9521c,74.23085912832079,STALE_HIGH_OPPORTUNITY,1428,34.0
5604,content_4b5dbeb172ac119e,74.23085912832079,STALE_HIGH_OPPORTUNITY,1428,34.0
5605,content_b6955955b0fde31e,74.22811350848957,STALE_HIGH_OPPORTUNITY,1427,34.0
5606,content_d37b25d2d4a9907f,74.22557909018383,STALE_HIGH_OPPORTUNITY,1426,34.0
5607,content_6cd059535d1bda17,74.22557909018383,STALE_HIGH_OPPORTUNITY,1426,34.0
5608,content_5d1053488a5f0394,74.22262226882714,STALE_HIGH_OPPORTUNITY,1425,34.0
5609,content_d91fc22108ce3e85,74.22262226882714,STALE_HIGH_OPPORTUNITY,1425,34.0
5610,content_17838ee8d967ec24,74.22262226882714,STALE_HIGH_OPPORTUNITY,1425,34.0
5611,content_4741973c0f7f87d3,74.22262226882714,STALE_HIGH_OPPORTUNITY,1425,34.0
5612,content_40e28f4b41764012,74.21998224975864,STALE_HIGH_OPPORTUNITY,1424,34.0
5613,content_8486b4689814c0a9,74.21998224975864,STALE_HIGH_OPPORTUNITY,1424,34.0
5614,content_f5de7dc775a1a70c,74.21998224975864,STALE_HIGH_OPPORTUNITY,1424,34.0
5615,content_790002ed225cff7a,74.21998224975864,STALE_HIGH_OPPORTUNITY,1424,34.0
5616,content_8244cdb7618596d6,74.21723662992743,STALE_HIGH_OPPORTUNITY,1423,34.0
5617,content_1a38d329c5af46e2,74.21723662992743,STALE_HIGH_OPPORTUNITY,1423,34.0
5618,content_addd5509806c97cd,74.21438540933346,STALE_HIGH_OPPORTUNITY,1422,34.0
5619,content_57b8b86d3ea0104d,74.21438540933346,STALE_HIGH_OPPORTUNITY,1422,34.0
5620,content_27d169427089459f,74.21438540933346,STALE_HIGH_OPPORTUNITY,1422,34.0
5621,content_a3cafacb42f15a9f,74.21111178568856,STALE_HIGH_OPPORTUNITY,1421,34.0
5622,content_525e732dee2260ee,74.21111178568856,STALE_HIGH_OPPORTUNITY,1421,34.0
5623,content_2ba9f4a22382eae8,74.21111178568856,STALE_HIGH_OPPORTUNITY,1421,34.0
5624,content_05031849cbb0cbb0,74.21111178568856,STALE_HIGH_OPPORTUNITY,1421,34.0
5625,content_64ef186b5f9c2fb9,74.21111178568856,STALE_HIGH_OPPORTUNITY,1421,34.0
5626,content_6cc48b2dc14c4ee9,74.20783816204364,STALE_HIGH_OPPORTUNITY,1420,34.0
5627,content_92f9db8cb8315f0a,74.20783816204364,STALE_HIGH_OPPORTUNITY,1420,34.0
5628,content_5c9322dc4139a38c,74.20783816204364,STALE_HIGH_OPPORTUNITY,1420,34.0
5629,content_ddb5f5bcf1950726,74.20519814297515,STALE_HIGH_OPPORTUNITY,1419,34.0
5630,content_f859d38b39b25f25,74.20519814297515,STALE_HIGH_OPPORTUNITY,1419,34.0
5631,content_c084b748764a6ff6,74.20519814297515,STALE_HIGH_OPPORTUNITY,1419,34.0
5632,content_44a2e87fef2c5532,74.20519814297515,STALE_HIGH_OPPORTUNITY,1419,34.0
5633,content_db4e2ae42e2aa6f5,74.20245252314393,STALE_HIGH_OPPORTUNITY,1418,34.0
5634,content_0b54a9129aa7e8f0,74.20245252314393,STALE_HIGH_OPPORTUNITY,1418,34.0
5635,content_fe7fd7600e242f90,74.20170765571842,STALE_HIGH_OPPORTUNITY,125,131.0
5636,content_be9944c0762128de,74.19907329873628,STALE_HIGH_OPPORTUNITY,1417,34.0
5637,content_398c98a9706d907d,74.19907329873628,STALE_HIGH_OPPORTUNITY,1417,34.0
5638,content_a453211e7bdbcd26,74.19907329873628,STALE_HIGH_OPPORTUNITY,1417,34.0
5639,content_184e63a0548c1481,74.19907329873628,STALE_HIGH_OPPORTUNITY,1417,34.0
5640,content_5ffd7a452c9b3e3f,74.19907329873628,STALE_HIGH_OPPORTUNITY,1417,34.0
5641,content_fba7105240b97720,74.19907329873628,STALE_HIGH_OPPORTUNITY,1417,34.0
5642,content_d90840b0290e048f,74.19907329873628,STALE_HIGH_OPPORTUNITY,1417,34.0
5643,content_67104982d3c97d8f,74.19548287280315,STALE_HIGH_OPPORTUNITY,1416,34.0
5644,content_3fb26a1ab4bb737a,74.19548287280315,STALE_HIGH_OPPORTUNITY,1416,34.0
5645,content_0fbe6806f880ca3d,74.19548287280315,STALE_HIGH_OPPORTUNITY,1416,34.0
5646,content_278c2518b60c7729,74.19136444305632,STALE_HIGH_OPPORTUNITY,1415,34.0
5647,content_9c198fc26c589aba,74.19136444305632,STALE_HIGH_OPPORTUNITY,1415,34.0
5648,content_8979ee5d49125f7a,74.19136444305632,STALE_HIGH_OPPORTUNITY,1415,34.0
5649,content_a3df96f52648e9f7,74.19136444305632,STALE_HIGH_OPPORTUNITY,1415,34.0
5650,content_d2551057858826d7,74.19136444305632,STALE_HIGH_OPPORTUNITY,1415,34.0
5651,content_760de2f3ddfb8e59,74.19136444305632,STALE_HIGH_OPPORTUNITY,1415,34.0
5652,content_286e53c1c4fc5d10,74.19136444305632,STALE_HIGH_OPPORTUNITY,1415,34.0
5653,content_21a3999d1d44efb2,74.18724601330949,STALE_HIGH_OPPORTUNITY,1414,34.0
5654,content_0dab1e55e37f936c,74.18724601330949,STALE_HIGH_OPPORTUNITY,1414,34.0
5655,content_7d9bc4f0317d897b,74.18724601330949,STALE_HIGH_OPPORTUNITY,1414,34.0
5656,content_c9294e0150f320eb,74.18418359119005,STALE_HIGH_OPPORTUNITY,1413,34.0
5657,content_7a35251c94af0283,74.18418359119005,STALE_HIGH_OPPORTUNITY,1413,34.0
5658,content_ecf209cb0e678d64,74.18418359119005,STALE_HIGH_OPPORTUNITY,1413,34.0
5659,content_1e5d73c45cc5a51b,74.18175477364704,STALE_HIGH_OPPORTUNITY,1412,34.0
5660,content_5e57d2470fe12fd5,74.17869235152762,STALE_HIGH_OPPORTUNITY,1411,34.0
5661,content_6e7c4437a8ef69d5,74.17869235152762,STALE_HIGH_OPPORTUNITY,1411,34.0
5662,content_3659e8a86f8dcc03,74.17869235152762,STALE_HIGH_OPPORTUNITY,1411,34.0
5663,content_e781e79b16a3bf1b,74.17869235152762,STALE_HIGH_OPPORTUNITY,1411,34.0
5664,content_e19d728e3ecd5f00,74.17869235152762,STALE_HIGH_OPPORTUNITY,1411,34.0
5665,content_51e9d8d7ba77d4ec,74.17494021027579,STALE_HIGH_OPPORTUNITY,138,81.0
5666,content_12d4e2a69392c9ff,74.17494021027579,STALE_HIGH_OPPORTUNITY,138,81.0
5667,content_9d46fab2d604635d,74.17467952254353,STALE_HIGH_OPPORTUNITY,1410,34.0
5668,content_5c8e0e9a8df95b30,74.17467952254353,STALE_HIGH_OPPORTUNITY,1410,34.0
5669,content_76cd7b6ecc76e433,74.17467952254353,STALE_HIGH_OPPORTUNITY,1410,34.0
5670,content_d960e25b1b4a475c,74.17467952254353,STALE_HIGH_OPPORTUNITY,1410,34.0
5671,content_fc68c6d1870a8caa,74.17467952254353,STALE_HIGH_OPPORTUNITY,1410,34.0
5672,content_1ff610105cc6c004,74.17467952254353,STALE_HIGH_OPPORTUNITY,1410,34.0
5673,content_fa0868401e8db3bd,74.17467952254353,STALE_HIGH_OPPORTUNITY,1410,34.0
5674,content_4eb755889b07d92c,74.17467952254353,STALE_HIGH_OPPORTUNITY,1410,34.0
5675,content_73dcf0876af6435a,74.17087789508491,STALE_HIGH_OPPORTUNITY,1409,34.0
5676,content_b996dde9dc9c6420,74.17087789508491,STALE_HIGH_OPPORTUNITY,1409,34.0
5677,content_d3b646f0927837a9,74.17087789508491,STALE_HIGH_OPPORTUNITY,1409,34.0
5678,content_a96bb355527e55e5,74.17087789508491,STALE_HIGH_OPPORTUNITY,1409,34.0
5679,content_00dbc41a428d774a,74.17087789508491,STALE_HIGH_OPPORTUNITY,1409,34.0
5680,content_29e082e6f25bd9c1,74.16781547296547,STALE_HIGH_OPPORTUNITY,1408,34.0
5681,content_f6b5bb4d6ef11965,74.16781547296547,STALE_HIGH_OPPORTUNITY,1408,34.0
5682,content_214829cf08681249,74.16554458769734,STALE_HIGH_OPPORTUNITY,161,58.0
5683,content_9c9cb7fb3d91538a,74.16517545389699,STALE_HIGH_OPPORTUNITY,1407,34.0
5684,content_9000ed744185c3af,74.16517545389699,STALE_HIGH_OPPORTUNITY,1407,34.0
5685,content_ac5bd5f94d7f7fc0,74.16210736969121,STALE_HIGH_OPPORTUNITY,124,131.0
5686,content_c9a7f496167aa976,74.16158502796387,STALE_HIGH_OPPORTUNITY,1406,34.0
5687,content_5d81736ef7aeb0d7,74.16158502796387,STALE_HIGH_OPPORTUNITY,1406,34.0
5688,content_d2766e993862210f,74.16158502796387,STALE_HIGH_OPPORTUNITY,1406,34.0
5689,content_ccbb8a0e5ed4738a,74.16158502796387,STALE_HIGH_OPPORTUNITY,1406,34.0
5690,content_57b6bab680236721,74.16130865183115,STALE_HIGH_OPPORTUNITY,93,141.0
5691,content_362ee4d7b1e82c15,74.15810020279346,STALE_HIGH_OPPORTUNITY,1405,34.0
5692,content_c73abcc08e2dfea1,74.15810020279346,STALE_HIGH_OPPORTUNITY,1405,34.0
5693,content_8c7670cecdbf8b81,74.15810020279346,STALE_HIGH_OPPORTUNITY,1405,34.0
5694,content_ed6b8238fc16ff2b,74.15810020279346,STALE_HIGH_OPPORTUNITY,1405,34.0
5695,content_a6262cb7be8a9aeb,74.15775967536511,STALE_HIGH_OPPORTUNITY,77,158.0
5696,content_052afcc96b9f6807,74.15493217991128,STALE_HIGH_OPPORTUNITY,1404,34.0
5697,content_ae9240c88f4a032b,74.15493217991128,STALE_HIGH_OPPORTUNITY,1404,34.0
5698,content_f380474d30b612b2,74.15493217991128,STALE_HIGH_OPPORTUNITY,1404,34.0
5699,content_b02a0a6599b9d99d,74.15091935092721,STALE_HIGH_OPPORTUNITY,1403,34.0
5700,content_03804d6fa931d1b7,74.15091935092721,STALE_HIGH_OPPORTUNITY,1403,34.0
5701,content_3e7dfa7da2ced8de,74.15091935092721,STALE_HIGH_OPPORTUNITY,1403,34.0
5702,content_cdbbe38980695f5c,74.15091935092721,STALE_HIGH_OPPORTUNITY,1403,34.0
5703,content_e5b87303deb95692,74.15091935092721,STALE_HIGH_OPPORTUNITY,1403,34.0
5704,content_a74af2354d83fb2a,74.15048343089305,STALE_HIGH_OPPORTUNITY,163,56.0
5705,content_2fe2be98978d1a6f,74.14648411889215,STALE_HIGH_OPPORTUNITY,1402,34.0
5706,content_0080084a804f2204,74.14648411889215,STALE_HIGH_OPPORTUNITY,1402,34.0
5707,content_28f95ef5d230bda5,74.14648411889215,STALE_HIGH_OPPORTUNITY,1402,34.0
5708,content_7292af5ee9096ce1,74.14648411889215,STALE_HIGH_OPPORTUNITY,1402,34.0
5709,content_f67d822efb8019f6,74.14648411889215,STALE_HIGH_OPPORTUNITY,1402,34.0
5710,content_690d9a9ec8620926,74.14648411889215,STALE_HIGH_OPPORTUNITY,1402,34.0
5711,content_33e7e87aa523d5d2,74.14648411889215,STALE_HIGH_OPPORTUNITY,1402,34.0
5712,content_4245cf9c7d882cde,74.14236568914532,STALE_HIGH_OPPORTUNITY,1401,34.0
5713,content_ac83d16182347a58,74.14236568914532,STALE_HIGH_OPPORTUNITY,1401,34.0
5714,content_b68a8cee16529570,74.14236568914532,STALE_HIGH_OPPORTUNITY,1401,34.0
5715,content_e60c0a535ac9988c,74.14236568914532,STALE_HIGH_OPPORTUNITY,1401,34.0
5716,content_803ed6a83f9a1d47,74.13835286016123,STALE_HIGH_OPPORTUNITY,1400,34.0
5717,content_a1e18d02a29781e3,74.13835286016123,STALE_HIGH_OPPORTUNITY,1400,34.0
5718,content_8179ac65bb616505,74.13497363575358,STALE_HIGH_OPPORTUNITY,1399,34.0
5719,content_531d7a90f2d84967,74.13497363575358,STALE_HIGH_OPPORTUNITY,1399,34.0
5720,content_b240df95871b6ad9,74.13497363575358,STALE_HIGH_OPPORTUNITY,1399,34.0
5721,content_b2c9ee6a11edcf9d,74.13243921744782,STALE_HIGH_OPPORTUNITY,1398,34.0
5722,content_100ab965305539de,74.12958799685387,STALE_HIGH_OPPORTUNITY,1397,34.0
5723,content_9ebd49639ee7d9cd,74.12958799685387,STALE_HIGH_OPPORTUNITY,1397,34.0
5724,content_c6d4b8d73c8bcd66,74.12958799685387,STALE_HIGH_OPPORTUNITY,1397,34.0
5725,content_51a38a3475fdf256,74.12958799685387,STALE_HIGH_OPPORTUNITY,1397,34.0
5726,content_40ac26f608af4822,74.12958799685387,STALE_HIGH_OPPORTUNITY,1397,34.0
5727,content_9749c90a69f9e4fb,74.12610317168348,STALE_HIGH_OPPORTUNITY,1396,34.0
5728,content_01c03597f101da7f,74.12610317168348,STALE_HIGH_OPPORTUNITY,1396,34.0
5729,content_9e3050dcad147327,74.12610317168348,STALE_HIGH_OPPORTUNITY,1396,34.0
5730,content_4b7e08b3413d8260,74.12610317168348,STALE_HIGH_OPPORTUNITY,1396,34.0
5731,content_2da1b7b8a22adc6a,74.12610317168348,STALE_HIGH_OPPORTUNITY,1396,34.0
5732,content_f73240dacb462f7b,74.12251274575036,STALE_HIGH_OPPORTUNITY,1395,34.0
5733,content_cea88a1f88ca0be5,74.12251274575036,STALE_HIGH_OPPORTUNITY,1395,34.0
5734,content_32301482dc76b75e,74.12251274575036,STALE_HIGH_OPPORTUNITY,1395,34.0
5735,content_5b5074bc679d74fc,74.12039506840922,STALE_HIGH_OPPORTUNITY,123,131.0
5736,content_0f89159d4a66c5a0,74.12039506840922,STALE_HIGH_OPPORTUNITY,123,131.0
5737,content_893ca5718094b437,74.11945032363091,STALE_HIGH_OPPORTUNITY,1394,34.0
5738,content_4506417c1a93fc83,74.11945032363091,STALE_HIGH_OPPORTUNITY,1394,34.0
5739,content_2885943f311844ea,74.11638790151147,STALE_HIGH_OPPORTUNITY,1393,34.0
5740,content_515aabbbd8ca1155,74.11638790151147,STALE_HIGH_OPPORTUNITY,1393,34.0
5741,content_6acb6bfbee4e369e,74.11638790151147,STALE_HIGH_OPPORTUNITY,1393,34.0
5742,content_c1afaac93fe61c91,74.11353668091752,STALE_HIGH_OPPORTUNITY,1392,34.0
5743,content_e7a1adf5d2628fc0,74.11121346413725,STALE_HIGH_OPPORTUNITY,1391,34.0
5744,content_9a02a8514a69d8fa,74.11121346413725,STALE_HIGH_OPPORTUNITY,1391,34.0
5745,content_09e98687ce9143cb,74.10809492746185,STALE_HIGH_OPPORTUNITY,136,81.0
5746,content_7d1a2eb822cdfece,74.10804544125507,STALE_HIGH_OPPORTUNITY,1390,34.0
5747,content_9d123266a871d2d9,74.10804544125507,STALE_HIGH_OPPORTUNITY,1390,34.0
5748,content_8a4c92e5511f8856,74.10804544125507,STALE_HIGH_OPPORTUNITY,1390,34.0
5749,content_9b2cabc20a857373,74.10804544125507,STALE_HIGH_OPPORTUNITY,1390,34.0
5750,content_5e5944287c5d3dec,74.10804544125507,STALE_HIGH_OPPORTUNITY,1390,34.0
5751,content_643ea71c4de931ce,74.10804544125507,STALE_HIGH_OPPORTUNITY,1390,34.0
5752,content_5e1d6af27d226eea,74.1043494145592,STALE_HIGH_OPPORTUNITY,1389,34.0
5753,content_73ccf724287af473,74.1043494145592,STALE_HIGH_OPPORTUNITY,1389,34.0
5754,content_c393f80a24c71e2c,74.1043494145592,STALE_HIGH_OPPORTUNITY,1389,34.0
5755,content_493ed9ab7b8cf802,74.1043494145592,STALE_HIGH_OPPORTUNITY,1389,34.0
5756,content_3bd207067c17ea23,74.10097019015154,STALE_HIGH_OPPORTUNITY,1388,34.0
5757,content_009b364ee6bd865f,74.09748536498115,STALE_HIGH_OPPORTUNITY,1387,34.0
5758,content_10165cf3e12f3054,74.09748536498115,STALE_HIGH_OPPORTUNITY,1387,34.0
5759,content_6a2f4fbb93961a2f,74.0941061405735,STALE_HIGH_OPPORTUNITY,1386,34.0
5760,content_e30d0b902b8c4a07,74.0941061405735,STALE_HIGH_OPPORTUNITY,1386,34.0
5761,content_3a3a64a747fb58a4,74.0941061405735,STALE_HIGH_OPPORTUNITY,1386,34.0
5762,content_52cf2a8a3c890718,74.0941061405735,STALE_HIGH_OPPORTUNITY,1386,34.0
5763,content_8aa3640d63ba566e,74.0941061405735,STALE_HIGH_OPPORTUNITY,1386,34.0
5764,content_21d42a6526d3dd27,74.0911493192168,STALE_HIGH_OPPORTUNITY,1385,34.0
5765,content_53a510cfd87971de,74.0911493192168,STALE_HIGH_OPPORTUNITY,1385,34.0
5766,content_8a81cbd0e5b9d40e,74.08808689709736,STALE_HIGH_OPPORTUNITY,1384,34.0
5767,content_ad1062487c02bbc0,74.08808689709736,STALE_HIGH_OPPORTUNITY,1384,34.0
5768,content_131c8f5c8990aed8,74.08808689709736,STALE_HIGH_OPPORTUNITY,1384,34.0
5769,content_4bef79e83dd7175d,74.08502447497793,STALE_HIGH_OPPORTUNITY,1383,34.0
5770,content_e75291ef48bd7ab3,74.08164525057026,STALE_HIGH_OPPORTUNITY,1382,34.0
5771,content_f348cd2bed1edad0,74.08164525057026,STALE_HIGH_OPPORTUNITY,1382,34.0
5772,content_c76b29c548a89c5b,74.08164525057026,STALE_HIGH_OPPORTUNITY,1382,34.0
5773,content_468cf8de0311e42f,74.08118322717709,STALE_HIGH_OPPORTUNITY,45,243.0
5774,content_befbccb1b7f8cb8d,74.07805482463714,STALE_HIGH_OPPORTUNITY,1381,34.0
5775,content_f00d715bea9bd8b9,74.07805482463714,STALE_HIGH_OPPORTUNITY,1381,34.0
5776,content_2060fe8419bf5948,74.07805482463714,STALE_HIGH_OPPORTUNITY,1381,34.0
5777,content_e3b02791b055f8ea,74.07805482463714,STALE_HIGH_OPPORTUNITY,1381,34.0
5778,content_004de95bef2ca1e9,74.07805482463714,STALE_HIGH_OPPORTUNITY,1381,34.0
5779,content_9a8d489078dfbf9d,74.07640271484148,STALE_HIGH_OPPORTUNITY,166,36.0
5780,content_9cc61dbd146075f6,74.07467560022948,STALE_HIGH_OPPORTUNITY,1380,34.0
5781,content_1af3784b2f88796e,74.07467560022948,STALE_HIGH_OPPORTUNITY,1380,34.0
5782,content_227ccf90211322a7,74.07467560022948,STALE_HIGH_OPPORTUNITY,1380,34.0
5783,content_f50e48612eea297d,74.07467560022948,STALE_HIGH_OPPORTUNITY,1380,34.0
5784,content_1d68f096ca53d6e6,74.07467560022948,STALE_HIGH_OPPORTUNITY,1380,34.0
5785,content_7bb28c87963210f2,74.07467560022948,STALE_HIGH_OPPORTUNITY,1380,34.0
5786,content_7b7b832e2019c143,74.07467560022948,STALE_HIGH_OPPORTUNITY,1380,34.0
5787,content_adf5cbbdbe0d9fc7,74.07150757734729,STALE_HIGH_OPPORTUNITY,1379,34.0
5788,content_7868a79808a85a54,74.07150757734729,STALE_HIGH_OPPORTUNITY,1379,34.0
5789,content_b35907f9656a2cd6,74.07150757734729,STALE_HIGH_OPPORTUNITY,1379,34.0
5790,content_039a83cf5a828866,74.06844515522786,STALE_HIGH_OPPORTUNITY,1378,34.0
5791,content_2d07d39b56cb211d,74.06844515522786,STALE_HIGH_OPPORTUNITY,1378,34.0
5792,content_ba4d3c91d7b779bf,74.06844515522786,STALE_HIGH_OPPORTUNITY,1378,34.0
5793,content_662c2343ab1f3868,74.06844515522786,STALE_HIGH_OPPORTUNITY,1378,34.0
5794,content_01d38b96d30453a1,74.06496033005746,STALE_HIGH_OPPORTUNITY,1377,34.0
5795,content_fcbd2803bbd3a692,74.06496033005746,STALE_HIGH_OPPORTUNITY,1377,34.0
5796,content_267c5c5cbcbb1e4e,74.06496033005746,STALE_HIGH_OPPORTUNITY,1377,34.0
5797,content_61dc41be911f768b,74.06496033005746,STALE_HIGH_OPPORTUNITY,1377,34.0
5798,content_f1df6cd16dd53114,74.06496033005746,STALE_HIGH_OPPORTUNITY,1377,34.0
5799,content_d8d8f2a19a1da734,74.06496033005746,STALE_HIGH_OPPORTUNITY,1377,34.0
5800,content_521140241d71b4a4,74.06105310183612,STALE_HIGH_OPPORTUNITY,1376,34.0
5801,content_b9718e83c48ae39e,74.06105310183612,STALE_HIGH_OPPORTUNITY,1376,34.0
5802,content_4d46bf372ed74147,74.06105310183612,STALE_HIGH_OPPORTUNITY,1376,34.0
5803,content_24ef86fa6cb8110e,74.06105310183612,STALE_HIGH_OPPORTUNITY,1376,34.0
5804,content_3d26a379c2d42c9b,74.06105310183612,STALE_HIGH_OPPORTUNITY,1376,34.0
5805,content_b3a356b1d6d1f48d,74.05651226903834,STALE_HIGH_OPPORTUNITY,1375,34.0
5806,content_baa580989e9f0439,74.05651226903834,STALE_HIGH_OPPORTUNITY,1375,34.0
5807,content_8b69988f30891380,74.05651226903834,STALE_HIGH_OPPORTUNITY,1375,34.0
5808,content_7e7590cb2ea77ca2,74.0529218431052,STALE_HIGH_OPPORTUNITY,1374,34.0
5809,content_4133c553537a5a83,74.05007062251124,STALE_HIGH_OPPORTUNITY,1373,34.0
5810,content_83e5604527aad894,74.05007062251124,STALE_HIGH_OPPORTUNITY,1373,34.0
5811,content_be7fb3aa8014a33e,74.05007062251124,STALE_HIGH_OPPORTUNITY,1373,34.0
5812,content_f060acffe93d4e0a,74.04669139810358,STALE_HIGH_OPPORTUNITY,1372,34.0
5813,content_3d8ceb47e701b9fb,74.04669139810358,STALE_HIGH_OPPORTUNITY,1372,34.0
5814,content_8d78abd1122ab73b,74.04669139810358,STALE_HIGH_OPPORTUNITY,1372,34.0
5815,content_bd3c30555a4ee809,74.04310097217045,STALE_HIGH_OPPORTUNITY,1371,34.0
5816,content_1b46a35517d94c01,74.04310097217045,STALE_HIGH_OPPORTUNITY,1371,34.0
5817,content_021d01076cfdb9b2,74.04310097217045,STALE_HIGH_OPPORTUNITY,1371,34.0
5818,content_d06ef417d401bd41,74.04310097217045,STALE_HIGH_OPPORTUNITY,1371,34.0
5819,content_f3b919107d193a67,74.04310097217045,STALE_HIGH_OPPORTUNITY,1371,34.0
5820,content_ed10b1624263f23f,74.04024975157648,STALE_HIGH_OPPORTUNITY,1370,34.0
5821,content_7e28e26b27fd540e,74.03803213555898,STALE_HIGH_OPPORTUNITY,1369,34.0
5822,content_9cc4fb8532831359,74.03803213555898,STALE_HIGH_OPPORTUNITY,1369,34.0
5823,content_b648af4cf084462c,74.03486411267679,STALE_HIGH_OPPORTUNITY,1368,34.0
5824,content_419aab9812f6abab,74.0313792875064,STALE_HIGH_OPPORTUNITY,1367,34.0
5825,content_29283f5ddcdfbe8c,74.0313792875064,STALE_HIGH_OPPORTUNITY,1367,34.0
5826,content_cacaeaea5d06df56,74.0313792875064,STALE_HIGH_OPPORTUNITY,1367,34.0
5827,content_c74cc5fdd36d2305,74.0313792875064,STALE_HIGH_OPPORTUNITY,1367,34.0
5828,content_e8824907b0bf3042,74.02778886157327,STALE_HIGH_OPPORTUNITY,1366,34.0
5829,content_6f3a95bca05cacd0,74.02778886157327,STALE_HIGH_OPPORTUNITY,1366,34.0
5830,content_f566a7d52dc3779e,74.02462083869109,STALE_HIGH_OPPORTUNITY,1365,34.0
5831,content_baa873eb50ee2710,74.02462083869109,STALE_HIGH_OPPORTUNITY,1365,34.0
5832,content_a58fcd9e52e9eccc,74.02229762191082,STALE_HIGH_OPPORTUNITY,1364,34.0
5833,content_a5f049ecf9c75df1,74.02229762191082,STALE_HIGH_OPPORTUNITY,1364,34.0
5834,content_152a1aa206af56e5,74.02229762191082,STALE_HIGH_OPPORTUNITY,1364,34.0
5835,content_c5d5282bba9a3f18,74.01948390372502,STALE_HIGH_OPPORTUNITY,164,36.0
5836,content_a9d6b1b349c1fd29,74.01891839750317,STALE_HIGH_OPPORTUNITY,1363,34.0
5837,content_11180637e1b46062,74.01891839750317,STALE_HIGH_OPPORTUNITY,1363,34.0
5838,content_7b9e50bbab62a4bd,74.01891839750317,STALE_HIGH_OPPORTUNITY,1363,34.0
5839,content_cf958ce151f21b52,74.01532797157003,STALE_HIGH_OPPORTUNITY,1362,34.0
5840,content_8c57896f91ad387a,74.01532797157003,STALE_HIGH_OPPORTUNITY,1362,34.0
5841,content_a4dd331ecf6fe6c2,74.01532797157003,STALE_HIGH_OPPORTUNITY,1362,34.0
5842,content_778c321ddc87ecaa,74.01532797157003,STALE_HIGH_OPPORTUNITY,1362,34.0
5843,content_370fd86aae658eda,74.01131514258594,STALE_HIGH_OPPORTUNITY,1361,34.0
5844,content_b916c153c7970351,74.01131514258594,STALE_HIGH_OPPORTUNITY,1361,34.0
5845,content_33ba4c0924ee02f6,74.01131514258594,STALE_HIGH_OPPORTUNITY,1361,34.0
5846,content_1aa860f1daec0dc9,74.01131514258594,STALE_HIGH_OPPORTUNITY,1361,34.0
5847,content_8157fa1fdbd9a370,74.01131514258594,STALE_HIGH_OPPORTUNITY,1361,34.0
5848,content_4da87601b0011e29,74.01131514258594,STALE_HIGH_OPPORTUNITY,1361,34.0
5849,content_36372386fbaafc8d,74.01131514258594,STALE_HIGH_OPPORTUNITY,1361,34.0
5850,content_e718ff00d54a3682,74.01131514258594,STALE_HIGH_OPPORTUNITY,1361,34.0
5851,content_0e83beb07be5a810,74.01131514258594,STALE_HIGH_OPPORTUNITY,1361,34.0
5852,content_779acc5dec7b7098,74.0068799105509,STALE_HIGH_OPPORTUNITY,1360,34.0
5853,content_5cb50df45988e674,74.0068799105509,STALE_HIGH_OPPORTUNITY,1360,34.0
5854,content_a91e8b9d5b0b0bf9,74.00423422939608,STALE_HIGH_OPPORTUNITY,120,131.0
5855,content_a0aa51570f4f8a70,74.00423422939608,STALE_HIGH_OPPORTUNITY,120,131.0
5856,content_5c2208791895e50a,74.00423422939608,STALE_HIGH_OPPORTUNITY,120,131.0
5857,content_5a97f0a1eec4e711,74.00423422939608,STALE_HIGH_OPPORTUNITY,120,131.0
5858,content_3a329648afdd5296,74.00328948461777,STALE_HIGH_OPPORTUNITY,1359,34.0
5859,content_1ff3a90113011ed2,74.00328948461777,STALE_HIGH_OPPORTUNITY,1359,34.0
5860,content_10686c3e4f40b706,74.00328948461777,STALE_HIGH_OPPORTUNITY,1359,34.0
5861,content_486c8aedfc64d913,74.00328948461777,STALE_HIGH_OPPORTUNITY,1359,34.0
5862,content_1bc67e9d435b3a78,74.00328948461777,STALE_HIGH_OPPORTUNITY,1359,34.0
5863,content_2d1b5dfbcea9e95c,74.00328948461777,STALE_HIGH_OPPORTUNITY,1359,34.0
5864,content_78bc814198027ea9,73.99959345792189,STALE_HIGH_OPPORTUNITY,1358,34.0
5865,content_019ffed5863aa95a,73.99959345792189,STALE_HIGH_OPPORTUNITY,1358,34.0
5866,content_1bf977955c6951b4,73.99959345792189,STALE_HIGH_OPPORTUNITY,1358,34.0
5867,content_2cd0d67ce47c1203,73.99959345792189,STALE_HIGH_OPPORTUNITY,1358,34.0
5868,content_c8f45a7c2aa71cd9,73.99959345792189,STALE_HIGH_OPPORTUNITY,1358,34.0
5869,content_1525f3dfe285fa0c,73.99589743122601,STALE_HIGH_OPPORTUNITY,1357,34.0
5870,content_104aaebe0c655cc8,73.99589743122601,STALE_HIGH_OPPORTUNITY,1357,34.0
5871,content_47714ecb453a2ebd,73.99589743122601,STALE_HIGH_OPPORTUNITY,1357,34.0
5872,content_227cb0768e5e7893,73.99561369937284,STALE_HIGH_OPPORTUNITY,171,35.0
5873,content_4e24f24831d11549,73.99520771209362,STALE_HIGH_OPPORTUNITY,133,81.0
5874,content_9e4686cdeba1727e,73.99177900147919,STALE_HIGH_OPPORTUNITY,1356,34.0
5875,content_5be2388be6173827,73.99177900147919,STALE_HIGH_OPPORTUNITY,1356,34.0
5876,content_b0484096c6a03fdb,73.99177900147919,STALE_HIGH_OPPORTUNITY,1356,34.0
5877,content_fda3502952ec71e9,73.99177900147919,STALE_HIGH_OPPORTUNITY,1356,34.0
5878,content_4fe17f85445ed0af,73.99177900147919,STALE_HIGH_OPPORTUNITY,1356,34.0
5879,content_90f02702c018e89b,73.99177900147919,STALE_HIGH_OPPORTUNITY,1356,34.0
5880,content_d210ec92f1166cb0,73.99177900147919,STALE_HIGH_OPPORTUNITY,1356,34.0
5881,content_40e2941bbf1d76b8,73.99177900147919,STALE_HIGH_OPPORTUNITY,1356,34.0
5882,content_45b33ccee8e029db,73.99177900147919,STALE_HIGH_OPPORTUNITY,1356,34.0
5883,content_99a90f2c51237a6a,73.98829417630878,STALE_HIGH_OPPORTUNITY,1355,34.0
5884,content_7b9bc334981d080c,73.98829417630878,STALE_HIGH_OPPORTUNITY,1355,34.0
5885,content_85ac7e8e8ec57cd7,73.98829417630878,STALE_HIGH_OPPORTUNITY,1355,34.0
5886,content_4a99611dea98c47b,73.98829417630878,STALE_HIGH_OPPORTUNITY,1355,34.0
5887,content_af093830c11266fa,73.98829417630878,STALE_HIGH_OPPORTUNITY,1355,34.0
5888,content_b46f8f53665e7726,73.98829417630878,STALE_HIGH_OPPORTUNITY,1355,34.0
5889,content_ebd0ea1607cd3ffc,73.98825455596658,STALE_HIGH_OPPORTUNITY,44,243.0
5890,content_11cb474a9ff920a9,73.9853373549521,STALE_HIGH_OPPORTUNITY,1354,34.0
5891,content_ef80a14e64923123,73.9853373549521,STALE_HIGH_OPPORTUNITY,1354,34.0
5892,content_4e3ab303cdc38fa6,73.9853373549521,STALE_HIGH_OPPORTUNITY,1354,34.0
5893,content_60455bbc094cd914,73.9853373549521,STALE_HIGH_OPPORTUNITY,1354,34.0
5894,content_6f9669453b435884,73.9853373549521,STALE_HIGH_OPPORTUNITY,1354,34.0
5895,content_61d7fc74fce7bb8c,73.9853373549521,STALE_HIGH_OPPORTUNITY,1354,34.0
5896,content_27e0707a9c9b56d2,73.98206373130716,STALE_HIGH_OPPORTUNITY,1353,34.0
5897,content_04baef6406ca7569,73.98206373130716,STALE_HIGH_OPPORTUNITY,1353,34.0
5898,content_949e5664edbe32d1,73.98206373130716,STALE_HIGH_OPPORTUNITY,1353,34.0
5899,content_c2f1ba5febb8a427,73.98206373130716,STALE_HIGH_OPPORTUNITY,1353,34.0
5900,content_cc6ac69a8ac97a24,73.97879010766226,STALE_HIGH_OPPORTUNITY,1352,34.0
5901,content_e5d50e8d557fb493,73.97879010766226,STALE_HIGH_OPPORTUNITY,1352,34.0
5902,content_1d0997ce4fb55ce9,73.97519968172914,STALE_HIGH_OPPORTUNITY,1351,34.0
5903,content_b3fd94fa104c5f67,73.97519968172914,STALE_HIGH_OPPORTUNITY,1351,34.0
5904,content_027a2cdbbe9559cc,73.97519968172914,STALE_HIGH_OPPORTUNITY,1351,34.0
5905,content_d5dd39fc5aa62a59,73.97519968172914,STALE_HIGH_OPPORTUNITY,1351,34.0
5906,content_6fd343ab7f78a295,73.97129245350777,STALE_HIGH_OPPORTUNITY,1350,34.0
5907,content_e7b7b0b3851e0307,73.97129245350777,STALE_HIGH_OPPORTUNITY,1350,34.0
5908,content_62a498af66986229,73.97129245350777,STALE_HIGH_OPPORTUNITY,1350,34.0
5909,content_35d0a7a6d7ae9355,73.97129245350777,STALE_HIGH_OPPORTUNITY,1350,34.0
5910,content_501f7f0720d7f8ef,73.97129245350777,STALE_HIGH_OPPORTUNITY,1350,34.0
5911,content_d7360ba7a49ef069,73.96738522528642,STALE_HIGH_OPPORTUNITY,1349,34.0
5912,content_160d0a7076883f77,73.96368919859056,STALE_HIGH_OPPORTUNITY,1348,34.0
5913,content_1e39ca6fa4fb0c61,73.96368919859056,STALE_HIGH_OPPORTUNITY,1348,34.0
5914,content_40d5545dc7d895e7,73.96368919859056,STALE_HIGH_OPPORTUNITY,1348,34.0
5915,content_322923cc121e0446,73.96368919859056,STALE_HIGH_OPPORTUNITY,1348,34.0
5916,content_f78e3647c10381a9,73.95946516808098,STALE_HIGH_OPPORTUNITY,1347,34.0
5917,content_099f33bddc5d0a83,73.95946516808098,STALE_HIGH_OPPORTUNITY,1347,34.0
5918,content_95986302439de0a7,73.95946516808098,STALE_HIGH_OPPORTUNITY,1347,34.0
5919,content_9fe9e75f31cda1a3,73.95946516808098,STALE_HIGH_OPPORTUNITY,1347,34.0
5920,content_26caf1be5d6c6d46,73.95946516808098,STALE_HIGH_OPPORTUNITY,1347,34.0
5921,content_cf0f58127514d45d,73.95946516808098,STALE_HIGH_OPPORTUNITY,1347,34.0
5922,content_2df66d1bc3699f20,73.95619154443607,STALE_HIGH_OPPORTUNITY,1346,34.0
5923,content_cb301e577a88e6cb,73.95619154443607,STALE_HIGH_OPPORTUNITY,1346,34.0
5924,content_9972a616e69e01a0,73.95312912231662,STALE_HIGH_OPPORTUNITY,1345,34.0
5925,content_078903d14ec448ed,73.95312912231662,STALE_HIGH_OPPORTUNITY,1345,34.0
5926,content_fa45ba1964e1365d,73.95312912231662,STALE_HIGH_OPPORTUNITY,1345,34.0
5927,content_30ab39f28d54b15f,73.95312912231662,STALE_HIGH_OPPORTUNITY,1345,34.0
5928,content_22f99919f293c9ef,73.95312912231662,STALE_HIGH_OPPORTUNITY,1345,34.0
5929,content_88e59679308560db,73.9490106925698,STALE_HIGH_OPPORTUNITY,1344,34.0
5930,content_30fa13a0c627d642,73.9490106925698,STALE_HIGH_OPPORTUNITY,1344,34.0
5931,content_94f5dc1ab12598fa,73.9490106925698,STALE_HIGH_OPPORTUNITY,1344,34.0
5932,content_0c5a99be3759c180,73.9490106925698,STALE_HIGH_OPPORTUNITY,1344,34.0
5933,content_4cb20385ad17516d,73.9490106925698,STALE_HIGH_OPPORTUNITY,1344,34.0
5934,content_b0cb4d9a9057a788,73.9490106925698,STALE_HIGH_OPPORTUNITY,1344,34.0
5935,content_60d411f81f627eb2,73.9490106925698,STALE_HIGH_OPPORTUNITY,1344,34.0
5936,content_8d075faeb8d0d4e8,73.94531466587392,STALE_HIGH_OPPORTUNITY,1343,34.0
5937,content_af93bdde979795df,73.94531466587392,STALE_HIGH_OPPORTUNITY,1343,34.0
5938,content_7ddd924908cb8cad,73.9422522437545,STALE_HIGH_OPPORTUNITY,1342,34.0
5939,content_1dfc4a6a4797ad7d,73.9422522437545,STALE_HIGH_OPPORTUNITY,1342,34.0
5940,content_8b355afc56c2afd2,73.9422522437545,STALE_HIGH_OPPORTUNITY,1342,34.0
5941,content_99d376eb04d58e9a,73.9422522437545,STALE_HIGH_OPPORTUNITY,1342,34.0
5942,content_fa78167040c3593f,73.9422522437545,STALE_HIGH_OPPORTUNITY,1342,34.0
5943,content_a9ef91d95b36294e,73.9422522437545,STALE_HIGH_OPPORTUNITY,1342,34.0
5944,content_4fdc277c799df2ab,73.93940102316054,STALE_HIGH_OPPORTUNITY,1341,34.0
5945,content_938e5c7c6e0c5808,73.93940102316054,STALE_HIGH_OPPORTUNITY,1341,34.0
5946,content_8964db86f029783e,73.93940102316054,STALE_HIGH_OPPORTUNITY,1341,34.0
5947,content_0662dbbe70bf8518,73.93940102316054,STALE_HIGH_OPPORTUNITY,1341,34.0
5948,content_11f3a458a5d94d70,73.93633860104109,STALE_HIGH_OPPORTUNITY,1340,34.0
5949,content_d99f3ae1166bce41,73.93633860104109,STALE_HIGH_OPPORTUNITY,1340,34.0
5950,content_035c57a250e91b29,73.93633860104109,STALE_HIGH_OPPORTUNITY,1340,34.0
5951,content_de4df67bece65732,73.93222017129426,STALE_HIGH_OPPORTUNITY,1339,34.0
5952,content_8aa7e11a582e64c7,73.93222017129426,STALE_HIGH_OPPORTUNITY,1339,34.0
5953,content_96acedcf0e06860c,73.93222017129426,STALE_HIGH_OPPORTUNITY,1339,34.0
5954,content_df3cf69e6ff51175,73.93222017129426,STALE_HIGH_OPPORTUNITY,1339,34.0
5955,content_e78a8adafca98c06,73.93222017129426,STALE_HIGH_OPPORTUNITY,1339,34.0
5956,content_04235ab203bbfd92,73.93222017129426,STALE_HIGH_OPPORTUNITY,1339,34.0
5957,content_da847dd54be5e89d,73.93222017129426,STALE_HIGH_OPPORTUNITY,1339,34.0
5958,content_330ebc9c757998e5,73.927468136971,STALE_HIGH_OPPORTUNITY,1338,34.0
5959,content_090939ca9ea3c267,73.927468136971,STALE_HIGH_OPPORTUNITY,1338,34.0
5960,content_67289e32bdfe3218,73.927468136971,STALE_HIGH_OPPORTUNITY,1338,34.0
5961,content_a0e8dd8edb27dede,73.927468136971,STALE_HIGH_OPPORTUNITY,1338,34.0
5962,content_57b36ac8513e021a,73.927468136971,STALE_HIGH_OPPORTUNITY,1338,34.0
5963,content_f95638d4436f9f80,73.927468136971,STALE_HIGH_OPPORTUNITY,1338,34.0
5964,content_19f71daba0876547,73.92483320593604,STALE_HIGH_OPPORTUNITY,37,303.0
5965,content_ce32e6e5f0c60a8a,73.92366650951239,STALE_HIGH_OPPORTUNITY,1337,34.0
5966,content_dd051764025b7831,73.92366650951239,STALE_HIGH_OPPORTUNITY,1337,34.0
5967,content_3e819347dbc858b0,73.92366650951239,STALE_HIGH_OPPORTUNITY,1337,34.0
5968,content_3093f6cbf2824763,73.92366650951239,STALE_HIGH_OPPORTUNITY,1337,34.0
5969,content_b95cbdc0591d841b,73.92366650951239,STALE_HIGH_OPPORTUNITY,1337,34.0
5970,content_9463347a66c39b11,73.92028728510473,STALE_HIGH_OPPORTUNITY,1336,34.0
5971,content_694691f4a5476095,73.92028728510473,STALE_HIGH_OPPORTUNITY,1336,34.0
5972,content_c82402994af1c28c,73.91638005688338,STALE_HIGH_OPPORTUNITY,1335,34.0
5973,content_9ec486cc2ca9b3d9,73.91638005688338,STALE_HIGH_OPPORTUNITY,1335,34.0
5974,content_68c82393862031fb,73.91638005688338,STALE_HIGH_OPPORTUNITY,1335,34.0
5975,content_5fd06ae1bc892f79,73.91638005688338,STALE_HIGH_OPPORTUNITY,1335,34.0
5976,content_b61677d0eaa78b3a,73.91638005688338,STALE_HIGH_OPPORTUNITY,1335,34.0
5977,content_24d9d2280fdab730,73.9126840301875,STALE_HIGH_OPPORTUNITY,1334,34.0
5978,content_5fa41e8ea3931005,73.9126840301875,STALE_HIGH_OPPORTUNITY,1334,34.0
5979,content_7980f0a09e731e94,73.9126840301875,STALE_HIGH_OPPORTUNITY,1334,34.0
5980,content_41281c12fc225d30,73.9094104065426,STALE_HIGH_OPPORTUNITY,1333,34.0
5981,content_8d9c5cef54f0971b,73.9094104065426,STALE_HIGH_OPPORTUNITY,1333,34.0
5982,content_553dea938c2a6247,73.9094104065426,STALE_HIGH_OPPORTUNITY,1333,34.0
5983,content_60688f520288a468,73.9094104065426,STALE_HIGH_OPPORTUNITY,1333,34.0
5984,content_658e2443a3bd7777,73.9094104065426,STALE_HIGH_OPPORTUNITY,1333,34.0
5985,content_3049d8ef81861b45,73.9059255813722,STALE_HIGH_OPPORTUNITY,1332,34.0
5986,content_7d5a55fd83f16973,73.9059255813722,STALE_HIGH_OPPORTUNITY,1332,34.0
5987,content_e32db62831125998,73.9059255813722,STALE_HIGH_OPPORTUNITY,1332,34.0
5988,content_f1bae964f19289fa,73.9059255813722,STALE_HIGH_OPPORTUNITY,1332,34.0
5989,content_0586b91cd5434063,73.9059255813722,STALE_HIGH_OPPORTUNITY,1332,34.0
5990,content_8ebaaab3bb80d551,73.9059255813722,STALE_HIGH_OPPORTUNITY,1332,34.0
5991,content_f0046933c792af4b,73.90296876001551,STALE_HIGH_OPPORTUNITY,1331,34.0
5992,content_21f86bc8c42d3b42,73.90296876001551,STALE_HIGH_OPPORTUNITY,1331,34.0
5993,content_7725c7f6eabdd003,73.90296876001551,STALE_HIGH_OPPORTUNITY,1331,34.0
5994,content_cf0f428341d2da7f,73.89948393484511,STALE_HIGH_OPPORTUNITY,1330,34.0
5995,content_3ab9a0894d4b7cc1,73.89948393484511,STALE_HIGH_OPPORTUNITY,1330,34.0
5996,content_7ca84c1c9f3f572a,73.89948393484511,STALE_HIGH_OPPORTUNITY,1330,34.0
5997,content_c2c1686f034e3ab0,73.89948393484511,STALE_HIGH_OPPORTUNITY,1330,34.0
5998,content_7d678344469858d5,73.89948393484511,STALE_HIGH_OPPORTUNITY,1330,34.0
5999,content_9dfc03235841a70c,73.89283108679254,STALE_HIGH_OPPORTUNITY,1328,34.0
6000,content_7f393d3df3140fd8,73.88902945933393,STALE_HIGH_OPPORTUNITY,1327,34.0
6001,content_96b7cc241aad99b4,73.88902945933393,STALE_HIGH_OPPORTUNITY,1327,34.0
6002,content_d13cb8076ea26baa,73.88902945933393,STALE_HIGH_OPPORTUNITY,1327,34.0
6003,content_207df6cebea2d7d7,73.88902945933393,STALE_HIGH_OPPORTUNITY,1327,34.0
6004,content_46b2697a4f6d7fe9,73.88902945933393,STALE_HIGH_OPPORTUNITY,1327,34.0
6005,content_02106c6072184d22,73.88902945933393,STALE_HIGH_OPPORTUNITY,1327,34.0
6006,content_fbc8577b3cb61824,73.88902945933393,STALE_HIGH_OPPORTUNITY,1327,34.0
6007,content_1956cb105563be75,73.88607263797724,STALE_HIGH_OPPORTUNITY,1326,34.0
6008,content_bf54d11d2ed2d95c,73.88258781280683,STALE_HIGH_OPPORTUNITY,1325,34.0
6009,content_3c9f793c205d1950,73.88258781280683,STALE_HIGH_OPPORTUNITY,1325,34.0
6010,content_6597b8c5d045bf81,73.88258781280683,STALE_HIGH_OPPORTUNITY,1325,34.0
6011,content_cd1340051ba1a91a,73.88258781280683,STALE_HIGH_OPPORTUNITY,1325,34.0
6012,content_c2ff246838050b43,73.88258781280683,STALE_HIGH_OPPORTUNITY,1325,34.0
6013,content_d150697fd872a7e3,73.88258781280683,STALE_HIGH_OPPORTUNITY,1325,34.0
6014,content_3341fe0d257dd99d,73.88258781280683,STALE_HIGH_OPPORTUNITY,1325,34.0
6015,content_67d9e6a0c816b2e4,73.88258781280683,STALE_HIGH_OPPORTUNITY,1325,34.0
6016,content_4232e91a0b22e036,73.87857498382274,STALE_HIGH_OPPORTUNITY,1324,34.0
6017,content_148b3846bbd70f65,73.87857498382274,STALE_HIGH_OPPORTUNITY,1324,34.0
6018,content_aa7802a318ae941d,73.87691080465537,STALE_HIGH_OPPORTUNITY,124,113.0
6019,content_595edf3a690aeb53,73.87519575941508,STALE_HIGH_OPPORTUNITY,1323,34.0
6020,content_a1a932d369a6cbd9,73.87519575941508,STALE_HIGH_OPPORTUNITY,1323,34.0
6021,content_424f69faadef7bd3,73.87519575941508,STALE_HIGH_OPPORTUNITY,1323,34.0
6022,content_806358372bb06a84,73.87171093424467,STALE_HIGH_OPPORTUNITY,1322,34.0
6023,content_349ba684ef21e6e6,73.87171093424467,STALE_HIGH_OPPORTUNITY,1322,34.0
6024,content_d84ba18474809e08,73.87171093424467,STALE_HIGH_OPPORTUNITY,1322,34.0
6025,content_66ec0897adcaa5c3,73.86854291136251,STALE_HIGH_OPPORTUNITY,1321,34.0
6026,content_36bd68e779ad2527,73.86854291136251,STALE_HIGH_OPPORTUNITY,1321,34.0
6027,content_a62a721c1e9422f4,73.86505808619212,STALE_HIGH_OPPORTUNITY,1320,34.0
6028,content_cfc83b6a251b0628,73.86505808619212,STALE_HIGH_OPPORTUNITY,1320,34.0
6029,content_c6e220226f42a889,73.86093965644528,STALE_HIGH_OPPORTUNITY,1319,34.0
6030,content_6f6bc00c6ba32a0b,73.86093965644528,STALE_HIGH_OPPORTUNITY,1319,34.0
6031,content_34ba4e9a0d71f6db,73.86093965644528,STALE_HIGH_OPPORTUNITY,1319,34.0
6032,content_c1b1409d9f4a938e,73.86093965644528,STALE_HIGH_OPPORTUNITY,1319,34.0
6033,content_385370ef721b45a6,73.86093965644528,STALE_HIGH_OPPORTUNITY,1319,34.0
6034,content_eb21cfedb2a757cc,73.8574548312749,STALE_HIGH_OPPORTUNITY,1318,34.0
6035,content_177fdd25a372217c,73.8574548312749,STALE_HIGH_OPPORTUNITY,1318,34.0
6036,content_ba2e88aab0c0d498,73.85418120762998,STALE_HIGH_OPPORTUNITY,1317,34.0
6037,content_3670d2841ba17b05,73.85418120762998,STALE_HIGH_OPPORTUNITY,1317,34.0
6038,content_fc7b08e9d8531938,73.85418120762998,STALE_HIGH_OPPORTUNITY,1317,34.0
6039,content_59eb0091599daeb2,73.85418120762998,STALE_HIGH_OPPORTUNITY,1317,34.0
6040,content_45a8d8bc9ec0d757,73.85418120762998,STALE_HIGH_OPPORTUNITY,1317,34.0
6041,content_363c680216554b53,73.85418120762998,STALE_HIGH_OPPORTUNITY,1317,34.0
6042,content_873760a5de45d5ae,73.85069638245959,STALE_HIGH_OPPORTUNITY,1316,34.0
6043,content_99d83e9158a62363,73.85069638245959,STALE_HIGH_OPPORTUNITY,1316,34.0
6044,content_9978280f2a615d89,73.84773956110288,STALE_HIGH_OPPORTUNITY,1315,34.0
6045,content_b67fc36063104f56,73.84773956110288,STALE_HIGH_OPPORTUNITY,1315,34.0
6046,content_1de618549cb33675,73.84520514279714,STALE_HIGH_OPPORTUNITY,1314,34.0
6047,content_367fe53eb06fdef0,73.84520514279714,STALE_HIGH_OPPORTUNITY,1314,34.0
6048,content_8fdcc6b2f67934ff,73.84282644256248,STALE_HIGH_OPPORTUNITY,62,191.0
6049,content_e263918af6a7c904,73.84193151915224,STALE_HIGH_OPPORTUNITY,1313,34.0
6050,content_957b9a863c36742a,73.84193151915224,STALE_HIGH_OPPORTUNITY,1313,34.0
6051,content_004248cb551af197,73.84193151915224,STALE_HIGH_OPPORTUNITY,1313,34.0
6052,content_d288827b1cf1d91d,73.84193151915224,STALE_HIGH_OPPORTUNITY,1313,34.0
6053,content_1ab452bc004a1403,73.8388690970328,STALE_HIGH_OPPORTUNITY,1312,34.0
6054,content_5ebed29330a23454,73.8388690970328,STALE_HIGH_OPPORTUNITY,1312,34.0
6055,content_99ba1fb0a377f7e1,73.836757081778,STALE_HIGH_OPPORTUNITY,1311,34.0
6056,content_0b74cdf2bed5ff8c,73.83274425279392,STALE_HIGH_OPPORTUNITY,1310,34.0
6057,content_e7061653dfbe976d,73.83274425279392,STALE_HIGH_OPPORTUNITY,1310,34.0
6058,content_09235484f884af72,73.83274425279392,STALE_HIGH_OPPORTUNITY,1310,34.0
6059,content_9363dc06f5f97720,73.83274425279392,STALE_HIGH_OPPORTUNITY,1310,34.0
6060,content_095dc9fdc064bcb9,73.83274425279392,STALE_HIGH_OPPORTUNITY,1310,34.0
6061,content_8936609bb7709a79,73.83274425279392,STALE_HIGH_OPPORTUNITY,1310,34.0
6062,content_fc8c1113ec80bc61,73.82830902075887,STALE_HIGH_OPPORTUNITY,1309,34.0
6063,content_a5c99760cb41e63f,73.82830902075887,STALE_HIGH_OPPORTUNITY,1309,34.0
6064,content_c24249843f16d531,73.82503539711396,STALE_HIGH_OPPORTUNITY,1308,34.0
6065,content_c9ceed18831fee9f,73.82503539711396,STALE_HIGH_OPPORTUNITY,1308,34.0
6066,content_ec8a27fcf8f872b6,73.82503539711396,STALE_HIGH_OPPORTUNITY,1308,34.0
6067,content_370b8c52758d2577,73.82503539711396,STALE_HIGH_OPPORTUNITY,1308,34.0
6068,content_371c1d2b302f3af0,73.82186737423177,STALE_HIGH_OPPORTUNITY,1307,34.0
6069,content_f523c28fc592d2a1,73.82186737423177,STALE_HIGH_OPPORTUNITY,1307,34.0
6070,content_73fe6717b0d178a1,73.82186737423177,STALE_HIGH_OPPORTUNITY,1307,34.0
6071,content_b1c3a85b2829326b,73.82186737423177,STALE_HIGH_OPPORTUNITY,1307,34.0
6072,content_a32a52e24b170a08,73.82186737423177,STALE_HIGH_OPPORTUNITY,1307,34.0
6073,content_38bdc64755204209,73.81743214219674,STALE_HIGH_OPPORTUNITY,1306,34.0
6074,content_4d4ef6fe9717d5a2,73.81743214219674,STALE_HIGH_OPPORTUNITY,1306,34.0
6075,content_d589f58cff4c7aa9,73.81743214219674,STALE_HIGH_OPPORTUNITY,1306,34.0
6076,content_26da692765a7c9dd,73.81743214219674,STALE_HIGH_OPPORTUNITY,1306,34.0
6077,content_81a22ae487604689,73.81743214219674,STALE_HIGH_OPPORTUNITY,1306,34.0
6078,content_94e4836719e50486,73.81743214219674,STALE_HIGH_OPPORTUNITY,1306,34.0
6079,content_90438d02e58f63c9,73.81743214219674,STALE_HIGH_OPPORTUNITY,1306,34.0
6080,content_9ce37ab8b03bf255,73.81743214219674,STALE_HIGH_OPPORTUNITY,1306,34.0
6081,content_916fa590f071884c,73.81651923774024,STALE_HIGH_OPPORTUNITY,158,36.0
6082,content_f7f78fad037f6a7f,73.81162410024606,STALE_HIGH_OPPORTUNITY,1305,34.0
6083,content_de73e8536b57fac0,73.81162410024606,STALE_HIGH_OPPORTUNITY,1305,34.0
6084,content_04c2a2f0737067a9,73.81162410024606,STALE_HIGH_OPPORTUNITY,1305,34.0
6085,content_e36d035d803c8d11,73.81162410024606,STALE_HIGH_OPPORTUNITY,1305,34.0
6086,content_c90ed724017ee358,73.81162410024606,STALE_HIGH_OPPORTUNITY,1305,34.0
6087,content_6aaeabbfaa742688,73.80708326744829,STALE_HIGH_OPPORTUNITY,1304,34.0
6088,content_6962ddf4df10101c,73.80708326744829,STALE_HIGH_OPPORTUNITY,1304,34.0
6089,content_626e32d6259c91f4,73.80708326744829,STALE_HIGH_OPPORTUNITY,1304,34.0
6090,content_24346edc0d252fad,73.80708326744829,STALE_HIGH_OPPORTUNITY,1304,34.0
6091,content_992885d652a78aca,73.80233123312502,STALE_HIGH_OPPORTUNITY,1303,34.0
6092,content_08791dedc9190ddc,73.80233123312502,STALE_HIGH_OPPORTUNITY,1303,34.0
6093,content_489e43d1cb6e7857,73.80233123312502,STALE_HIGH_OPPORTUNITY,1303,34.0
6094,content_c07b4ad5faa08540,73.79810720261545,STALE_HIGH_OPPORTUNITY,1302,34.0
6095,content_bc8ade2471018953,73.79810720261545,STALE_HIGH_OPPORTUNITY,1302,34.0
6096,content_37ef521cd8beae2b,73.79810720261545,STALE_HIGH_OPPORTUNITY,1302,34.0
6097,content_0627fc6d49897ac3,73.79810720261545,STALE_HIGH_OPPORTUNITY,1302,34.0
6098,content_7d231d1c5ac76eac,73.79483357897053,STALE_HIGH_OPPORTUNITY,1301,34.0
6099,content_1be7e662a983f924,73.79483357897053,STALE_HIGH_OPPORTUNITY,1301,34.0
6100,content_e7464cb9b2be9517,73.79483357897053,STALE_HIGH_OPPORTUNITY,1301,34.0
6101,content_630291500e4b355c,73.79483357897053,STALE_HIGH_OPPORTUNITY,1301,34.0
6102,content_0699947ad241a92e,73.79483357897053,STALE_HIGH_OPPORTUNITY,1301,34.0
6103,content_58bb1e56b8700d44,73.79483357897053,STALE_HIGH_OPPORTUNITY,1301,34.0
6104,content_c54c6d5e51fb24a4,73.79155995532562,STALE_HIGH_OPPORTUNITY,1300,34.0
6105,content_6f153411b0d1b685,73.79155995532562,STALE_HIGH_OPPORTUNITY,1300,34.0
6106,content_0e101f235245d677,73.79155995532562,STALE_HIGH_OPPORTUNITY,1300,34.0
6107,content_a06ec0a438b4c6a6,73.78849753320618,STALE_HIGH_OPPORTUNITY,1299,34.0
6108,content_cdedc80809a55c91,73.78849753320618,STALE_HIGH_OPPORTUNITY,1299,34.0
6109,content_b32380de92cf5736,73.78849753320618,STALE_HIGH_OPPORTUNITY,1299,34.0
6110,content_b0180101f0cac673,73.78849753320618,STALE_HIGH_OPPORTUNITY,1299,34.0
6111,content_b19748a51506808f,73.78849753320618,STALE_HIGH_OPPORTUNITY,1299,34.0
6112,content_8fa2bd3c62e627ed,73.78554071184948,STALE_HIGH_OPPORTUNITY,1298,34.0
6113,content_f99a21cd383189b8,73.78554071184948,STALE_HIGH_OPPORTUNITY,1298,34.0
6114,content_38c547c877241480,73.78216148744183,STALE_HIGH_OPPORTUNITY,1297,34.0
6115,content_ed69bf464cbf1c5f,73.78216148744183,STALE_HIGH_OPPORTUNITY,1297,34.0
6116,content_8cfd987ef4765376,73.78216148744183,STALE_HIGH_OPPORTUNITY,1297,34.0
6117,content_c430ec833cad989e,73.78216148744183,STALE_HIGH_OPPORTUNITY,1297,34.0
6118,content_a2a9a0afd0d1ce5f,73.78216148744183,STALE_HIGH_OPPORTUNITY,1297,34.0
6119,content_d426d6264914b90e,73.77825425922047,STALE_HIGH_OPPORTUNITY,1296,34.0
6120,content_5dac4540c03472dc,73.77825425922047,STALE_HIGH_OPPORTUNITY,1296,34.0
6121,content_965aa5586508fc80,73.77825425922047,STALE_HIGH_OPPORTUNITY,1296,34.0
6122,content_d99b1270e1bb8094,73.77476943405009,STALE_HIGH_OPPORTUNITY,1295,34.0
6123,content_37e0f2e72d4c0e27,73.77476943405009,STALE_HIGH_OPPORTUNITY,1295,34.0
6124,content_d90a5c43e19ca270,73.77476943405009,STALE_HIGH_OPPORTUNITY,1295,34.0
6125,content_cc72fae70e97a8b1,73.77476943405009,STALE_HIGH_OPPORTUNITY,1295,34.0
6126,content_88cbb53c32d2b40a,73.77476943405009,STALE_HIGH_OPPORTUNITY,1295,34.0
6127,content_251dc6a3e9c81192,73.77476943405009,STALE_HIGH_OPPORTUNITY,1295,34.0
6128,content_b0b84bbd62d961a3,73.77107340735421,STALE_HIGH_OPPORTUNITY,1294,34.0
6129,content_949a147eb144de17,73.77107340735421,STALE_HIGH_OPPORTUNITY,1294,34.0
6130,content_2608fffa5c9658a5,73.77107340735421,STALE_HIGH_OPPORTUNITY,1294,34.0
6131,content_f6dd15de527e613f,73.77107340735421,STALE_HIGH_OPPORTUNITY,1294,34.0
6132,content_c5c61acfffe8ea52,73.77107340735421,STALE_HIGH_OPPORTUNITY,1294,34.0
6133,content_88bffe1d91f95bd3,73.76684937684465,STALE_HIGH_OPPORTUNITY,1293,34.0
6134,content_61547e1e9d28c6a7,73.76684937684465,STALE_HIGH_OPPORTUNITY,1293,34.0
6135,content_0c30fdafc6c0398c,73.76684937684465,STALE_HIGH_OPPORTUNITY,1293,34.0
6136,content_156079456202e006,73.76684937684465,STALE_HIGH_OPPORTUNITY,1293,34.0
6137,content_b5219641fb86cedc,73.76684937684465,STALE_HIGH_OPPORTUNITY,1293,34.0
6138,content_7c9634c506f97209,73.76262534633507,STALE_HIGH_OPPORTUNITY,1292,34.0
6139,content_9ea9aa57735ec347,73.76262534633507,STALE_HIGH_OPPORTUNITY,1292,34.0
6140,content_2e2b8562f3706104,73.76262534633507,STALE_HIGH_OPPORTUNITY,1292,34.0
6141,content_f2c418059074fc6b,73.76262534633507,STALE_HIGH_OPPORTUNITY,1292,34.0
6142,content_fb6832889f777f33,73.76262534633507,STALE_HIGH_OPPORTUNITY,1292,34.0
6143,content_ccd153110da20bfa,73.75914052116468,STALE_HIGH_OPPORTUNITY,1291,34.0
6144,content_6113efcce08d47f7,73.75914052116468,STALE_HIGH_OPPORTUNITY,1291,34.0
6145,content_f0f745a2e33269cd,73.75914052116468,STALE_HIGH_OPPORTUNITY,1291,34.0
6146,content_c81ed88452071c0b,73.75576129675702,STALE_HIGH_OPPORTUNITY,1290,34.0
6147,content_f21d811ad6087536,73.75576129675702,STALE_HIGH_OPPORTUNITY,1290,34.0
6148,content_08521993599b29e1,73.75576129675702,STALE_HIGH_OPPORTUNITY,1290,34.0
6149,content_754b24399896872e,73.75576129675702,STALE_HIGH_OPPORTUNITY,1290,34.0
6150,content_58d03b96afe793c0,73.75576129675702,STALE_HIGH_OPPORTUNITY,1290,34.0
6151,content_d4f45571b9bc7220,73.75576129675702,STALE_HIGH_OPPORTUNITY,1290,34.0
6152,content_9333d8eeec9bad09,73.75576129675702,STALE_HIGH_OPPORTUNITY,1290,34.0
6153,content_e75d7ace97db29b8,73.75227647158663,STALE_HIGH_OPPORTUNITY,1289,34.0
6154,content_9006a7fdac9557ed,73.75227647158663,STALE_HIGH_OPPORTUNITY,1289,34.0
6155,content_a74b970da28f3ca7,73.75227647158663,STALE_HIGH_OPPORTUNITY,1289,34.0
6156,content_1c92ae86893d7500,73.74921404946718,STALE_HIGH_OPPORTUNITY,1288,34.0
6157,content_d15d9eb9b26a23c3,73.74921404946718,STALE_HIGH_OPPORTUNITY,1288,34.0
6158,content_0fb1a3560cbe9475,73.74921404946718,STALE_HIGH_OPPORTUNITY,1288,34.0
6159,content_751df015930ab303,73.74921404946718,STALE_HIGH_OPPORTUNITY,1288,34.0
6160,content_372813f7b538db81,73.74594042582227,STALE_HIGH_OPPORTUNITY,1287,34.0
6161,content_69fe51e6b8a1a532,73.74594042582227,STALE_HIGH_OPPORTUNITY,1287,34.0
6162,content_af4c0d4463e85687,73.74594042582227,STALE_HIGH_OPPORTUNITY,1287,34.0
6163,content_2a528083327f5c99,73.74594042582227,STALE_HIGH_OPPORTUNITY,1287,34.0
6164,content_aa34e0be09cca102,73.74298360446558,STALE_HIGH_OPPORTUNITY,1286,34.0
6165,content_e63c00b017f5e7a6,73.74298360446558,STALE_HIGH_OPPORTUNITY,1286,34.0
6166,content_b0b783401e1e3b13,73.74044918615985,STALE_HIGH_OPPORTUNITY,1285,34.0
6167,content_f7c19e19464ede4e,73.74044918615985,STALE_HIGH_OPPORTUNITY,1285,34.0
6168,content_24b2c29221ac5a7a,73.74044918615985,STALE_HIGH_OPPORTUNITY,1285,34.0
6169,content_99c096261f9631ca,73.74044918615985,STALE_HIGH_OPPORTUNITY,1285,34.0
6170,content_c647ddff2d12efd7,73.73728116327766,STALE_HIGH_OPPORTUNITY,1284,34.0
6171,content_e68f5afbbe671a6a,73.73728116327766,STALE_HIGH_OPPORTUNITY,1284,34.0
6172,content_b7414c1b58b00be8,73.73369073734452,STALE_HIGH_OPPORTUNITY,1283,34.0
6173,content_33f3c71fbb7d43d4,73.73369073734452,STALE_HIGH_OPPORTUNITY,1283,34.0
6174,content_e90deeb66a68a8ad,73.73369073734452,STALE_HIGH_OPPORTUNITY,1283,34.0
6175,content_348c8050ee8bd811,73.73010031141139,STALE_HIGH_OPPORTUNITY,1282,34.0
6176,content_7e40d8597825b4c1,73.73010031141139,STALE_HIGH_OPPORTUNITY,1282,34.0
6177,content_4f0b429370fc5eab,73.73010031141139,STALE_HIGH_OPPORTUNITY,1282,34.0
6178,content_130ec563675252c6,73.73010031141139,STALE_HIGH_OPPORTUNITY,1282,34.0
6179,content_b4e022e80cf72459,73.72682668776648,STALE_HIGH_OPPORTUNITY,1281,34.0
6180,content_964d4da597f2c8f5,73.72682668776648,STALE_HIGH_OPPORTUNITY,1281,34.0
6181,content_e3b0777a0385c839,73.72682668776648,STALE_HIGH_OPPORTUNITY,1281,34.0
6182,content_5c98638b30a6fae0,73.72291945954512,STALE_HIGH_OPPORTUNITY,1280,34.0
6183,content_74badebcff713140,73.72291945954512,STALE_HIGH_OPPORTUNITY,1280,34.0
6184,content_e4f781e73de4cfbd,73.72291945954512,STALE_HIGH_OPPORTUNITY,1280,34.0
6185,content_b937fe2d054a2100,73.72063374517303,STALE_HIGH_OPPORTUNITY,155,36.0
6186,content_81c408fda721d31f,73.71890663056104,STALE_HIGH_OPPORTUNITY,1279,34.0
6187,content_fa7de68c918df94b,73.71890663056104,STALE_HIGH_OPPORTUNITY,1279,34.0
6188,content_93a7dac18436082b,73.71890663056104,STALE_HIGH_OPPORTUNITY,1279,34.0
6189,content_aa5676174e0a6a0f,73.71890663056104,STALE_HIGH_OPPORTUNITY,1279,34.0
6190,content_1aaf2923a85fae79,73.71647781301803,STALE_HIGH_OPPORTUNITY,1278,34.0
6191,content_b4263f1f650d39d0,73.71647781301803,STALE_HIGH_OPPORTUNITY,1278,34.0
6192,content_9db5e4812f8ccff7,73.71447139852599,STALE_HIGH_OPPORTUNITY,1277,34.0
6193,content_713a9dd86159d3cf,73.71447139852599,STALE_HIGH_OPPORTUNITY,1277,34.0
6194,content_a9dff68ecab0d24d,73.71130337564381,STALE_HIGH_OPPORTUNITY,1276,34.0
6195,content_8279bbb6bbd1b91e,73.71130337564381,STALE_HIGH_OPPORTUNITY,1276,34.0
6196,content_a54312bc51d8c4b3,73.71130337564381,STALE_HIGH_OPPORTUNITY,1276,34.0
6197,content_ded4fcb2f6d31b02,73.71130337564381,STALE_HIGH_OPPORTUNITY,1276,34.0
6198,content_bd4e7d459dd2c016,73.71130337564381,STALE_HIGH_OPPORTUNITY,1276,34.0
6199,content_a38c9fd546e0a7ae,73.71130337564381,STALE_HIGH_OPPORTUNITY,1276,34.0
6200,content_a9cb5a4352f2cceb,73.71130337564381,STALE_HIGH_OPPORTUNITY,1276,34.0
6201,content_edf75ba302601f36,73.71130337564381,STALE_HIGH_OPPORTUNITY,1276,34.0
6202,content_19303e4797bbe2d1,73.70760734894793,STALE_HIGH_OPPORTUNITY,1275,34.0
6203,content_a086905c356a658a,73.70760734894793,STALE_HIGH_OPPORTUNITY,1275,34.0
6204,content_0a708844bba02528,73.70760734894793,STALE_HIGH_OPPORTUNITY,1275,34.0
6205,content_b317d6c37ef39191,73.70760734894793,STALE_HIGH_OPPORTUNITY,1275,34.0
6206,content_b733d903505c89a1,73.7042281245403,STALE_HIGH_OPPORTUNITY,1274,34.0
6207,content_9c2b18340755af25,73.7042281245403,STALE_HIGH_OPPORTUNITY,1274,34.0
6208,content_e8648ab7092d68ea,73.70137690394631,STALE_HIGH_OPPORTUNITY,1273,34.0
6209,content_2d45ba44500ceafa,73.70137690394631,STALE_HIGH_OPPORTUNITY,1273,34.0
6210,content_a2cd8a5b6e135e20,73.70137690394631,STALE_HIGH_OPPORTUNITY,1273,34.0
6211,content_de5e4d2232691872,73.69725847419949,STALE_HIGH_OPPORTUNITY,1272,34.0
6212,content_6f23d837ac7f96e9,73.69725847419949,STALE_HIGH_OPPORTUNITY,1272,34.0
6213,content_81fc1f98547b40e1,73.69725847419949,STALE_HIGH_OPPORTUNITY,1272,34.0
6214,content_30078d2bbf550880,73.69725847419949,STALE_HIGH_OPPORTUNITY,1272,34.0
6215,content_51b6aaa5fed77ef6,73.69725847419949,STALE_HIGH_OPPORTUNITY,1272,34.0
6216,content_af944cf4db332836,73.69725847419949,STALE_HIGH_OPPORTUNITY,1272,34.0
6217,content_92b21e52f55d15aa,73.69725847419949,STALE_HIGH_OPPORTUNITY,1272,34.0
6218,content_ea443a3c32d370d7,73.69187283529979,STALE_HIGH_OPPORTUNITY,1271,34.0
6219,content_3cc4cb2754b4d8a3,73.69187283529979,STALE_HIGH_OPPORTUNITY,1271,34.0
6220,content_2a0a528f7de0c317,73.69187283529979,STALE_HIGH_OPPORTUNITY,1271,34.0
6221,content_768d7c35bd8e1d7e,73.68726390414743,STALE_HIGH_OPPORTUNITY,154,36.0
6222,content_26dc03928598767f,73.68638159563736,STALE_HIGH_OPPORTUNITY,1270,34.0
6223,content_6bdf74714ed7d84d,73.68638159563736,STALE_HIGH_OPPORTUNITY,1270,34.0
6224,content_c557b201c8f7350f,73.68638159563736,STALE_HIGH_OPPORTUNITY,1270,34.0
6225,content_3d015c4cbcfb2fe8,73.68638159563736,STALE_HIGH_OPPORTUNITY,1270,34.0
6226,content_f509fbe8b0f97573,73.68638159563736,STALE_HIGH_OPPORTUNITY,1270,34.0
6227,content_64b31bad8f25808a,73.68638159563736,STALE_HIGH_OPPORTUNITY,1270,34.0
6228,content_b49a6eaed13a48b4,73.68638159563736,STALE_HIGH_OPPORTUNITY,1270,34.0
6229,content_687862c62bcdcf10,73.68638159563736,STALE_HIGH_OPPORTUNITY,1270,34.0
6230,content_5a78c27df80e575e,73.68152396055135,STALE_HIGH_OPPORTUNITY,1269,34.0
6231,content_3a7e475e203eeb1d,73.68152396055135,STALE_HIGH_OPPORTUNITY,1269,34.0
6232,content_1530f648ba52f7cd,73.68152396055135,STALE_HIGH_OPPORTUNITY,1269,34.0
6233,content_122e2b538e309456,73.67782793385547,STALE_HIGH_OPPORTUNITY,1268,34.0
6234,content_d51cbb47b4ed3786,73.67782793385547,STALE_HIGH_OPPORTUNITY,1268,34.0
6235,content_923341c07e46c8a2,73.6743431086851,STALE_HIGH_OPPORTUNITY,1267,34.0
6236,content_7a9fe6be52cd4327,73.6743431086851,STALE_HIGH_OPPORTUNITY,1267,34.0
6237,content_c1a035dfbf8d2a79,73.6743431086851,STALE_HIGH_OPPORTUNITY,1267,34.0
6238,content_953ba803b8da6472,73.6743431086851,STALE_HIGH_OPPORTUNITY,1267,34.0
6239,content_9428fd2422cd3777,73.67117508580291,STALE_HIGH_OPPORTUNITY,1266,34.0
6240,content_eb402d8bde2a72c8,73.67117508580291,STALE_HIGH_OPPORTUNITY,1266,34.0
6241,content_90736c7a15e7fd95,73.67117508580291,STALE_HIGH_OPPORTUNITY,1266,34.0
6242,content_0301917969d9fba2,73.67117508580291,STALE_HIGH_OPPORTUNITY,1266,34.0
6243,content_93115990b4b68f83,73.67117508580291,STALE_HIGH_OPPORTUNITY,1266,34.0
6244,content_0dca64c4bd1e487f,73.66821826444621,STALE_HIGH_OPPORTUNITY,1265,34.0
6245,content_1d2ae347685da00f,73.66821826444621,STALE_HIGH_OPPORTUNITY,1265,34.0
6246,content_678a892b43be121b,73.66821826444621,STALE_HIGH_OPPORTUNITY,1265,34.0
6247,content_e47879ea0243d93c,73.66821826444621,STALE_HIGH_OPPORTUNITY,1265,34.0
6248,content_319b3da725750b51,73.66526144308952,STALE_HIGH_OPPORTUNITY,1264,34.0
6249,content_b06a8b682a7161f4,73.66526144308952,STALE_HIGH_OPPORTUNITY,1264,34.0
6250,content_67d101691dba6bdc,73.66526144308952,STALE_HIGH_OPPORTUNITY,1264,34.0
6251,content_ea19914e2f4436aa,73.66251582325827,STALE_HIGH_OPPORTUNITY,1263,34.0
6252,content_2fe3d9409fda254d,73.66251582325827,STALE_HIGH_OPPORTUNITY,1263,34.0
6253,content_209bd1c49f237604,73.65977020342706,STALE_HIGH_OPPORTUNITY,1262,34.0
6254,content_8d59489981f3fbd6,73.65977020342706,STALE_HIGH_OPPORTUNITY,1262,34.0
6255,content_a93d3c573d8717f8,73.65977020342706,STALE_HIGH_OPPORTUNITY,1262,34.0
6256,content_3fab22950b9c7a94,73.65586297520572,STALE_HIGH_OPPORTUNITY,1261,34.0
6257,content_b6c716f6d4db153f,73.65586297520572,STALE_HIGH_OPPORTUNITY,1261,34.0
6258,content_d86f6cde8d7afe84,73.65586297520572,STALE_HIGH_OPPORTUNITY,1261,34.0
6259,content_a7b05d4fa252ef1a,73.65586297520572,STALE_HIGH_OPPORTUNITY,1261,34.0
6260,content_ba76efe89e73353d,73.65586297520572,STALE_HIGH_OPPORTUNITY,1261,34.0
6261,content_eee6e13a73da82a0,73.65153334393341,STALE_HIGH_OPPORTUNITY,1260,34.0
6262,content_2611bdd55d809599,73.65153334393341,STALE_HIGH_OPPORTUNITY,1260,34.0
6263,content_e2349124977d592a,73.65153334393341,STALE_HIGH_OPPORTUNITY,1260,34.0
6264,content_d18bcbfd55da6224,73.65153334393341,STALE_HIGH_OPPORTUNITY,1260,34.0
6265,content_98f6ec7541b37426,73.65153334393341,STALE_HIGH_OPPORTUNITY,1260,34.0
6266,content_0f2f88ef47c5faa2,73.65153334393341,STALE_HIGH_OPPORTUNITY,1260,34.0
6267,content_5eadaab842688b25,73.64741491418658,STALE_HIGH_OPPORTUNITY,1259,34.0
6268,content_3cf1b54b8cccaa9a,73.64741491418658,STALE_HIGH_OPPORTUNITY,1259,34.0
6269,content_aa131960971d329e,73.64741491418658,STALE_HIGH_OPPORTUNITY,1259,34.0
6270,content_88569ece8f373d55,73.64741491418658,STALE_HIGH_OPPORTUNITY,1259,34.0
6271,content_59b825a092b43d9a,73.64741491418658,STALE_HIGH_OPPORTUNITY,1259,34.0
6272,content_70c2dd9fd032b476,73.6434020852025,STALE_HIGH_OPPORTUNITY,1258,34.0
6273,content_8d28be93c907d3f8,73.6434020852025,STALE_HIGH_OPPORTUNITY,1258,34.0
6274,content_f681c78df0dba8b4,73.6434020852025,STALE_HIGH_OPPORTUNITY,1258,34.0
6275,content_6b3f3ec947c45de0,73.6434020852025,STALE_HIGH_OPPORTUNITY,1258,34.0
6276,content_7a0187afb14b64e1,73.6434020852025,STALE_HIGH_OPPORTUNITY,1258,34.0
6277,content_dc23f3e834320933,73.63970605850662,STALE_HIGH_OPPORTUNITY,1257,34.0
6278,content_92ddb775e2a3a67b,73.63970605850662,STALE_HIGH_OPPORTUNITY,1257,34.0
6279,content_069fa5dda635a96f,73.63970605850662,STALE_HIGH_OPPORTUNITY,1257,34.0
6280,content_8dd06bb1a3a47142,73.63970605850662,STALE_HIGH_OPPORTUNITY,1257,34.0
6281,content_ee8a79ba4034a9f2,73.63970605850662,STALE_HIGH_OPPORTUNITY,1257,34.0
6282,content_2e94aa0a9972b22c,73.63970605850662,STALE_HIGH_OPPORTUNITY,1257,34.0
6283,content_ee7f65a70bd2d1dd,73.63970605850662,STALE_HIGH_OPPORTUNITY,1257,34.0
6284,content_58d1f853f14b28d4,73.63622123333622,STALE_HIGH_OPPORTUNITY,1256,34.0
6285,content_8510ff398e31e0bd,73.63622123333622,STALE_HIGH_OPPORTUNITY,1256,34.0
6286,content_3181ddfca8eec3b1,73.63622123333622,STALE_HIGH_OPPORTUNITY,1256,34.0
6287,content_86e7f87c07d7e61d,73.63622123333622,STALE_HIGH_OPPORTUNITY,1256,34.0
6288,content_f34f1103d8c57152,73.63622123333622,STALE_HIGH_OPPORTUNITY,1256,34.0
6289,content_e43076f7684057ba,73.63622123333622,STALE_HIGH_OPPORTUNITY,1256,34.0
6290,content_e591a7bc9b1e9299,73.63263080740309,STALE_HIGH_OPPORTUNITY,1255,34.0
6291,content_9ffd7a16e9bcd052,73.63263080740309,STALE_HIGH_OPPORTUNITY,1255,34.0
6292,content_4b83fcaaa9729394,73.6280899746053,STALE_HIGH_OPPORTUNITY,1254,34.0
6293,content_f61ed143f9ae05ec,73.6280899746053,STALE_HIGH_OPPORTUNITY,1254,34.0
6294,content_f8deb900838273f8,73.6280899746053,STALE_HIGH_OPPORTUNITY,1254,34.0
6295,content_23641fd38c96e922,73.6280899746053,STALE_HIGH_OPPORTUNITY,1254,34.0
6296,content_994b1b03a68a73b8,73.62787311099348,STALE_HIGH_OPPORTUNITY,111,131.0
6297,content_7cf990eb1c86edbd,73.62449954867216,STALE_HIGH_OPPORTUNITY,1253,34.0
6298,content_8aa9c3f31b5f989a,73.62449954867216,STALE_HIGH_OPPORTUNITY,1253,34.0
6299,content_9416e6131123df98,73.62133152579,STALE_HIGH_OPPORTUNITY,1252,34.0
6300,content_900ea2da81211592,73.62133152579,STALE_HIGH_OPPORTUNITY,1252,34.0
6301,content_e8e65b17e37b8687,73.62133152579,STALE_HIGH_OPPORTUNITY,1252,34.0
6302,content_4932fc883a80d00d,73.61636828994125,STALE_HIGH_OPPORTUNITY,1251,34.0
6303,content_0298198f9858f242,73.61636828994125,STALE_HIGH_OPPORTUNITY,1251,34.0
6304,content_261d3133c99b7214,73.61636828994125,STALE_HIGH_OPPORTUNITY,1251,34.0
6305,content_d28a5d04991ef608,73.61636828994125,STALE_HIGH_OPPORTUNITY,1251,34.0
6306,content_caae3714bc69c262,73.61636828994125,STALE_HIGH_OPPORTUNITY,1251,34.0
6307,content_56ba00d6556cbfb3,73.61136543375028,STALE_HIGH_OPPORTUNITY,40,243.0
6308,content_25f3cb645f59f734,73.61077144951606,STALE_HIGH_OPPORTUNITY,1250,34.0
6309,content_0ffa3afdf5132c88,73.61077144951606,STALE_HIGH_OPPORTUNITY,1250,34.0
6310,content_f6281477a62c44b5,73.61077144951606,STALE_HIGH_OPPORTUNITY,1250,34.0
6311,content_12f8498fa741aba8,73.60612501595554,STALE_HIGH_OPPORTUNITY,1249,34.0
6312,content_396a758e8bddba81,73.60612501595554,STALE_HIGH_OPPORTUNITY,1249,34.0
6313,content_c82da0f31d929c4b,73.60612501595554,STALE_HIGH_OPPORTUNITY,1249,34.0
6314,content_a77ba1a41781a592,73.60612501595554,STALE_HIGH_OPPORTUNITY,1249,34.0
6315,content_d8fc5efcc693a158,73.60612501595554,STALE_HIGH_OPPORTUNITY,1249,34.0
6316,content_034a939214a4c7be,73.60612501595554,STALE_HIGH_OPPORTUNITY,1249,34.0
6317,content_1b612408eae2bd95,73.60612501595554,STALE_HIGH_OPPORTUNITY,1249,34.0
6318,content_ba6855d45dfd1f23,73.60295699307336,STALE_HIGH_OPPORTUNITY,1248,34.0
6319,content_7d0e25bd63b12027,73.60295699307336,STALE_HIGH_OPPORTUNITY,1248,34.0
6320,content_38aa775894589ffd,73.59978897019118,STALE_HIGH_OPPORTUNITY,1247,34.0
6321,content_f1bb5101b835e918,73.59978897019118,STALE_HIGH_OPPORTUNITY,1247,34.0
6322,content_b3ad93cdf484e72a,73.59978897019118,STALE_HIGH_OPPORTUNITY,1247,34.0
6323,content_ee9649152361c691,73.59978897019118,STALE_HIGH_OPPORTUNITY,1247,34.0
6324,content_077bee5ee97a1e6b,73.59588174196985,STALE_HIGH_OPPORTUNITY,1246,34.0
6325,content_a85d7fa690d0d1e1,73.59588174196985,STALE_HIGH_OPPORTUNITY,1246,34.0
6326,content_a30f12eb65711a32,73.59588174196985,STALE_HIGH_OPPORTUNITY,1246,34.0
6327,content_8f6ef30f9c6da1b5,73.59250251756218,STALE_HIGH_OPPORTUNITY,1245,34.0
6328,content_f3524b49f5f81374,73.59250251756218,STALE_HIGH_OPPORTUNITY,1245,34.0
6329,content_7e05cf16998d799f,73.59112643447575,STALE_HIGH_OPPORTUNITY,114,124.0
6330,content_6393f6a1e1b99628,73.59021680319009,STALE_HIGH_OPPORTUNITY,151,36.0
6331,content_74cb86b69eb18e99,73.59021680319009,STALE_HIGH_OPPORTUNITY,151,36.0
6332,content_7038e1d1353f0513,73.58933449468,STALE_HIGH_OPPORTUNITY,1244,34.0
6333,content_e2cffb16cffb8de7,73.58933449468,STALE_HIGH_OPPORTUNITY,1244,34.0
6334,content_e1455eaddb3f94dc,73.58933449468,STALE_HIGH_OPPORTUNITY,1244,34.0
6335,content_bdf7ca7c168cc6f6,73.58933449468,STALE_HIGH_OPPORTUNITY,1244,34.0
6336,content_5dc880b75858d423,73.58933449468,STALE_HIGH_OPPORTUNITY,1244,34.0
6337,content_e473fb6f3ab9c442,73.58606087103509,STALE_HIGH_OPPORTUNITY,1243,34.0
6338,content_d721f2894be4a885,73.58606087103509,STALE_HIGH_OPPORTUNITY,1243,34.0
6339,content_427232fc229d2258,73.58606087103509,STALE_HIGH_OPPORTUNITY,1243,34.0
6340,content_cf976b5ff5c045dc,73.58510480208409,STALE_HIGH_OPPORTUNITY,110,131.0
6341,content_613e4a79f4a153c0,73.58352645272936,STALE_HIGH_OPPORTUNITY,1242,34.0
6342,content_6edc76871cae5b8e,73.58352645272936,STALE_HIGH_OPPORTUNITY,1242,34.0
6343,content_e0610b9c3d661e90,73.58352645272936,STALE_HIGH_OPPORTUNITY,1242,34.0
6344,content_fba9ea35ced0c043,73.58352645272936,STALE_HIGH_OPPORTUNITY,1242,34.0
6345,content_fa285177cb9687ef,73.58352645272936,STALE_HIGH_OPPORTUNITY,1242,34.0
6346,content_3314033dbd072ccc,73.58292591858795,STALE_HIGH_OPPORTUNITY,158,35.0
6347,content_d1366e66c027c731,73.5815200382373,STALE_HIGH_OPPORTUNITY,1241,34.0
6348,content_69979180d150d3f6,73.57835201535514,STALE_HIGH_OPPORTUNITY,1240,34.0
6349,content_608104877ef9aac6,73.57835201535514,STALE_HIGH_OPPORTUNITY,1240,34.0
6350,content_2703300e33c78c52,73.57835201535514,STALE_HIGH_OPPORTUNITY,1240,34.0
6351,content_5fe0aaf21402b5b0,73.57835201535514,STALE_HIGH_OPPORTUNITY,1240,34.0
6352,content_868c1788a59229fd,73.57835201535514,STALE_HIGH_OPPORTUNITY,1240,34.0
6353,content_db20ea5208392ffc,73.57465598865926,STALE_HIGH_OPPORTUNITY,1239,34.0
6354,content_aacf3cd37439ce4c,73.57465598865926,STALE_HIGH_OPPORTUNITY,1239,34.0
6355,content_ef720c3526c95134,73.57465598865926,STALE_HIGH_OPPORTUNITY,1239,34.0
6356,content_91d4103819e4dbf6,73.57465598865926,STALE_HIGH_OPPORTUNITY,1239,34.0
6357,content_3dbd37a21d34a346,73.57191036882804,STALE_HIGH_OPPORTUNITY,1238,34.0
6358,content_4827a819202c5fbc,73.57191036882804,STALE_HIGH_OPPORTUNITY,1238,34.0
6359,content_07da138eb880c3bf,73.57191036882804,STALE_HIGH_OPPORTUNITY,1238,34.0
6360,content_192302e65903b04a,73.56863674518311,STALE_HIGH_OPPORTUNITY,1237,34.0
6361,content_ac7c174302014554,73.56863674518311,STALE_HIGH_OPPORTUNITY,1237,34.0
6362,content_3e5552dacbfb8e15,73.56863674518311,STALE_HIGH_OPPORTUNITY,1237,34.0
6363,content_fd7b7f58af0acd17,73.56863674518311,STALE_HIGH_OPPORTUNITY,1237,34.0
6364,content_b85c606ed4e64eb2,73.56863674518311,STALE_HIGH_OPPORTUNITY,1237,34.0
6365,content_9c3e27a3b8301913,73.56863674518311,STALE_HIGH_OPPORTUNITY,1237,34.0
6366,content_1b49b23398c203de,73.56863674518311,STALE_HIGH_OPPORTUNITY,1237,34.0
6367,content_792ee73cfae68291,73.56472951696176,STALE_HIGH_OPPORTUNITY,1236,34.0
6368,content_0210e5cae0173b96,73.56039988568946,STALE_HIGH_OPPORTUNITY,1235,34.0
6369,content_83be253e492d95bf,73.56039988568946,STALE_HIGH_OPPORTUNITY,1235,34.0
6370,content_25e27a543662252b,73.56039988568946,STALE_HIGH_OPPORTUNITY,1235,34.0
6371,content_312b4ffccc264451,73.56039988568946,STALE_HIGH_OPPORTUNITY,1235,34.0
6372,content_eb696ac84a149947,73.55596465365443,STALE_HIGH_OPPORTUNITY,1234,34.0
6373,content_5f86929842fcc95b,73.55596465365443,STALE_HIGH_OPPORTUNITY,1234,34.0
6374,content_357d69379b24be2d,73.55596465365443,STALE_HIGH_OPPORTUNITY,1234,34.0
6375,content_30d49fba009364f8,73.55596465365443,STALE_HIGH_OPPORTUNITY,1234,34.0
6376,content_202a0e09882d3aed,73.55596465365443,STALE_HIGH_OPPORTUNITY,1234,34.0
6377,content_85a8ae448ca552c8,73.55195182467033,STALE_HIGH_OPPORTUNITY,1233,34.0
6378,content_2fcd67e44434f2be,73.55195182467033,STALE_HIGH_OPPORTUNITY,1233,34.0
6379,content_628ad0b9f90f83de,73.55195182467033,STALE_HIGH_OPPORTUNITY,1233,34.0
6380,content_ae5346d7fa784e92,73.55195182467033,STALE_HIGH_OPPORTUNITY,1233,34.0
6381,content_cd18698441417276,73.54656618577062,STALE_HIGH_OPPORTUNITY,1232,34.0
6382,content_2e6303447da3039d,73.54656618577062,STALE_HIGH_OPPORTUNITY,1232,34.0
6383,content_83d448789fb92ad7,73.54656618577062,STALE_HIGH_OPPORTUNITY,1232,34.0
6384,content_de2ee80909697d59,73.54656618577062,STALE_HIGH_OPPORTUNITY,1232,34.0
6385,content_350949faf23992b7,73.54656618577062,STALE_HIGH_OPPORTUNITY,1232,34.0
6386,content_b2d891329e2dcbfa,73.54065254305723,STALE_HIGH_OPPORTUNITY,1231,34.0
6387,content_9e548068108b5f7c,73.54065254305723,STALE_HIGH_OPPORTUNITY,1231,34.0
6388,content_939d896501b78abc,73.54065254305723,STALE_HIGH_OPPORTUNITY,1231,34.0
6389,content_9178efbe2cbb66d1,73.54065254305723,STALE_HIGH_OPPORTUNITY,1231,34.0
6390,content_c3720b0fb895d385,73.54065254305723,STALE_HIGH_OPPORTUNITY,1231,34.0
6391,content_ebf7d5b38ea54c9a,73.54065254305723,STALE_HIGH_OPPORTUNITY,1231,34.0
6392,content_2a85e1f3b65476b3,73.54065254305723,STALE_HIGH_OPPORTUNITY,1231,34.0
6393,content_4211fa3995be68ce,73.53653411331041,STALE_HIGH_OPPORTUNITY,1230,34.0
6394,content_3c16f97dc36b948b,73.53653411331041,STALE_HIGH_OPPORTUNITY,1230,34.0
6395,content_d28d9345c22e5f9e,73.53653411331041,STALE_HIGH_OPPORTUNITY,1230,34.0
6396,content_0ae27e17f7a99f55,73.53220448203808,STALE_HIGH_OPPORTUNITY,1229,34.0
6397,content_1c6ae9966a48b98a,73.53220448203808,STALE_HIGH_OPPORTUNITY,1229,34.0
6398,content_6bfc306f357ac684,73.53220448203808,STALE_HIGH_OPPORTUNITY,1229,34.0
6399,content_9b71c2db42a1625c,73.52703004466386,STALE_HIGH_OPPORTUNITY,1228,34.0
6400,content_934a71e76824b850,73.52703004466386,STALE_HIGH_OPPORTUNITY,1228,34.0
6401,content_5301df7510d61df6,73.52703004466386,STALE_HIGH_OPPORTUNITY,1228,34.0
6402,content_2029287cac2955cd,73.52703004466386,STALE_HIGH_OPPORTUNITY,1228,34.0
6403,content_842a4461cc07453a,73.52703004466386,STALE_HIGH_OPPORTUNITY,1228,34.0
6404,content_10f89807140b2e13,73.52703004466386,STALE_HIGH_OPPORTUNITY,1228,34.0
6405,content_67aef63e93e591c5,73.52259481262882,STALE_HIGH_OPPORTUNITY,1227,34.0
6406,content_f6cb11ddace9e9f2,73.52259481262882,STALE_HIGH_OPPORTUNITY,1227,34.0
6407,content_34bca2e4c361047f,73.52259481262882,STALE_HIGH_OPPORTUNITY,1227,34.0
6408,content_b7a17cbe47186466,73.51837078211925,STALE_HIGH_OPPORTUNITY,1226,34.0
6409,content_12bcfabe59b96e95,73.51837078211925,STALE_HIGH_OPPORTUNITY,1226,34.0
6410,content_f898c9dea7741e6f,73.51837078211925,STALE_HIGH_OPPORTUNITY,1226,34.0
6411,content_d950a051ae911bf3,73.51414675160967,STALE_HIGH_OPPORTUNITY,1225,34.0
6412,content_f575c3a9b0022582,73.51414675160967,STALE_HIGH_OPPORTUNITY,1225,34.0
6413,content_9939646d244a467a,73.51414675160967,STALE_HIGH_OPPORTUNITY,1225,34.0
6414,content_9e7c9c3b75098685,73.51414675160967,STALE_HIGH_OPPORTUNITY,1225,34.0
6415,content_97b889654a78acc3,73.51414675160967,STALE_HIGH_OPPORTUNITY,1225,34.0
6416,content_b1ffb27e20ae059f,73.50939471728641,STALE_HIGH_OPPORTUNITY,1224,34.0
6417,content_269a617e899a806f,73.50939471728641,STALE_HIGH_OPPORTUNITY,1224,34.0
6418,content_ca2bcf8c3e04e3c5,73.50939471728641,STALE_HIGH_OPPORTUNITY,1224,34.0
6419,content_e738b435b0f28aaf,73.50939471728641,STALE_HIGH_OPPORTUNITY,1224,34.0
6420,content_2a78d46de257dbac,73.50939471728641,STALE_HIGH_OPPORTUNITY,1224,34.0
6421,content_797b1be2f41ba394,73.50939471728641,STALE_HIGH_OPPORTUNITY,1224,34.0
6422,content_62964d5f6110f947,73.50939471728641,STALE_HIGH_OPPORTUNITY,1224,34.0
6423,content_4d864f0b7abc4e20,73.50939471728641,STALE_HIGH_OPPORTUNITY,1224,34.0
6424,content_7f87609ce93c31d9,73.50939471728641,STALE_HIGH_OPPORTUNITY,1224,34.0
6425,content_b1454c51588d00dc,73.50432588067493,STALE_HIGH_OPPORTUNITY,1223,34.0
6426,content_6ba380606138d6df,73.50432588067493,STALE_HIGH_OPPORTUNITY,1223,34.0
6427,content_1c6d93acf0843901,73.50432588067493,STALE_HIGH_OPPORTUNITY,1223,34.0
6428,content_71c1f61ae057f05f,73.50432588067493,STALE_HIGH_OPPORTUNITY,1223,34.0
6429,content_e218cbb4585e9a6f,73.50432588067493,STALE_HIGH_OPPORTUNITY,1223,34.0
6430,content_1fac3069eee6cfbe,73.50432588067493,STALE_HIGH_OPPORTUNITY,1223,34.0
6431,content_286fc8a73960f900,73.49957384635167,STALE_HIGH_OPPORTUNITY,1222,34.0
6432,content_6a45deae9837c0ef,73.49957384635167,STALE_HIGH_OPPORTUNITY,1222,34.0
6433,content_1bd44d529cb18205,73.49957384635167,STALE_HIGH_OPPORTUNITY,1222,34.0
6434,content_a7e22e1e07624544,73.49577221889305,STALE_HIGH_OPPORTUNITY,1221,34.0
6435,content_451a5d1b0e4a92dc,73.49577221889305,STALE_HIGH_OPPORTUNITY,1221,34.0
6436,content_e6a75feaa6ff1b51,73.49239299448541,STALE_HIGH_OPPORTUNITY,1220,34.0
6437,content_1a4eb450690b976e,73.49239299448541,STALE_HIGH_OPPORTUNITY,1220,34.0
6438,content_cff3da48a53ea8da,73.49239299448541,STALE_HIGH_OPPORTUNITY,1220,34.0
6439,content_415cab3ec66dc8bc,73.48816896397582,STALE_HIGH_OPPORTUNITY,1219,34.0
6440,content_fac1f43da84bccfe,73.48816896397582,STALE_HIGH_OPPORTUNITY,1219,34.0
6441,content_b9fbd001ab483699,73.48816896397582,STALE_HIGH_OPPORTUNITY,1219,34.0
6442,content_3921ff774050f8fd,73.48816896397582,STALE_HIGH_OPPORTUNITY,1219,34.0
6443,content_c4f17ea5618f68d4,73.48816896397582,STALE_HIGH_OPPORTUNITY,1219,34.0
6444,content_655924061b6814e8,73.48816896397582,STALE_HIGH_OPPORTUNITY,1219,34.0
6445,content_190ef513f1eb0db7,73.48352253041531,STALE_HIGH_OPPORTUNITY,1218,34.0
6446,content_c6bd792c029f4cb2,73.48352253041531,STALE_HIGH_OPPORTUNITY,1218,34.0
6447,content_70671a075ceabd36,73.48352253041531,STALE_HIGH_OPPORTUNITY,1218,34.0
6448,content_a8f116e35baf53e0,73.48352253041531,STALE_HIGH_OPPORTUNITY,1218,34.0
6449,content_19fb7a0b025b2b94,73.4797209029567,STALE_HIGH_OPPORTUNITY,1217,34.0
6450,content_e38ca2c12e9b8e63,73.4797209029567,STALE_HIGH_OPPORTUNITY,1217,34.0
6451,content_f090f674e8a36cc8,73.4797209029567,STALE_HIGH_OPPORTUNITY,1217,34.0
6452,content_be52182afbc0c24d,73.4797209029567,STALE_HIGH_OPPORTUNITY,1217,34.0
6453,content_1e32ebebaeba4a5e,73.47665848083726,STALE_HIGH_OPPORTUNITY,1216,34.0
6454,content_1e8a0e1f29056492,73.47665848083726,STALE_HIGH_OPPORTUNITY,1216,34.0
6455,content_857f10589895046b,73.47665848083726,STALE_HIGH_OPPORTUNITY,1216,34.0
6456,content_009f314e12290b6f,73.47665848083726,STALE_HIGH_OPPORTUNITY,1216,34.0
6457,content_67414fc57eb66151,73.47222324880221,STALE_HIGH_OPPORTUNITY,1215,34.0
6458,content_bbcfba786761630c,73.47222324880221,STALE_HIGH_OPPORTUNITY,1215,34.0
6459,content_7fa6fc8ff62d2771,73.47222324880221,STALE_HIGH_OPPORTUNITY,1215,34.0
6460,content_5f4661d17cff94c3,73.47222324880221,STALE_HIGH_OPPORTUNITY,1215,34.0
6461,content_24e1886bf8d77d45,73.47222324880221,STALE_HIGH_OPPORTUNITY,1215,34.0
6462,content_982d989db9c94835,73.47222324880221,STALE_HIGH_OPPORTUNITY,1215,34.0
6463,content_521af0ae63f6316f,73.46704881142799,STALE_HIGH_OPPORTUNITY,1214,34.0
6464,content_82c0af915bb94fa6,73.46704881142799,STALE_HIGH_OPPORTUNITY,1214,34.0
6465,content_69084136601ffc28,73.46293038168116,STALE_HIGH_OPPORTUNITY,1213,34.0
6466,content_3d043279f93d8967,73.46293038168116,STALE_HIGH_OPPORTUNITY,1213,34.0
6467,content_a8df3264e941770b,73.45933995574802,STALE_HIGH_OPPORTUNITY,1212,34.0
6468,content_924fcfa2714a8454,73.45906357961533,STALE_HIGH_OPPORTUNITY,80,141.0
6469,content_ae86ca4d532c4f6e,73.45564392905214,STALE_HIGH_OPPORTUNITY,1211,34.0
6470,content_e059035b8afe39c1,73.45564392905214,STALE_HIGH_OPPORTUNITY,1211,34.0
6471,content_421ba2c35e1199c4,73.45564392905214,STALE_HIGH_OPPORTUNITY,1211,34.0
6472,content_b41bacc04166d1fd,73.45163110006806,STALE_HIGH_OPPORTUNITY,1210,34.0
6473,content_3d28d6c29fbc857d,73.45163110006806,STALE_HIGH_OPPORTUNITY,1210,34.0
6474,content_14479daa010b4dd7,73.45163110006806,STALE_HIGH_OPPORTUNITY,1210,34.0
6475,content_d66f26ec321c5e02,73.45163110006806,STALE_HIGH_OPPORTUNITY,1210,34.0
6476,content_9564b3f6e1d695c2,73.44818377730583,STALE_HIGH_OPPORTUNITY,147,36.0
6477,content_73301ac3bfc14ef1,73.44687906574481,STALE_HIGH_OPPORTUNITY,1209,34.0
6478,content_6ca48572c80b0452,73.44687906574481,STALE_HIGH_OPPORTUNITY,1209,34.0
6479,content_02554dcd437a5c6c,73.44687906574481,STALE_HIGH_OPPORTUNITY,1209,34.0
6480,content_f3be8fc01d77dd54,73.44687906574481,STALE_HIGH_OPPORTUNITY,1209,34.0
6481,content_aacbd6cae5ef9ee1,73.44233823294701,STALE_HIGH_OPPORTUNITY,1208,34.0
6482,content_5e8b5fb45b2837ea,73.44233823294701,STALE_HIGH_OPPORTUNITY,1208,34.0
6483,content_ce685d06c3bc119f,73.44233823294701,STALE_HIGH_OPPORTUNITY,1208,34.0
6484,content_23ea55caaeff3442,73.44233823294701,STALE_HIGH_OPPORTUNITY,1208,34.0
6485,content_a7cd8e776032756f,73.44233823294701,STALE_HIGH_OPPORTUNITY,1208,34.0
6486,content_35e5eb65c622a8e4,73.44233823294701,STALE_HIGH_OPPORTUNITY,1208,34.0
6487,content_ff3856b6364633c7,73.43695259404731,STALE_HIGH_OPPORTUNITY,1207,34.0
6488,content_6fc9a5aec097f862,73.43695259404731,STALE_HIGH_OPPORTUNITY,1207,34.0
6489,content_32933bb4b286da9d,73.43695259404731,STALE_HIGH_OPPORTUNITY,1207,34.0
6490,content_14092fb4b191e22b,73.43695259404731,STALE_HIGH_OPPORTUNITY,1207,34.0
6491,content_7db27fb3fc4d5fae,73.43695259404731,STALE_HIGH_OPPORTUNITY,1207,34.0
6492,content_bc60ac5343bdced0,73.43695259404731,STALE_HIGH_OPPORTUNITY,1207,34.0
6493,content_1b243d24ff09a26c,73.43695259404731,STALE_HIGH_OPPORTUNITY,1207,34.0
6494,content_f372d092b5f56948,73.43695259404731,STALE_HIGH_OPPORTUNITY,1207,34.0
6495,content_b281be955d0debd5,73.43695259404731,STALE_HIGH_OPPORTUNITY,1207,34.0
6496,content_675b4524aa4ae06c,73.43695259404731,STALE_HIGH_OPPORTUNITY,1207,34.0
6497,content_3b2497caa69b7eef,73.43188375743583,STALE_HIGH_OPPORTUNITY,1206,34.0
6498,content_8e08ed0112f358cb,73.43188375743583,STALE_HIGH_OPPORTUNITY,1206,34.0
6499,content_690bd56ea17faf12,73.43188375743583,STALE_HIGH_OPPORTUNITY,1206,34.0
6500,content_a0c92525762059a4,73.43188375743583,STALE_HIGH_OPPORTUNITY,1206,34.0
6501,content_9189d84ca9d27db2,73.42787092845174,STALE_HIGH_OPPORTUNITY,1205,34.0
6502,content_4aaa40c22653168a,73.42787092845174,STALE_HIGH_OPPORTUNITY,1205,34.0
6503,content_00baca90889c56f7,73.42787092845174,STALE_HIGH_OPPORTUNITY,1205,34.0
6504,content_2326502a15cc8ad3,73.42787092845174,STALE_HIGH_OPPORTUNITY,1205,34.0
6505,content_bf145f4bc96c2f42,73.42787092845174,STALE_HIGH_OPPORTUNITY,1205,34.0
6506,content_00a2c3c7304e633d,73.42364689794216,STALE_HIGH_OPPORTUNITY,1204,34.0
6507,content_8b8de688e905046b,73.42364689794216,STALE_HIGH_OPPORTUNITY,1204,34.0
6508,content_4e1cdc680bb58304,73.42364689794216,STALE_HIGH_OPPORTUNITY,1204,34.0
6509,content_d5cc79cd02ff8cd8,73.42047887505998,STALE_HIGH_OPPORTUNITY,1203,34.0
6510,content_7450883a45e34825,73.41688844912686,STALE_HIGH_OPPORTUNITY,1202,34.0
6511,content_9b040f4248a7099c,73.41688844912686,STALE_HIGH_OPPORTUNITY,1202,34.0
6512,content_757d2baba41ae1ba,73.41688844912686,STALE_HIGH_OPPORTUNITY,1202,34.0
6513,content_a22cfb68c6a16b5a,73.41319242243098,STALE_HIGH_OPPORTUNITY,1201,34.0
6514,content_1b1cb2bff0da7814,73.41319242243098,STALE_HIGH_OPPORTUNITY,1201,34.0
6515,content_84d2842b4c98d1af,73.41319242243098,STALE_HIGH_OPPORTUNITY,1201,34.0
6516,content_d72eff55b28528a2,73.41319242243098,STALE_HIGH_OPPORTUNITY,1201,34.0
6517,content_763f01749fc980fa,73.41319242243098,STALE_HIGH_OPPORTUNITY,1201,34.0
6518,content_3e91ccb9df77a7cf,73.40527236522553,STALE_HIGH_OPPORTUNITY,1199,34.0
6519,content_7a9a399222a6a1b6,73.40527236522553,STALE_HIGH_OPPORTUNITY,1199,34.0
6520,content_016d125d80d9d257,73.40527236522553,STALE_HIGH_OPPORTUNITY,1199,34.0
6521,content_a4ac7496be72cf4a,73.40527236522553,STALE_HIGH_OPPORTUNITY,1199,34.0
6522,content_3770922e997c5161,73.40527236522553,STALE_HIGH_OPPORTUNITY,1199,34.0
6523,content_aea0d6865336f7f8,73.39988672632585,STALE_HIGH_OPPORTUNITY,1198,34.0
6524,content_ac954f767c1d1488,73.39988672632585,STALE_HIGH_OPPORTUNITY,1198,34.0
6525,content_1ea99aa7351c760f,73.39988672632585,STALE_HIGH_OPPORTUNITY,1198,34.0
6526,content_4289fd9aab6c3d91,73.39988672632585,STALE_HIGH_OPPORTUNITY,1198,34.0
6527,content_413eb492a5c86a51,73.39988672632585,STALE_HIGH_OPPORTUNITY,1198,34.0
6528,content_b3e2aca6c3c1937e,73.39397308361244,STALE_HIGH_OPPORTUNITY,1197,34.0
6529,content_3057171d565c2384,73.39397308361244,STALE_HIGH_OPPORTUNITY,1197,34.0
6530,content_6f9df2f8350a1f8c,73.39397308361244,STALE_HIGH_OPPORTUNITY,1197,34.0
6531,content_ac9f976d96117b7f,73.39397308361244,STALE_HIGH_OPPORTUNITY,1197,34.0
6532,content_c628c2c822ec0443,73.39397308361244,STALE_HIGH_OPPORTUNITY,1197,34.0
6533,content_4ffec5e162daa077,73.38848184395,STALE_HIGH_OPPORTUNITY,1196,34.0
6534,content_0fb1425f1a8d23fa,73.38848184395,STALE_HIGH_OPPORTUNITY,1196,34.0
6535,content_c792bb65a559ebe0,73.38848184395,STALE_HIGH_OPPORTUNITY,1196,34.0
6536,content_b68279c869e24aa8,73.38848184395,STALE_HIGH_OPPORTUNITY,1196,34.0
6537,content_cbf1bcb25d2ff03b,73.38848184395,STALE_HIGH_OPPORTUNITY,1196,34.0
6538,content_40985329b42f4627,73.38848184395,STALE_HIGH_OPPORTUNITY,1196,34.0
6539,content_c72c00a43f6706ce,73.38510261954235,STALE_HIGH_OPPORTUNITY,1195,34.0
6540,content_6221c7ef171dd1d5,73.38510261954235,STALE_HIGH_OPPORTUNITY,1195,34.0
6541,content_b664a38a4f495981,73.38510261954235,STALE_HIGH_OPPORTUNITY,1195,34.0
6542,content_8dd1689a55514438,73.38510261954235,STALE_HIGH_OPPORTUNITY,1195,34.0
6543,content_1f3c33fb2da8f489,73.38182899589742,STALE_HIGH_OPPORTUNITY,1194,34.0
6544,content_54d424ad1cd36430,73.38182899589742,STALE_HIGH_OPPORTUNITY,1194,34.0
6545,content_94b476043049d291,73.38182899589742,STALE_HIGH_OPPORTUNITY,1194,34.0
6546,content_353ee7a80fa6cd60,73.38182899589742,STALE_HIGH_OPPORTUNITY,1194,34.0
6547,content_31500bc1ad1bc4de,73.3816875649674,STALE_HIGH_OPPORTUNITY,139,57.0
6548,content_500a572d5d9ca168,73.37722006474507,STALE_HIGH_OPPORTUNITY,145,36.0
6549,content_c1e0eb22a0f1e60d,73.37665455852321,STALE_HIGH_OPPORTUNITY,1193,34.0
6550,content_ec89388603b5003b,73.37665455852321,STALE_HIGH_OPPORTUNITY,1193,34.0
6551,content_0edb0e3f8c813a2f,73.37665455852321,STALE_HIGH_OPPORTUNITY,1193,34.0
6552,content_ca0d2f102de44e4f,73.37665455852321,STALE_HIGH_OPPORTUNITY,1193,34.0
6553,content_76d4513b92e2cdd4,73.37665455852321,STALE_HIGH_OPPORTUNITY,1193,34.0
6554,content_237a401dde22a5c5,73.37665455852321,STALE_HIGH_OPPORTUNITY,1193,34.0
6555,content_d3b151c37aba74a1,73.37665455852321,STALE_HIGH_OPPORTUNITY,1193,34.0
6556,content_97ea24323bc9b66d,73.37665455852321,STALE_HIGH_OPPORTUNITY,1193,34.0
6557,content_c2dd39dc563472c8,73.3723249272509,STALE_HIGH_OPPORTUNITY,1192,34.0
6558,content_5d8ac3c59c89662d,73.3723249272509,STALE_HIGH_OPPORTUNITY,1192,34.0
6559,content_96624232bf7d654c,73.3723249272509,STALE_HIGH_OPPORTUNITY,1192,34.0
6560,content_969eb96f14be23e9,73.3723249272509,STALE_HIGH_OPPORTUNITY,1192,34.0
6561,content_6582bc69a2952099,73.36926250513146,STALE_HIGH_OPPORTUNITY,1191,34.0
6562,content_5e013e42a9e3fbbc,73.36926250513146,STALE_HIGH_OPPORTUNITY,1191,34.0
6563,content_cc9eb57ff820925c,73.36926250513146,STALE_HIGH_OPPORTUNITY,1191,34.0
6564,content_b10e6d5a5c320436,73.36926250513146,STALE_HIGH_OPPORTUNITY,1191,34.0
6565,content_8744b10c9413d7b6,73.3664112845375,STALE_HIGH_OPPORTUNITY,1190,34.0
6566,content_af1bf0e2bfba32e0,73.3664112845375,STALE_HIGH_OPPORTUNITY,1190,34.0
6567,content_d780602dabff25a9,73.3664112845375,STALE_HIGH_OPPORTUNITY,1190,34.0
6568,content_41ee3c1b46a74dbe,73.3664112845375,STALE_HIGH_OPPORTUNITY,1190,34.0
6569,content_feb540815b862b67,73.3664112845375,STALE_HIGH_OPPORTUNITY,1190,34.0
6570,content_a94305ce2b909496,73.3626096570789,STALE_HIGH_OPPORTUNITY,1189,34.0
6571,content_eee016faa5a400e5,73.3626096570789,STALE_HIGH_OPPORTUNITY,1189,34.0
6572,content_b10cde086df7b723,73.3626096570789,STALE_HIGH_OPPORTUNITY,1189,34.0
6573,content_56b281d2a18ff0eb,73.3626096570789,STALE_HIGH_OPPORTUNITY,1189,34.0
6574,content_88d16270cb3b05ff,73.3626096570789,STALE_HIGH_OPPORTUNITY,1189,34.0
6575,content_43706cda1c2784f0,73.3585968280948,STALE_HIGH_OPPORTUNITY,1188,34.0
6576,content_ac5b198ca9a80ca0,73.3585968280948,STALE_HIGH_OPPORTUNITY,1188,34.0
6577,content_6ed109c481da3d2c,73.3585968280948,STALE_HIGH_OPPORTUNITY,1188,34.0
6578,content_9a5bbbe0d4b48a7f,73.3585968280948,STALE_HIGH_OPPORTUNITY,1188,34.0
6579,content_dc36de3e7524f542,73.3585968280948,STALE_HIGH_OPPORTUNITY,1188,34.0
6580,content_3ab35a771e9d2f0b,73.35542880521263,STALE_HIGH_OPPORTUNITY,1187,34.0
6581,content_197e8ec3fd319470,73.35542880521263,STALE_HIGH_OPPORTUNITY,1187,34.0
6582,content_86045ee7c4e663a3,73.35268318538141,STALE_HIGH_OPPORTUNITY,1186,34.0
6583,content_662ff1b5fedf7c4b,73.35268318538141,STALE_HIGH_OPPORTUNITY,1186,34.0
6584,content_f1c799340b898169,73.35268318538141,STALE_HIGH_OPPORTUNITY,1186,34.0
6585,content_215dbcaea293f8a9,73.3488815579228,STALE_HIGH_OPPORTUNITY,1185,34.0
6586,content_4f23d40b855056c4,73.3488815579228,STALE_HIGH_OPPORTUNITY,1185,34.0
6587,content_b0ea6f1b83d70cd3,73.3488815579228,STALE_HIGH_OPPORTUNITY,1185,34.0
6588,content_3a44bdf6f6c006a3,73.3488815579228,STALE_HIGH_OPPORTUNITY,1185,34.0
6589,content_f012747ec1afc122,73.3488815579228,STALE_HIGH_OPPORTUNITY,1185,34.0
6590,content_f98fe78e1bc86bc5,73.3488815579228,STALE_HIGH_OPPORTUNITY,1185,34.0
6591,content_4595c3f634eecfd9,73.3488815579228,STALE_HIGH_OPPORTUNITY,1185,34.0
6592,content_9ff3c61abaea8ee2,73.3488815579228,STALE_HIGH_OPPORTUNITY,1185,34.0
6593,content_2b7664be925ff30b,73.34434072512501,STALE_HIGH_OPPORTUNITY,1184,34.0
6594,content_cb68dbe363a1275e,73.34434072512501,STALE_HIGH_OPPORTUNITY,1184,34.0
6595,content_3e2a84a8504a10cd,73.34434072512501,STALE_HIGH_OPPORTUNITY,1184,34.0
6596,content_2b5b1b3c1d9bd821,73.34434072512501,STALE_HIGH_OPPORTUNITY,1184,34.0
6597,content_27a5ea2fb71c2365,73.34434072512501,STALE_HIGH_OPPORTUNITY,1184,34.0
6598,content_40333912625170fe,73.34434072512501,STALE_HIGH_OPPORTUNITY,1184,34.0
6599,content_9499f5a2891ff789,73.34434072512501,STALE_HIGH_OPPORTUNITY,1184,34.0
6600,content_8fcc2d92e7f630de,73.34289981685482,STALE_HIGH_OPPORTUNITY,144,36.0
6601,content_928f547318ae7d2f,73.34064469842913,STALE_HIGH_OPPORTUNITY,1183,34.0
6602,content_26d56ab2e91e1530,73.34064469842913,STALE_HIGH_OPPORTUNITY,1183,34.0
6603,content_9fb6c6df3d37fce3,73.34064469842913,STALE_HIGH_OPPORTUNITY,1183,34.0
6604,content_0f27c9a1c5328c07,73.34064469842913,STALE_HIGH_OPPORTUNITY,1183,34.0
6605,content_f1a2e9d173a5f674,73.33694867173327,STALE_HIGH_OPPORTUNITY,1182,34.0
6606,content_37b2e25bb06a4b2e,73.3335694473256,STALE_HIGH_OPPORTUNITY,1181,34.0
6607,content_bd7cf8b3efdaef61,73.3335694473256,STALE_HIGH_OPPORTUNITY,1181,34.0
6608,content_7ae396b51c32191b,73.3335694473256,STALE_HIGH_OPPORTUNITY,1181,34.0
6609,content_ab6556bdc18d175b,73.33054138636871,STALE_HIGH_OPPORTUNITY,39,235.0
6610,content_9969aee00538d284,73.33008462215521,STALE_HIGH_OPPORTUNITY,1180,34.0
6611,content_52ba019d0e4e602d,73.33008462215521,STALE_HIGH_OPPORTUNITY,1180,34.0
6612,content_156c6939044f9a7e,73.33008462215521,STALE_HIGH_OPPORTUNITY,1180,34.0
6613,content_ece7e261d2be601f,73.33008462215521,STALE_HIGH_OPPORTUNITY,1180,34.0
6614,content_db57951707cd2a5a,73.32638859545935,STALE_HIGH_OPPORTUNITY,1179,34.0
6615,content_e1c3110ffc22bef9,73.32638859545935,STALE_HIGH_OPPORTUNITY,1179,34.0
6616,content_a1a77f5705d6c1cc,73.32227016571251,STALE_HIGH_OPPORTUNITY,1178,34.0
6617,content_7564f75067978910,73.32227016571251,STALE_HIGH_OPPORTUNITY,1178,34.0
6618,content_3a52f01915717108,73.32227016571251,STALE_HIGH_OPPORTUNITY,1178,34.0
6619,content_764ca1c5320db175,73.32227016571251,STALE_HIGH_OPPORTUNITY,1178,34.0
6620,content_3764674dc44fafc7,73.32227016571251,STALE_HIGH_OPPORTUNITY,1178,34.0
6621,content_a7687b7de507843e,73.32227016571251,STALE_HIGH_OPPORTUNITY,1178,34.0
6622,content_c5496bf4c1dbe529,73.32227016571251,STALE_HIGH_OPPORTUNITY,1178,34.0
6623,content_44de8643f93dd800,73.3149837130835,STALE_HIGH_OPPORTUNITY,1176,34.0
6624,content_0afbccbb7b4b28d3,73.3149837130835,STALE_HIGH_OPPORTUNITY,1176,34.0
6625,content_6971d63958eb4473,73.3149837130835,STALE_HIGH_OPPORTUNITY,1176,34.0
6626,content_fb1130380025077d,73.3149837130835,STALE_HIGH_OPPORTUNITY,1176,34.0
6627,content_aa8508dab1824f17,73.3149837130835,STALE_HIGH_OPPORTUNITY,1176,34.0
6628,content_abedc1850921312b,73.3149837130835,STALE_HIGH_OPPORTUNITY,1176,34.0
6629,content_884526ea97080d8f,73.3149837130835,STALE_HIGH_OPPORTUNITY,1176,34.0
6630,content_bde4e7aadb0a5cb4,73.31033727952297,STALE_HIGH_OPPORTUNITY,1175,34.0
6631,content_c2e308964d7d59f1,73.31033727952297,STALE_HIGH_OPPORTUNITY,1175,34.0
6632,content_56000b0f51a1513e,73.31033727952297,STALE_HIGH_OPPORTUNITY,1175,34.0
6633,content_f1347f5a8c9375e8,73.31033727952297,STALE_HIGH_OPPORTUNITY,1175,34.0
6634,content_6f8cdd6b8cd76595,73.31033727952297,STALE_HIGH_OPPORTUNITY,1175,34.0
6635,content_d258f0f8e5a2d4d0,73.30653565206437,STALE_HIGH_OPPORTUNITY,1174,34.0
6636,content_ed05d6e7d17db2da,73.30653565206437,STALE_HIGH_OPPORTUNITY,1174,34.0
6637,content_57227938f1d87f64,73.30653565206437,STALE_HIGH_OPPORTUNITY,1174,34.0
6638,content_72c69c17a754b0cc,73.30653565206437,STALE_HIGH_OPPORTUNITY,1174,34.0
6639,content_7aee02c35c520226,73.30326202841945,STALE_HIGH_OPPORTUNITY,1173,34.0
6640,content_30a9121e9b8a4cdc,73.30326202841945,STALE_HIGH_OPPORTUNITY,1173,34.0
6641,content_a311d9c06f3e49f2,73.30326202841945,STALE_HIGH_OPPORTUNITY,1173,34.0
6642,content_98123b029113fa39,73.30326202841945,STALE_HIGH_OPPORTUNITY,1173,34.0
6643,content_39d57137d6dd4d38,73.29990823704824,STALE_HIGH_OPPORTUNITY,110,113.0
6644,content_be2f32bcbe4d4d11,73.29977720324905,STALE_HIGH_OPPORTUNITY,1172,34.0
6645,content_44ff10c8b358035a,73.29977720324905,STALE_HIGH_OPPORTUNITY,1172,34.0
6646,content_20c92128136aed14,73.29977720324905,STALE_HIGH_OPPORTUNITY,1172,34.0
6647,content_4c16035723cbf1f5,73.29977720324905,STALE_HIGH_OPPORTUNITY,1172,34.0
6648,content_844e950699010c31,73.29523637045128,STALE_HIGH_OPPORTUNITY,1171,34.0
6649,content_2fd8c6a0ef62d91f,73.29523637045128,STALE_HIGH_OPPORTUNITY,1171,34.0
6650,content_9a9227adabc12dfa,73.29523637045128,STALE_HIGH_OPPORTUNITY,1171,34.0
6651,content_8e77e0dd2c47ef20,73.29523637045128,STALE_HIGH_OPPORTUNITY,1171,34.0
6652,content_c0a30707699577d9,73.29523637045128,STALE_HIGH_OPPORTUNITY,1171,34.0
6653,content_91f546f2be84fb2b,73.29523637045128,STALE_HIGH_OPPORTUNITY,1171,34.0
6654,content_884f34c889f026d0,73.29523637045128,STALE_HIGH_OPPORTUNITY,1171,34.0
6655,content_fc313f9eccdc9ba7,73.29523637045128,STALE_HIGH_OPPORTUNITY,1171,34.0
6656,content_cc9f4ba0883aa16c,73.29523637045128,STALE_HIGH_OPPORTUNITY,1171,34.0
6657,content_e34a8b01ac574385,73.290484336128,STALE_HIGH_OPPORTUNITY,1170,34.0
6658,content_2b0e58ebf27c45c2,73.290484336128,STALE_HIGH_OPPORTUNITY,1170,34.0
6659,content_e48dcf7744e3402a,73.290484336128,STALE_HIGH_OPPORTUNITY,1170,34.0
6660,content_91298b061a220190,73.28689391019486,STALE_HIGH_OPPORTUNITY,1169,34.0
6661,content_cf5351b7c08c0fd4,73.28689391019486,STALE_HIGH_OPPORTUNITY,1169,34.0
6662,content_35a40aa80d3324cc,73.28689391019486,STALE_HIGH_OPPORTUNITY,1169,34.0
6663,content_827a0ba27aa763b5,73.28689391019486,STALE_HIGH_OPPORTUNITY,1169,34.0
6664,content_1020f7dc09060bc1,73.28689391019486,STALE_HIGH_OPPORTUNITY,1169,34.0
6665,content_812f882c84c042e4,73.28689391019486,STALE_HIGH_OPPORTUNITY,1169,34.0
6666,content_cecdb9fe68850f26,73.28689391019486,STALE_HIGH_OPPORTUNITY,1169,34.0
6667,content_edb21138056b0892,73.28298668197351,STALE_HIGH_OPPORTUNITY,1168,34.0
6668,content_b73c3e1fd267d659,73.28298668197351,STALE_HIGH_OPPORTUNITY,1168,34.0
6669,content_2c116146c50b3a7d,73.2812612396024,STALE_HIGH_OPPORTUNITY,136,57.0
6670,content_a7cf27f7a27dde77,73.278340248413,STALE_HIGH_OPPORTUNITY,1167,34.0
6671,content_aaaf53cc9ed407ce,73.278340248413,STALE_HIGH_OPPORTUNITY,1167,34.0
6672,content_411db15dd1de7dfe,73.278340248413,STALE_HIGH_OPPORTUNITY,1167,34.0
6673,content_0e55513fcba58e58,73.278340248413,STALE_HIGH_OPPORTUNITY,1167,34.0
6674,content_7ad72d94bb728a2a,73.278340248413,STALE_HIGH_OPPORTUNITY,1167,34.0
6675,content_cdfaaf178056f690,73.278340248413,STALE_HIGH_OPPORTUNITY,1167,34.0
6676,content_55a24f697b975194,73.278340248413,STALE_HIGH_OPPORTUNITY,1167,34.0
6677,content_39c950f768b4cf42,73.278340248413,STALE_HIGH_OPPORTUNITY,1167,34.0
6678,content_ba16684b8db3572a,73.27774706999207,STALE_HIGH_OPPORTUNITY,77,141.0
6679,content_fa09b673747b19ee,73.27348261332699,STALE_HIGH_OPPORTUNITY,1166,34.0
6680,content_0ed85fc023ba5d49,73.27348261332699,STALE_HIGH_OPPORTUNITY,1166,34.0
6681,content_f7f14c9aa7707a0d,73.27348261332699,STALE_HIGH_OPPORTUNITY,1166,34.0
6682,content_65ae727f01f635c7,73.27348261332699,STALE_HIGH_OPPORTUNITY,1166,34.0
6683,content_9b2bc0e9f094f386,73.27348261332699,STALE_HIGH_OPPORTUNITY,1166,34.0
6684,content_b291602026f1872d,73.27348261332699,STALE_HIGH_OPPORTUNITY,1166,34.0
6685,content_dfb60c59b7c251e0,73.26925858281741,STALE_HIGH_OPPORTUNITY,1165,34.0
6686,content_adf34d3686799c26,73.26925858281741,STALE_HIGH_OPPORTUNITY,1165,34.0
6687,content_a1da968807271748,73.26925858281741,STALE_HIGH_OPPORTUNITY,1165,34.0
6688,content_cf5e089e6db3eed7,73.26925858281741,STALE_HIGH_OPPORTUNITY,1165,34.0
6689,content_210b0befa11c7225,73.26925858281741,STALE_HIGH_OPPORTUNITY,1165,34.0
6690,content_dca422d7966be519,73.26925858281741,STALE_HIGH_OPPORTUNITY,1165,34.0
6691,content_5b15b13d11022c1d,73.26587935840976,STALE_HIGH_OPPORTUNITY,1164,34.0
6692,content_7a1cef4daac49807,73.26587935840976,STALE_HIGH_OPPORTUNITY,1164,34.0
6693,content_0c1113c72fed9490,73.26587935840976,STALE_HIGH_OPPORTUNITY,1164,34.0
6694,content_7969b24fe579a382,73.2627113355276,STALE_HIGH_OPPORTUNITY,1163,34.0
6695,content_25638bdd5800e4ff,73.2627113355276,STALE_HIGH_OPPORTUNITY,1163,34.0
6696,content_ff03193b1943ce9f,73.2627113355276,STALE_HIGH_OPPORTUNITY,1163,34.0
6697,content_6443824bbb63ff14,73.2627113355276,STALE_HIGH_OPPORTUNITY,1163,34.0
6698,content_e8552460036d6f6c,73.26154406505111,STALE_HIGH_OPPORTUNITY,103,131.0
6699,content_0c4cb1b8347f4a78,73.25880410730625,STALE_HIGH_OPPORTUNITY,1162,34.0
6700,content_b1cea2bbf4b02672,73.25880410730625,STALE_HIGH_OPPORTUNITY,1162,34.0
6701,content_010a434cb00ece6e,73.25597831974873,STALE_HIGH_OPPORTUNITY,109,113.0
6702,content_572839a71e70840f,73.25458007679666,STALE_HIGH_OPPORTUNITY,1161,34.0
6703,content_8f9d24aa8a5b1d68,73.25458007679666,STALE_HIGH_OPPORTUNITY,1161,34.0
6704,content_0222c0f7caa74b8c,73.25458007679666,STALE_HIGH_OPPORTUNITY,1161,34.0
6705,content_382cf0f558287c50,73.25458007679666,STALE_HIGH_OPPORTUNITY,1161,34.0
6706,content_de0d605ce72d179e,73.25458007679666,STALE_HIGH_OPPORTUNITY,1161,34.0
6707,content_aa2ab31bf44eb766,73.25025044552436,STALE_HIGH_OPPORTUNITY,1160,34.0
6708,content_616183ed49a4aeed,73.25025044552436,STALE_HIGH_OPPORTUNITY,1160,34.0
6709,content_f7f4d91cc47e7c35,73.25025044552436,STALE_HIGH_OPPORTUNITY,1160,34.0
6710,content_fc8fa2ce851f8f52,73.25025044552436,STALE_HIGH_OPPORTUNITY,1160,34.0
6711,content_73db115bd5d942aa,73.24539281043835,STALE_HIGH_OPPORTUNITY,1159,34.0
6712,content_70a63a29d532d428,73.24539281043835,STALE_HIGH_OPPORTUNITY,1159,34.0
6713,content_c0d21bf58f40cace,73.24539281043835,STALE_HIGH_OPPORTUNITY,1159,34.0
6714,content_d6c71358297cfd6a,73.23990157077591,STALE_HIGH_OPPORTUNITY,1158,34.0
6715,content_0091a50e1ac709a6,73.23990157077591,STALE_HIGH_OPPORTUNITY,1158,34.0
6716,content_af773c42479ccf9c,73.23990157077591,STALE_HIGH_OPPORTUNITY,1158,34.0
6717,content_e181e11a4a967300,73.23990157077591,STALE_HIGH_OPPORTUNITY,1158,34.0
6718,content_cbaafe8684309da6,73.23990157077591,STALE_HIGH_OPPORTUNITY,1158,34.0
6719,content_d1180c3f18bbcc76,73.23990157077591,STALE_HIGH_OPPORTUNITY,1158,34.0
6720,content_c711a43ee1459d9e,73.23990157077591,STALE_HIGH_OPPORTUNITY,1158,34.0
6721,content_6ae41efb4a346d59,73.23567754026635,STALE_HIGH_OPPORTUNITY,1157,34.0
6722,content_f47dc24e10a1d32c,73.23567754026635,STALE_HIGH_OPPORTUNITY,1157,34.0
6723,content_e6e1ffcdaa322f07,73.23272071890965,STALE_HIGH_OPPORTUNITY,1156,34.0
6724,content_b8e044f3fa62d93b,73.23272071890965,STALE_HIGH_OPPORTUNITY,1156,34.0
6725,content_65cad095e01707b9,73.23272071890965,STALE_HIGH_OPPORTUNITY,1156,34.0
6726,content_cb62ef69910b8ec9,73.23272071890965,STALE_HIGH_OPPORTUNITY,1156,34.0
6727,content_568190a9879463fd,73.23272071890965,STALE_HIGH_OPPORTUNITY,1156,34.0
6728,content_268e38916b56d7f2,73.22944709526473,STALE_HIGH_OPPORTUNITY,1155,34.0
6729,content_9c5889b277fed734,73.22944709526473,STALE_HIGH_OPPORTUNITY,1155,34.0
6730,content_f5809f034e1099be,73.22944709526473,STALE_HIGH_OPPORTUNITY,1155,34.0
6731,content_8c8d4540f040e586,73.22944709526473,STALE_HIGH_OPPORTUNITY,1155,34.0
6732,content_5d51ee29b5ac3a70,73.2263846731453,STALE_HIGH_OPPORTUNITY,1154,34.0
6733,content_f52e587e07a0b96c,73.2263846731453,STALE_HIGH_OPPORTUNITY,1154,34.0
6734,content_74f811a044209e62,73.22226624339848,STALE_HIGH_OPPORTUNITY,1153,34.0
6735,content_ecc108b64dc878d7,73.22226624339848,STALE_HIGH_OPPORTUNITY,1153,34.0
6736,content_c0cd376b87d59067,73.22226624339848,STALE_HIGH_OPPORTUNITY,1153,34.0
6737,content_c89b08d7d8258580,73.22226624339848,STALE_HIGH_OPPORTUNITY,1153,34.0
6738,content_5e02d03520c68f26,73.21698620526152,STALE_HIGH_OPPORTUNITY,1152,34.0
6739,content_cfe57f4215b02ac0,73.21698620526152,STALE_HIGH_OPPORTUNITY,1152,34.0
6740,content_ed0f7ee885fe066b,73.21698620526152,STALE_HIGH_OPPORTUNITY,1152,34.0
6741,content_d5562daa4f8b2053,73.21698620526152,STALE_HIGH_OPPORTUNITY,1152,34.0
6742,content_67a67d80f5309dc7,73.21255097322646,STALE_HIGH_OPPORTUNITY,1151,34.0
6743,content_518ba52141cf3d36,73.21255097322646,STALE_HIGH_OPPORTUNITY,1151,34.0
6744,content_70f2b955dd95fc89,73.21255097322646,STALE_HIGH_OPPORTUNITY,1151,34.0
6745,content_86f78d241c60c741,73.21255097322646,STALE_HIGH_OPPORTUNITY,1151,34.0
6746,content_d575e2ea5a55bae5,73.20843254347963,STALE_HIGH_OPPORTUNITY,1150,34.0
6747,content_54561187f3489eb6,73.20843254347963,STALE_HIGH_OPPORTUNITY,1150,34.0
6748,content_4f3a64a575271c71,73.20484211754649,STALE_HIGH_OPPORTUNITY,1149,34.0
6749,content_70b774d7ddabd0ac,73.20484211754649,STALE_HIGH_OPPORTUNITY,1149,34.0
6750,content_078bd42198e62ac1,73.20484211754649,STALE_HIGH_OPPORTUNITY,1149,34.0
6751,content_0045b0f47ab89f6f,73.20072368779967,STALE_HIGH_OPPORTUNITY,1148,34.0
6752,content_6c00ec849e471592,73.20072368779967,STALE_HIGH_OPPORTUNITY,1148,34.0
6753,content_236567842f597a77,73.20072368779967,STALE_HIGH_OPPORTUNITY,1148,34.0
6754,content_8d6e3a1094f99291,73.20072368779967,STALE_HIGH_OPPORTUNITY,1148,34.0
6755,content_7cf88eae167ded31,73.20072368779967,STALE_HIGH_OPPORTUNITY,1148,34.0
6756,content_f0f1af8dd4f7d083,73.19576045195092,STALE_HIGH_OPPORTUNITY,1147,34.0
6757,content_c472735c43e25e2e,73.19576045195092,STALE_HIGH_OPPORTUNITY,1147,34.0
6758,content_3123e7f81b4ef9f3,73.19576045195092,STALE_HIGH_OPPORTUNITY,1147,34.0
6759,content_d4db58ef53b941f0,73.19507073281852,STALE_HIGH_OPPORTUNITY,113,81.0
6760,content_37744c6ca6935d27,73.19269802983149,STALE_HIGH_OPPORTUNITY,1146,34.0
6761,content_99ff1e1391d163f2,73.18942440618656,STALE_HIGH_OPPORTUNITY,1145,34.0
6762,content_7519ea2d849288ab,73.18942440618656,STALE_HIGH_OPPORTUNITY,1145,34.0
6763,content_ca70ec8b6a17b2ff,73.18942440618656,STALE_HIGH_OPPORTUNITY,1145,34.0
6764,content_b188673314766813,73.18942440618656,STALE_HIGH_OPPORTUNITY,1145,34.0
6765,content_43807a4be4084fe0,73.18467237186331,STALE_HIGH_OPPORTUNITY,1144,34.0
6766,content_26f06578a7d4f8d2,73.18467237186331,STALE_HIGH_OPPORTUNITY,1144,34.0
6767,content_bb1d191d8468d12d,73.18055394211646,STALE_HIGH_OPPORTUNITY,1143,34.0
6768,content_cf1af462f6317c31,73.18055394211646,STALE_HIGH_OPPORTUNITY,1143,34.0
6769,content_287b0378d6dc68b8,73.18055394211646,STALE_HIGH_OPPORTUNITY,1143,34.0
6770,content_3bf96e6de9c38a4a,73.18055394211646,STALE_HIGH_OPPORTUNITY,1143,34.0
6771,content_2ca6d3ca4f6e8223,73.1768579154206,STALE_HIGH_OPPORTUNITY,1142,34.0
6772,content_cfaf8bc663593b17,73.1768579154206,STALE_HIGH_OPPORTUNITY,1142,34.0
6773,content_c666a9637266bab2,73.1768579154206,STALE_HIGH_OPPORTUNITY,1142,34.0
6774,content_857bb8181883bb71,73.1768579154206,STALE_HIGH_OPPORTUNITY,1142,34.0
6775,content_0f93ea8733d2e4fb,73.1768579154206,STALE_HIGH_OPPORTUNITY,1142,34.0
6776,content_6404b9e977e41143,73.1768579154206,STALE_HIGH_OPPORTUNITY,1142,34.0
6777,content_5b2701cd07459c88,73.17347869101295,STALE_HIGH_OPPORTUNITY,1141,34.0
6778,content_0548e438594d83cb,73.17347869101295,STALE_HIGH_OPPORTUNITY,1141,34.0
6779,content_f0921c23a34674f5,73.17330499189562,STALE_HIGH_OPPORTUNITY,139,36.0
6780,content_0f98292ae07db4d6,73.17031066813077,STALE_HIGH_OPPORTUNITY,1140,34.0
6781,content_6d0b2a2c52bf2584,73.17031066813077,STALE_HIGH_OPPORTUNITY,1140,34.0
6782,content_fdd91f484030eef6,73.17031066813077,STALE_HIGH_OPPORTUNITY,1140,34.0
6783,content_9ee5e009c49411be,73.17031066813077,STALE_HIGH_OPPORTUNITY,1140,34.0
6784,content_736b4dd61c0bef9c,73.16650904067215,STALE_HIGH_OPPORTUNITY,1139,34.0
6785,content_2f1a28cbc7662441,73.16650904067215,STALE_HIGH_OPPORTUNITY,1139,34.0
6786,content_c339c419b6dff61e,73.16650904067215,STALE_HIGH_OPPORTUNITY,1139,34.0
6787,content_3addc209a11e24df,73.16650904067215,STALE_HIGH_OPPORTUNITY,1139,34.0
6788,content_7bce658d704648d4,73.16650904067215,STALE_HIGH_OPPORTUNITY,1139,34.0
6789,content_0a7ef9209a4216d5,73.16144020406068,STALE_HIGH_OPPORTUNITY,1138,34.0
6790,content_f362451cab5c8dee,73.16144020406068,STALE_HIGH_OPPORTUNITY,1138,34.0
6791,content_10dcce24b6834eae,73.16144020406068,STALE_HIGH_OPPORTUNITY,1138,34.0
6792,content_e7c3e136d14a10a0,73.16144020406068,STALE_HIGH_OPPORTUNITY,1138,34.0
6793,content_b30c629fb2db705b,73.16144020406068,STALE_HIGH_OPPORTUNITY,1138,34.0
6794,content_b5b2ccc8abefbbd3,73.16144020406068,STALE_HIGH_OPPORTUNITY,1138,34.0
6795,content_ef55b753d299001f,73.16144020406068,STALE_HIGH_OPPORTUNITY,1138,34.0
6796,content_b4b2a4746b93ac8e,73.16144020406068,STALE_HIGH_OPPORTUNITY,1138,34.0
6797,content_b7ab83c48a75834e,73.15573776287275,STALE_HIGH_OPPORTUNITY,1137,34.0
6798,content_727ec2247ab2cd2b,73.15573776287275,STALE_HIGH_OPPORTUNITY,1137,34.0
6799,content_3276e70567f73089,73.15573776287275,STALE_HIGH_OPPORTUNITY,1137,34.0
6800,content_ed50b366786544e1,73.15573776287275,STALE_HIGH_OPPORTUNITY,1137,34.0
6801,content_b8fdf8fe156e9759,73.15573776287275,STALE_HIGH_OPPORTUNITY,1137,34.0
6802,content_89b7dc3df9c90307,73.15573776287275,STALE_HIGH_OPPORTUNITY,1137,34.0
6803,content_4daaab223f1dc777,73.15109132931224,STALE_HIGH_OPPORTUNITY,1136,34.0
6804,content_040d7bca0f608da5,73.15109132931224,STALE_HIGH_OPPORTUNITY,1136,34.0
6805,content_0b2360d7eb705cb7,73.15109132931224,STALE_HIGH_OPPORTUNITY,1136,34.0
6806,content_83f86911feede768,73.15109132931224,STALE_HIGH_OPPORTUNITY,1136,34.0
6807,content_430fb92c092ebe58,73.14697289956538,STALE_HIGH_OPPORTUNITY,1135,34.0
6808,content_5558df9597732f42,73.14697289956538,STALE_HIGH_OPPORTUNITY,1135,34.0
6809,content_4741d6b756ae1622,73.14697289956538,STALE_HIGH_OPPORTUNITY,1135,34.0
6810,content_10f9e53990cd07e7,73.14697289956538,STALE_HIGH_OPPORTUNITY,1135,34.0
6811,content_9893a4ff8ee955c8,73.14697289956538,STALE_HIGH_OPPORTUNITY,1135,34.0
6812,content_706045c95d98d2b4,73.14697289956538,STALE_HIGH_OPPORTUNITY,1135,34.0
6813,content_86f166fa7e89f9d8,73.14697289956538,STALE_HIGH_OPPORTUNITY,1135,34.0
6814,content_ce2dae3b47dd17ff,73.14264326829309,STALE_HIGH_OPPORTUNITY,1134,34.0
6815,content_5f22730a99638e92,73.14264326829309,STALE_HIGH_OPPORTUNITY,1134,34.0
6816,content_6cc4ea4f6bc5a75d,73.14264326829309,STALE_HIGH_OPPORTUNITY,1134,34.0
6817,content_81055b9dc56e9e24,73.14264326829309,STALE_HIGH_OPPORTUNITY,1134,34.0
6818,content_3efca1740a4a762a,73.13831363702079,STALE_HIGH_OPPORTUNITY,1133,34.0
6819,content_1a35b1a2a2655ca7,73.13831363702079,STALE_HIGH_OPPORTUNITY,1133,34.0
6820,content_01ffba18790582bf,73.13831363702079,STALE_HIGH_OPPORTUNITY,1133,34.0
6821,content_7bb7c39ab11ccad4,73.13831363702079,STALE_HIGH_OPPORTUNITY,1133,34.0
6822,content_dbfaa6ecc33b39fa,73.13831363702079,STALE_HIGH_OPPORTUNITY,1133,34.0
6823,content_bad631520dcf3537,73.1343008080367,STALE_HIGH_OPPORTUNITY,1132,34.0
6824,content_087908245aed622c,73.1343008080367,STALE_HIGH_OPPORTUNITY,1132,34.0
6825,content_0e7cb14cb36a751e,73.1343008080367,STALE_HIGH_OPPORTUNITY,1132,34.0
6826,content_07b68b3e19b181f9,73.1343008080367,STALE_HIGH_OPPORTUNITY,1132,34.0
6827,content_031977ce7879188d,73.1343008080367,STALE_HIGH_OPPORTUNITY,1132,34.0
6828,content_3628148424db2277,73.13049918057808,STALE_HIGH_OPPORTUNITY,1131,34.0
6829,content_381747acf906a4e7,73.13049918057808,STALE_HIGH_OPPORTUNITY,1131,34.0
6830,content_b5ffbd56b20497b8,73.13049918057808,STALE_HIGH_OPPORTUNITY,1131,34.0
6831,content_dfbc52ce403be0d9,73.13049918057808,STALE_HIGH_OPPORTUNITY,1131,34.0
6832,content_542dbb7b045b436d,73.13049918057808,STALE_HIGH_OPPORTUNITY,1131,34.0
6833,content_82de5f6006e771f6,73.126486351594,STALE_HIGH_OPPORTUNITY,1130,34.0
6834,content_69dafc295f24331d,73.126486351594,STALE_HIGH_OPPORTUNITY,1130,34.0
6835,content_f405cf75c27c4a42,73.126486351594,STALE_HIGH_OPPORTUNITY,1130,34.0
6836,content_4a01d34f9ca9f962,73.126486351594,STALE_HIGH_OPPORTUNITY,1130,34.0
6837,content_325f1283109aa7f0,73.126486351594,STALE_HIGH_OPPORTUNITY,1130,34.0
6838,content_c37b76d864f7e11d,73.12236792184716,STALE_HIGH_OPPORTUNITY,1129,34.0
6839,content_f9a7faaaec1aa6b2,73.12236792184716,STALE_HIGH_OPPORTUNITY,1129,34.0
6840,content_91d2e567518db90b,73.12236792184716,STALE_HIGH_OPPORTUNITY,1129,34.0
6841,content_c2c39dcb70cdec13,73.12236792184716,STALE_HIGH_OPPORTUNITY,1129,34.0
6842,content_ff267b5d682af006,73.12236792184716,STALE_HIGH_OPPORTUNITY,1129,34.0
6843,content_f7c1f2faad843b3e,73.12236792184716,STALE_HIGH_OPPORTUNITY,1129,34.0
6844,content_ed5390836e267c6a,73.11838052589952,STALE_HIGH_OPPORTUNITY,106,113.0
6845,content_8dbb96687f3825e0,73.11814389133758,STALE_HIGH_OPPORTUNITY,1128,34.0
6846,content_2577e7682c5877e9,73.11814389133758,STALE_HIGH_OPPORTUNITY,1128,34.0
6847,content_80ae451446edcd19,73.11814389133758,STALE_HIGH_OPPORTUNITY,1128,34.0
6848,content_a155abaf1be54c5d,73.11814389133758,STALE_HIGH_OPPORTUNITY,1128,34.0
6849,content_7b7a212c304729fb,73.11814389133758,STALE_HIGH_OPPORTUNITY,1128,34.0
6850,content_6ccd50e56f45e7dd,73.11814389133758,STALE_HIGH_OPPORTUNITY,1128,34.0
6851,content_303ae398020be5ab,73.11814389133758,STALE_HIGH_OPPORTUNITY,1128,34.0
6852,content_349f8cc076850c31,73.11814389133758,STALE_HIGH_OPPORTUNITY,1128,34.0
6853,content_fde9639c4e14a977,73.11592061323373,STALE_HIGH_OPPORTUNITY,100,131.0
6854,content_c18189e619c13367,73.11444786464172,STALE_HIGH_OPPORTUNITY,1127,34.0
6855,content_abf4ee2b3b271eea,73.11444786464172,STALE_HIGH_OPPORTUNITY,1127,34.0
6856,content_25529edf40a842c0,73.11444786464172,STALE_HIGH_OPPORTUNITY,1127,34.0
6857,content_f7fd8bf29c643f69,73.11054063642038,STALE_HIGH_OPPORTUNITY,1126,34.0
6858,content_050c604b33bafcd5,73.11054063642038,STALE_HIGH_OPPORTUNITY,1126,34.0
6859,content_4b567d4c0b8753c0,73.10652780743628,STALE_HIGH_OPPORTUNITY,1125,34.0
6860,content_2a2a8aeef689268c,73.10652780743628,STALE_HIGH_OPPORTUNITY,1125,34.0
6861,content_1d061fa9bc6674ee,73.10652780743628,STALE_HIGH_OPPORTUNITY,1125,34.0
6862,content_7dff19eec3558b10,73.10652780743628,STALE_HIGH_OPPORTUNITY,1125,34.0
6863,content_a88a508ab5686f05,73.10652780743628,STALE_HIGH_OPPORTUNITY,1125,34.0
6864,content_6acb5b1b1a34d94d,73.10262057921493,STALE_HIGH_OPPORTUNITY,1124,34.0
6865,content_6181e563486d82e8,73.10262057921493,STALE_HIGH_OPPORTUNITY,1124,34.0
6866,content_954a1c7118f16a60,73.10262057921493,STALE_HIGH_OPPORTUNITY,1124,34.0
6867,content_9d5ba8ac861294bc,73.10262057921493,STALE_HIGH_OPPORTUNITY,1124,34.0
6868,content_f8143490ad4f9e75,73.10262057921493,STALE_HIGH_OPPORTUNITY,1124,34.0
6869,content_b8b28db4113c217f,73.09818534717988,STALE_HIGH_OPPORTUNITY,1123,34.0
6870,content_05e9e5921fde65e1,73.09818534717988,STALE_HIGH_OPPORTUNITY,1123,34.0
6871,content_c4cc4adc7496c48e,73.09818534717988,STALE_HIGH_OPPORTUNITY,1123,34.0
6872,content_02866db160182f24,73.09818534717988,STALE_HIGH_OPPORTUNITY,1123,34.0
6873,content_f517c0c23c6ab56f,73.09818534717988,STALE_HIGH_OPPORTUNITY,1123,34.0
6874,content_818438b2fbc6380e,73.09818534717988,STALE_HIGH_OPPORTUNITY,1123,34.0
6875,content_c8166a72d3efa7b2,73.09818534717988,STALE_HIGH_OPPORTUNITY,1123,34.0
6876,content_80f45eea2091ac8b,73.09396131667032,STALE_HIGH_OPPORTUNITY,1122,34.0
6877,content_6913000cc48b5ba7,73.09396131667032,STALE_HIGH_OPPORTUNITY,1122,34.0
6878,content_6a6ca3b0b597a7be,73.09396131667032,STALE_HIGH_OPPORTUNITY,1122,34.0
6879,content_54404d8df51606e4,73.09396131667032,STALE_HIGH_OPPORTUNITY,1122,34.0
6880,content_5d2770964ce69ed1,73.09396131667032,STALE_HIGH_OPPORTUNITY,1122,34.0
6881,content_f262f35ece04bdb8,73.08625246099035,STALE_HIGH_OPPORTUNITY,1120,34.0
6882,content_3bdaf4ad726a3736,73.08625246099035,STALE_HIGH_OPPORTUNITY,1120,34.0
6883,content_1ab991a60184d158,73.08118362437887,STALE_HIGH_OPPORTUNITY,1119,34.0
6884,content_98c809c41c797e71,73.08118362437887,STALE_HIGH_OPPORTUNITY,1119,34.0
6885,content_ec78be7ecdbf6000,73.08118362437887,STALE_HIGH_OPPORTUNITY,1119,34.0
6886,content_ec5d8040a56e0c8c,73.08118362437887,STALE_HIGH_OPPORTUNITY,1119,34.0
6887,content_e04b1bc2dac45dfe,73.08118362437887,STALE_HIGH_OPPORTUNITY,1119,34.0
6888,content_f42e4f8f91331df6,73.08118362437887,STALE_HIGH_OPPORTUNITY,1119,34.0
6889,content_49529da8714242b7,73.08118362437887,STALE_HIGH_OPPORTUNITY,1119,34.0
6890,content_9217640a81398478,73.0759035862419,STALE_HIGH_OPPORTUNITY,1118,34.0
6891,content_5d6528e6afd48f9f,73.0759035862419,STALE_HIGH_OPPORTUNITY,1118,34.0
6892,content_b983bf8a908d2161,73.0759035862419,STALE_HIGH_OPPORTUNITY,1118,34.0
6893,content_47fe53dc6e5583eb,73.0759035862419,STALE_HIGH_OPPORTUNITY,1118,34.0
6894,content_28fe356265f13b35,73.0759035862419,STALE_HIGH_OPPORTUNITY,1118,34.0
6895,content_b28744a4326ac280,73.07287866653063,STALE_HIGH_OPPORTUNITY,136,36.0
6896,content_96988b0a947a6ce0,73.07115155191863,STALE_HIGH_OPPORTUNITY,1117,34.0
6897,content_c0a515d8aef1eaa2,73.07115155191863,STALE_HIGH_OPPORTUNITY,1117,34.0
6898,content_4e5393529a8d6dd4,73.06692752140907,STALE_HIGH_OPPORTUNITY,1116,34.0
6899,content_edc226b7f498bd07,73.06692752140907,STALE_HIGH_OPPORTUNITY,1116,34.0
6900,content_dd25cb4b395a438b,73.06692752140907,STALE_HIGH_OPPORTUNITY,1116,34.0
6901,content_c0d6af49b24dde16,73.06291469242498,STALE_HIGH_OPPORTUNITY,1115,34.0
6902,content_90b50754fc153c97,73.06291469242498,STALE_HIGH_OPPORTUNITY,1115,34.0
6903,content_e6651b4d11440bba,73.06291469242498,STALE_HIGH_OPPORTUNITY,1115,34.0
6904,content_03aedec1a79efcd0,73.06291469242498,STALE_HIGH_OPPORTUNITY,1115,34.0
6905,content_b6ba50f4e75d42da,73.06291469242498,STALE_HIGH_OPPORTUNITY,1115,34.0
6906,content_775c2496614c9d03,73.05911306496637,STALE_HIGH_OPPORTUNITY,1114,34.0
6907,content_7063c79589f9074b,73.05911306496637,STALE_HIGH_OPPORTUNITY,1114,34.0
6908,content_1f940137716408f2,73.05562823979598,STALE_HIGH_OPPORTUNITY,1113,34.0
6909,content_35a500b8e5fd27a5,73.05562823979598,STALE_HIGH_OPPORTUNITY,1113,34.0
6910,content_ecc1984aed7a7eb7,73.05562823979598,STALE_HIGH_OPPORTUNITY,1113,34.0
6911,content_a7622b5434bda879,73.05562823979598,STALE_HIGH_OPPORTUNITY,1113,34.0
6912,content_dbe503154d0f04a4,73.05562823979598,STALE_HIGH_OPPORTUNITY,1113,34.0
6913,content_764c6b0ef31d2609,73.05193221310009,STALE_HIGH_OPPORTUNITY,1112,34.0
6914,content_35a7755df3917b11,73.05193221310009,STALE_HIGH_OPPORTUNITY,1112,34.0
6915,content_6bc0388412fbeb94,73.05193221310009,STALE_HIGH_OPPORTUNITY,1112,34.0
6916,content_cbe75c8370860c1f,73.05193221310009,STALE_HIGH_OPPORTUNITY,1112,34.0
6917,content_9a7d3bcb615ce608,73.05193221310009,STALE_HIGH_OPPORTUNITY,1112,34.0
6918,content_b755915428c4fa03,73.05193221310009,STALE_HIGH_OPPORTUNITY,1112,34.0
6919,content_cf5992ff479729f5,73.05193221310009,STALE_HIGH_OPPORTUNITY,1112,34.0
6920,content_d5a83e6a826e5302,73.05193221310009,STALE_HIGH_OPPORTUNITY,1112,34.0
6921,content_b3868af9dc58417b,73.04834178716698,STALE_HIGH_OPPORTUNITY,1111,34.0
6922,content_ed6932b4fb0c3290,73.04834178716698,STALE_HIGH_OPPORTUNITY,1111,34.0
6923,content_7d503dc5526e78e3,73.04485696199657,STALE_HIGH_OPPORTUNITY,1110,34.0
6924,content_f314ab6ce424557c,73.04485696199657,STALE_HIGH_OPPORTUNITY,1110,34.0
6925,content_25deedc31c740319,73.04485696199657,STALE_HIGH_OPPORTUNITY,1110,34.0
6926,content_8dd0f136126282de,73.04084413301248,STALE_HIGH_OPPORTUNITY,1109,34.0
6927,content_77437cfe77fa65b0,73.04084413301248,STALE_HIGH_OPPORTUNITY,1109,34.0
6928,content_a6c114392a999965,73.04084413301248,STALE_HIGH_OPPORTUNITY,1109,34.0
6929,content_8d62fde33809c788,73.03771361253847,STALE_HIGH_OPPORTUNITY,135,36.0
6930,content_b84f29576068e406,73.03619769945195,STALE_HIGH_OPPORTUNITY,1108,34.0
6931,content_409c1346e8df53c8,73.03619769945195,STALE_HIGH_OPPORTUNITY,1108,34.0
6932,content_5e8fd439d2a7f784,73.03619769945195,STALE_HIGH_OPPORTUNITY,1108,34.0
6933,content_33bcff42d32dfccb,73.03619769945195,STALE_HIGH_OPPORTUNITY,1108,34.0
6934,content_383c96622f381bc7,73.03619769945195,STALE_HIGH_OPPORTUNITY,1108,34.0
6935,content_d102fe4535a2f565,73.03112886284048,STALE_HIGH_OPPORTUNITY,1107,34.0
6936,content_52f34cc06aae9582,73.03112886284048,STALE_HIGH_OPPORTUNITY,1107,34.0
6937,content_1c5ef63e0f22370b,73.03112886284048,STALE_HIGH_OPPORTUNITY,1107,34.0
6938,content_3f67a62d3718a182,73.03112886284048,STALE_HIGH_OPPORTUNITY,1107,34.0
6939,content_90c658cdb704ae38,73.03112886284048,STALE_HIGH_OPPORTUNITY,1107,34.0
6940,content_6ca3f958e2453d0f,73.03112886284048,STALE_HIGH_OPPORTUNITY,1107,34.0
6941,content_fe28c719bdde74cb,73.03112886284048,STALE_HIGH_OPPORTUNITY,1107,34.0
6942,content_733c675581f84dbc,73.03112886284048,STALE_HIGH_OPPORTUNITY,1107,34.0
6943,content_1eb68aa27df65d81,73.02627122775448,STALE_HIGH_OPPORTUNITY,1106,34.0
6944,content_c5d931c4ea23a55e,73.02627122775448,STALE_HIGH_OPPORTUNITY,1106,34.0
6945,content_ca745b31c502ef17,73.02627122775448,STALE_HIGH_OPPORTUNITY,1106,34.0
6946,content_d85d0d621e4afa83,73.02502945163805,STALE_HIGH_OPPORTUNITY,104,113.0
6947,content_248f770a92232f93,73.02162479419394,STALE_HIGH_OPPORTUNITY,1105,34.0
6948,content_bc40f9ff8ba4d5b1,73.02162479419394,STALE_HIGH_OPPORTUNITY,1105,34.0
6949,content_92e35fb07d252af6,73.02162479419394,STALE_HIGH_OPPORTUNITY,1105,34.0
6950,content_b3575985ad2b9e5b,73.02162479419394,STALE_HIGH_OPPORTUNITY,1105,34.0
6951,content_5fa2a1c07127b6c1,73.02162479419394,STALE_HIGH_OPPORTUNITY,1105,34.0
6952,content_f7e3ab0ccebdce23,73.02162479419394,STALE_HIGH_OPPORTUNITY,1105,34.0
6953,content_cb4890b2051c11cf,73.02162479419394,STALE_HIGH_OPPORTUNITY,1105,34.0
6954,content_5ac4176f99dab7ba,73.02162479419394,STALE_HIGH_OPPORTUNITY,1105,34.0
6955,content_3dbcd80e408ef2c9,73.0177820025119,STALE_HIGH_OPPORTUNITY,59,165.0
6956,content_e67eb179c57b48ec,73.01697836063343,STALE_HIGH_OPPORTUNITY,1104,34.0
6957,content_944f03178f041603,73.01697836063343,STALE_HIGH_OPPORTUNITY,1104,34.0
6958,content_441069ddc5541da8,73.01697836063343,STALE_HIGH_OPPORTUNITY,1104,34.0
6959,content_6c2c99c44bec3764,73.01697836063343,STALE_HIGH_OPPORTUNITY,1104,34.0
6960,content_68b50b1410276169,73.01697836063343,STALE_HIGH_OPPORTUNITY,1104,34.0
6961,content_22795b9e91ffd7a4,73.01243752783563,STALE_HIGH_OPPORTUNITY,1103,34.0
6962,content_4ad48bc287ca931f,73.01243752783563,STALE_HIGH_OPPORTUNITY,1103,34.0
6963,content_1e4b7422f88e8641,73.01243752783563,STALE_HIGH_OPPORTUNITY,1103,34.0
6964,content_8cb59f0c2508d904,73.00800229580058,STALE_HIGH_OPPORTUNITY,1102,34.0
6965,content_bcb6c61a52b6209e,73.00409506757923,STALE_HIGH_OPPORTUNITY,1101,34.0
6966,content_3867f41fd5fa423a,73.00409506757923,STALE_HIGH_OPPORTUNITY,1101,34.0
6967,content_3e19b749dece30e7,73.00409506757923,STALE_HIGH_OPPORTUNITY,1101,34.0
6968,content_335b151e04556287,73.00409506757923,STALE_HIGH_OPPORTUNITY,1101,34.0
6969,content_6b9777f62a5c35ea,72.9999766378324,STALE_HIGH_OPPORTUNITY,1100,34.0
6970,content_81f32b73c379962e,72.9999766378324,STALE_HIGH_OPPORTUNITY,1100,34.0
6971,content_f0d4f8ebbc2f6d24,72.9999766378324,STALE_HIGH_OPPORTUNITY,1100,34.0
6972,content_4e630658e2296290,72.9999766378324,STALE_HIGH_OPPORTUNITY,1100,34.0
6973,content_234544e9046f0e51,72.9999766378324,STALE_HIGH_OPPORTUNITY,1100,34.0
6974,content_eeb4af5de72f916b,72.9999766378324,STALE_HIGH_OPPORTUNITY,1100,34.0
6975,content_72313cd7c4d1d63c,72.99927493490138,STALE_HIGH_OPPORTUNITY,134,36.0
6976,content_66ea04b715b5b09b,72.99522460350913,STALE_HIGH_OPPORTUNITY,1099,34.0
6977,content_44ff47531477a733,72.99522460350913,STALE_HIGH_OPPORTUNITY,1099,34.0
6978,content_cad4010e1ab3a1ff,72.99522460350913,STALE_HIGH_OPPORTUNITY,1099,34.0
6979,content_da80e4c51259d190,72.99522460350913,STALE_HIGH_OPPORTUNITY,1099,34.0
6980,content_b33d41c61a12d8dd,72.99522460350913,STALE_HIGH_OPPORTUNITY,1099,34.0
6981,content_c63f7dc31cb6e3f2,72.99522460350913,STALE_HIGH_OPPORTUNITY,1099,34.0
6982,content_dd51bd3190d0e56e,72.99522460350913,STALE_HIGH_OPPORTUNITY,1099,34.0
6983,content_3757c7cd7cda7c3d,72.99522460350913,STALE_HIGH_OPPORTUNITY,1099,34.0
6984,content_c7fe4123c42f7801,72.99522460350913,STALE_HIGH_OPPORTUNITY,1099,34.0
6985,content_78e75525b77de59d,72.99522460350913,STALE_HIGH_OPPORTUNITY,1099,34.0
6986,content_5be86d9f3682955f,72.99015576689766,STALE_HIGH_OPPORTUNITY,1098,34.0
6987,content_ca74db5c95eb29fb,72.99015576689766,STALE_HIGH_OPPORTUNITY,1098,34.0
6988,content_8a56bfe66c46bde9,72.99015576689766,STALE_HIGH_OPPORTUNITY,1098,34.0
6989,content_7645ca41258383e4,72.99015576689766,STALE_HIGH_OPPORTUNITY,1098,34.0
6990,content_4e3caced5c2d9097,72.99015576689766,STALE_HIGH_OPPORTUNITY,1098,34.0
6991,content_41718fa92a989d63,72.99015576689766,STALE_HIGH_OPPORTUNITY,1098,34.0
6992,content_d3a352f282df0b06,72.98550933333712,STALE_HIGH_OPPORTUNITY,1097,34.0
6993,content_ea70a2e79213c2ad,72.98550933333712,STALE_HIGH_OPPORTUNITY,1097,34.0
6994,content_4daf2e9905721747,72.98550933333712,STALE_HIGH_OPPORTUNITY,1097,34.0
6995,content_779f79d4dfb1af95,72.9839196598097,STALE_HIGH_OPPORTUNITY,97,131.0
6996,content_b42b3f5c7cb0229f,72.98160210511577,STALE_HIGH_OPPORTUNITY,1096,34.0
6997,content_ac7a84ddc8b50684,72.97674447002977,STALE_HIGH_OPPORTUNITY,1095,34.0
6998,content_4abf315a215cf72e,72.97674447002977,STALE_HIGH_OPPORTUNITY,1095,34.0
6999,content_a7341e4f0523efb1,72.97674447002977,STALE_HIGH_OPPORTUNITY,1095,34.0
7000,content_2d8181b245ef9414,72.97674447002977,STALE_HIGH_OPPORTUNITY,1095,34.0
7001,content_52885086168f5146,72.97674447002977,STALE_HIGH_OPPORTUNITY,1095,34.0
7002,content_47b91ae49203d87f,72.97674447002977,STALE_HIGH_OPPORTUNITY,1095,34.0
7003,content_e6e314eefffb368d,72.97125323036732,STALE_HIGH_OPPORTUNITY,1094,34.0
7004,content_e548cd5b894adbe6,72.97125323036732,STALE_HIGH_OPPORTUNITY,1094,34.0
7005,content_bc9e92d0ab1fa6c1,72.97125323036732,STALE_HIGH_OPPORTUNITY,1094,34.0
7006,content_2d20f018fab41253,72.97125323036732,STALE_HIGH_OPPORTUNITY,1094,34.0
7007,content_5a1e639dd47173f7,72.97125323036732,STALE_HIGH_OPPORTUNITY,1094,34.0
7008,content_ccdafc3b694728bd,72.97125323036732,STALE_HIGH_OPPORTUNITY,1094,34.0
7009,content_a6b95200bc3a7e9b,72.97125323036732,STALE_HIGH_OPPORTUNITY,1094,34.0
7010,content_5544da31ead9a69d,72.97125323036732,STALE_HIGH_OPPORTUNITY,1094,34.0
7011,content_baf7e4f4b5f5207c,72.96724040138324,STALE_HIGH_OPPORTUNITY,1093,34.0
7012,content_06b5825c592a094a,72.96724040138324,STALE_HIGH_OPPORTUNITY,1093,34.0
7013,content_488672401f2e1afb,72.96724040138324,STALE_HIGH_OPPORTUNITY,1093,34.0
7014,content_110095631ee86cee,72.96724040138324,STALE_HIGH_OPPORTUNITY,1093,34.0
7015,content_7722b9178c4296ea,72.96724040138324,STALE_HIGH_OPPORTUNITY,1093,34.0
7016,content_019449bf2c53d6e0,72.96724040138324,STALE_HIGH_OPPORTUNITY,1093,34.0
7017,content_763a3b2f343359d6,72.96343877392462,STALE_HIGH_OPPORTUNITY,1092,34.0
7018,content_0805da520a4ccb6a,72.96343877392462,STALE_HIGH_OPPORTUNITY,1092,34.0
7019,content_c3a6399737a469a3,72.96343877392462,STALE_HIGH_OPPORTUNITY,1092,34.0
7020,content_7184f8b8be9def46,72.96343877392462,STALE_HIGH_OPPORTUNITY,1092,34.0
7021,content_768d70b225988ea6,72.95868673960138,STALE_HIGH_OPPORTUNITY,1091,34.0
7022,content_22c1e21732e9432d,72.95868673960138,STALE_HIGH_OPPORTUNITY,1091,34.0
7023,content_29c204bc77877265,72.95868673960138,STALE_HIGH_OPPORTUNITY,1091,34.0
7024,content_1e50edd3725c077e,72.95868673960138,STALE_HIGH_OPPORTUNITY,1091,34.0
7025,content_8d7411f5e49ca312,72.95467391061727,STALE_HIGH_OPPORTUNITY,1090,34.0
7026,content_701addb6047167ff,72.95467391061727,STALE_HIGH_OPPORTUNITY,1090,34.0
7027,content_a436d8316dcbbdbe,72.95467391061727,STALE_HIGH_OPPORTUNITY,1090,34.0
7028,content_ac0a7e85eb55fad9,72.95467391061727,STALE_HIGH_OPPORTUNITY,1090,34.0
7029,content_3462dbe7b9b41e2c,72.95097788392141,STALE_HIGH_OPPORTUNITY,1089,34.0
7030,content_086559df6911b946,72.95097788392141,STALE_HIGH_OPPORTUNITY,1089,34.0
7031,content_ec37ac931b34ba4c,72.95097788392141,STALE_HIGH_OPPORTUNITY,1089,34.0
7032,content_1dfd341158fbaa9e,72.95097788392141,STALE_HIGH_OPPORTUNITY,1089,34.0
7033,content_88b2137344e3ee8b,72.94881149053134,STALE_HIGH_OPPORTUNITY,58,166.0
7034,content_908a6ebec2d972dc,72.94881149053134,STALE_HIGH_OPPORTUNITY,58,166.0
7035,content_48c76d1ebbd6fa77,72.94707065570005,STALE_HIGH_OPPORTUNITY,1088,34.0
7036,content_7d09ba2e1c126508,72.94707065570005,STALE_HIGH_OPPORTUNITY,1088,34.0
7037,content_61e03ed11bd944f8,72.94707065570005,STALE_HIGH_OPPORTUNITY,1088,34.0
7038,content_999f26e6c0a6c54b,72.93957300154557,STALE_HIGH_OPPORTUNITY,1086,34.0
7039,content_ca4840c2c8da1946,72.93957300154557,STALE_HIGH_OPPORTUNITY,1086,34.0
7040,content_e7bd11f407137216,72.93692732039074,STALE_HIGH_OPPORTUNITY,96,131.0
7041,content_c6e8ea486dcd1c0d,72.93545457179874,STALE_HIGH_OPPORTUNITY,1085,34.0
7042,content_374cc48503008e00,72.93545457179874,STALE_HIGH_OPPORTUNITY,1085,34.0
7043,content_310b314b1b4eeb24,72.93545457179874,STALE_HIGH_OPPORTUNITY,1085,34.0
7044,content_66adcfc8d538c4ca,72.93545457179874,STALE_HIGH_OPPORTUNITY,1085,34.0
7045,content_15e54b1052541158,72.93165294434013,STALE_HIGH_OPPORTUNITY,1084,34.0
7046,content_92eaabff34472c9d,72.93165294434013,STALE_HIGH_OPPORTUNITY,1084,34.0
7047,content_92a24a5686b8b8cd,72.93165294434013,STALE_HIGH_OPPORTUNITY,1084,34.0
7048,content_31fea5e36ad934ec,72.92690091001685,STALE_HIGH_OPPORTUNITY,1083,34.0
7049,content_2a748382b38839f9,72.92690091001685,STALE_HIGH_OPPORTUNITY,1083,34.0
7050,content_c797b8cbf2bc4e9f,72.92690091001685,STALE_HIGH_OPPORTUNITY,1083,34.0
7051,content_0c2da2046bc76179,72.92690091001685,STALE_HIGH_OPPORTUNITY,1083,34.0
7052,content_f91afe53ed415764,72.92690091001685,STALE_HIGH_OPPORTUNITY,1083,34.0
7053,content_ac2675737f36d554,72.92690091001685,STALE_HIGH_OPPORTUNITY,1083,34.0
7054,content_6effb79bb8484226,72.92151527111716,STALE_HIGH_OPPORTUNITY,1082,34.0
7055,content_5016728c0200231a,72.92151527111716,STALE_HIGH_OPPORTUNITY,1082,34.0
7056,content_0d42afcde9f8490e,72.92151527111716,STALE_HIGH_OPPORTUNITY,1082,34.0
7057,content_044d66d40ddca0ba,72.92151527111716,STALE_HIGH_OPPORTUNITY,1082,34.0
7058,content_8309c1732bd5ba54,72.92151527111716,STALE_HIGH_OPPORTUNITY,1082,34.0
7059,content_36a95b8b674494b7,72.91870155293135,STALE_HIGH_OPPORTUNITY,132,36.0
7060,content_491d408f1d9cb457,72.91655203526841,STALE_HIGH_OPPORTUNITY,1081,34.0
7061,content_e0e1acaca6e60c26,72.91655203526841,STALE_HIGH_OPPORTUNITY,1081,34.0
7062,content_ecee045826bf6eef,72.91655203526841,STALE_HIGH_OPPORTUNITY,1081,34.0
7063,content_3b5adf9d83e988de,72.91655203526841,STALE_HIGH_OPPORTUNITY,1081,34.0
7064,content_1bcbb454a06aec9a,72.91158879941966,STALE_HIGH_OPPORTUNITY,1080,34.0
7065,content_4c19e24a00e7e497,72.91158879941966,STALE_HIGH_OPPORTUNITY,1080,34.0
7066,content_ee54d19faedd8bd9,72.91158879941966,STALE_HIGH_OPPORTUNITY,1080,34.0
7067,content_db7f2004087530b8,72.91158879941966,STALE_HIGH_OPPORTUNITY,1080,34.0
7068,content_7793fb54475b45f3,72.91158879941966,STALE_HIGH_OPPORTUNITY,1080,34.0
7069,content_4b1d22c4a4be085f,72.91158879941966,STALE_HIGH_OPPORTUNITY,1080,34.0
7070,content_247cc752df8754c2,72.90725916814736,STALE_HIGH_OPPORTUNITY,1079,34.0
7071,content_fdc500609a473f55,72.90725916814736,STALE_HIGH_OPPORTUNITY,1079,34.0
7072,content_964b525fec3bf9e6,72.90725916814736,STALE_HIGH_OPPORTUNITY,1079,34.0
7073,content_619be04c28631444,72.90613063019228,STALE_HIGH_OPPORTUNITY,138,35.0
7074,content_34e3aeeff8923201,72.90345754068875,STALE_HIGH_OPPORTUNITY,1078,34.0
7075,content_cf169772d36a4dea,72.90345754068875,STALE_HIGH_OPPORTUNITY,1078,34.0
7076,content_5ff08bafe776aa44,72.90345754068875,STALE_HIGH_OPPORTUNITY,1078,34.0
7077,content_739d796023a29728,72.90345754068875,STALE_HIGH_OPPORTUNITY,1078,34.0
7078,content_5aa0cea6b9704bd5,72.90345754068875,STALE_HIGH_OPPORTUNITY,1078,34.0
7079,content_c96a36e1e29383d3,72.90345754068875,STALE_HIGH_OPPORTUNITY,1078,34.0
7080,content_18639c6eff2dbdda,72.89891670789098,STALE_HIGH_OPPORTUNITY,1077,34.0
7081,content_243e95698ca6dd1f,72.89891670789098,STALE_HIGH_OPPORTUNITY,1077,34.0
7082,content_d0ba45e56b313391,72.89891670789098,STALE_HIGH_OPPORTUNITY,1077,34.0
7083,content_ed40d7b3c29ed478,72.89891670789098,STALE_HIGH_OPPORTUNITY,1077,34.0
7084,content_c208ba97a4c54606,72.89891670789098,STALE_HIGH_OPPORTUNITY,1077,34.0
7085,content_c059ba317d342ecd,72.89891670789098,STALE_HIGH_OPPORTUNITY,1077,34.0
7086,content_77b2bff502adf156,72.89891670789098,STALE_HIGH_OPPORTUNITY,1077,34.0
7087,content_4c8ce6564ab32b56,72.89891670789098,STALE_HIGH_OPPORTUNITY,1077,34.0
7088,content_6c3dcc921d945f64,72.8941646735677,STALE_HIGH_OPPORTUNITY,1076,34.0
7089,content_b7a8e7d3cadfa91c,72.8941646735677,STALE_HIGH_OPPORTUNITY,1076,34.0
7090,content_5b67033429223073,72.8941646735677,STALE_HIGH_OPPORTUNITY,1076,34.0
7091,content_f5605e933ac85efc,72.8941646735677,STALE_HIGH_OPPORTUNITY,1076,34.0
7092,content_48da522626b6fe16,72.88899023619348,STALE_HIGH_OPPORTUNITY,1075,34.0
7093,content_ac85db3f3fd596f1,72.88899023619348,STALE_HIGH_OPPORTUNITY,1075,34.0
7094,content_fd629cef2977d079,72.88899023619348,STALE_HIGH_OPPORTUNITY,1075,34.0
7095,content_26de9084b389d1a4,72.88899023619348,STALE_HIGH_OPPORTUNITY,1075,34.0
7096,content_481e3d446d144dab,72.88371019805652,STALE_HIGH_OPPORTUNITY,1074,34.0
7097,content_57f9cffe34975b62,72.88371019805652,STALE_HIGH_OPPORTUNITY,1074,34.0
7098,content_d13532335328c695,72.88371019805652,STALE_HIGH_OPPORTUNITY,1074,34.0
7099,content_bf67e83b03096fb2,72.88371019805652,STALE_HIGH_OPPORTUNITY,1074,34.0
7100,content_08967079a1f48578,72.88371019805652,STALE_HIGH_OPPORTUNITY,1074,34.0
7101,content_29fd440fd7d6ae3e,72.88371019805652,STALE_HIGH_OPPORTUNITY,1074,34.0
7102,content_75a1866626579963,72.88371019805652,STALE_HIGH_OPPORTUNITY,1074,34.0
7103,content_094f01ec54d6906f,72.88371019805652,STALE_HIGH_OPPORTUNITY,1074,34.0
7104,content_60576a78e836ad99,72.88371019805652,STALE_HIGH_OPPORTUNITY,1074,34.0
7105,content_4b29a1737a24bdd0,72.88371019805652,STALE_HIGH_OPPORTUNITY,1074,34.0
7106,content_3a71331525d72a71,72.88371019805652,STALE_HIGH_OPPORTUNITY,1074,34.0
7107,content_7acc09e01fc255ec,72.88371019805652,STALE_HIGH_OPPORTUNITY,1074,34.0
7108,content_6984295cbde32442,72.8785357606823,STALE_HIGH_OPPORTUNITY,1073,34.0
7109,content_d8617636654eff2c,72.8785357606823,STALE_HIGH_OPPORTUNITY,1073,34.0
7110,content_c216874b26417a7b,72.8785357606823,STALE_HIGH_OPPORTUNITY,1073,34.0
7111,content_7da3053ac6ceacb6,72.8785357606823,STALE_HIGH_OPPORTUNITY,1073,34.0
7112,content_bfa3f26b561d713c,72.87293892025711,STALE_HIGH_OPPORTUNITY,1072,34.0
7113,content_f693137318386a50,72.87293892025711,STALE_HIGH_OPPORTUNITY,1072,34.0
7114,content_6624294042abb7d4,72.87293892025711,STALE_HIGH_OPPORTUNITY,1072,34.0
7115,content_2f22d882b9f137c4,72.87293892025711,STALE_HIGH_OPPORTUNITY,1072,34.0
7116,content_a6ea1bdbe802c316,72.87293892025711,STALE_HIGH_OPPORTUNITY,1072,34.0
7117,content_8b685c5ccb778331,72.86974597064595,STALE_HIGH_OPPORTUNITY,54,187.0
7118,content_6e6237dab26c4cf1,72.86776448288289,STALE_HIGH_OPPORTUNITY,1071,34.0
7119,content_f84e82301c8a4587,72.86776448288289,STALE_HIGH_OPPORTUNITY,1071,34.0
7120,content_18170d741f762e12,72.86776448288289,STALE_HIGH_OPPORTUNITY,1071,34.0
7121,content_72c532b6c8ae19e3,72.86776448288289,STALE_HIGH_OPPORTUNITY,1071,34.0
7122,content_0d79455ebbfb938c,72.86776448288289,STALE_HIGH_OPPORTUNITY,1071,34.0
7123,content_edf8d72c3f9b4c00,72.86301244855963,STALE_HIGH_OPPORTUNITY,1070,34.0
7124,content_ca4a94452ca0d6de,72.86301244855963,STALE_HIGH_OPPORTUNITY,1070,34.0
7125,content_d5d64df3c04b6c12,72.86301244855963,STALE_HIGH_OPPORTUNITY,1070,34.0
7126,content_1f88f549eaa66413,72.86301244855963,STALE_HIGH_OPPORTUNITY,1070,34.0
7127,content_7d13794cd9e900e0,72.86301244855963,STALE_HIGH_OPPORTUNITY,1070,34.0
7128,content_d49cd02b39d95d68,72.86301244855963,STALE_HIGH_OPPORTUNITY,1070,34.0
7129,content_955dafac850d0b1e,72.85815481347362,STALE_HIGH_OPPORTUNITY,1069,34.0
7130,content_3b7b212d9258ff25,72.85815481347362,STALE_HIGH_OPPORTUNITY,1069,34.0
7131,content_7678285f5c1dc046,72.85815481347362,STALE_HIGH_OPPORTUNITY,1069,34.0
7132,content_f1ec8f1f82d906ac,72.85815481347362,STALE_HIGH_OPPORTUNITY,1069,34.0
7133,content_2886d10a33934251,72.8540363837268,STALE_HIGH_OPPORTUNITY,1068,34.0
7134,content_baf95fce210918dc,72.8540363837268,STALE_HIGH_OPPORTUNITY,1068,34.0
7135,content_e5e021614d9277cb,72.8540363837268,STALE_HIGH_OPPORTUNITY,1068,34.0
7136,content_715bb31e89c77467,72.8540363837268,STALE_HIGH_OPPORTUNITY,1068,34.0
7137,content_b0561bd14a48d3d9,72.8540363837268,STALE_HIGH_OPPORTUNITY,1068,34.0
7138,content_42a56a977ffdf0b0,72.84960115169176,STALE_HIGH_OPPORTUNITY,1067,34.0
7139,content_c8de2a09603688e0,72.84960115169176,STALE_HIGH_OPPORTUNITY,1067,34.0
7140,content_b29804d32684041a,72.84960115169176,STALE_HIGH_OPPORTUNITY,1067,34.0
7141,content_cb8f97031b5f803f,72.84960115169176,STALE_HIGH_OPPORTUNITY,1067,34.0
7142,content_7b7276411af449fc,72.84960115169176,STALE_HIGH_OPPORTUNITY,1067,34.0
7143,content_22683a9400b3da38,72.84960115169176,STALE_HIGH_OPPORTUNITY,1067,34.0
7144,content_b9edea06eaa98c98,72.84960115169176,STALE_HIGH_OPPORTUNITY,1067,34.0
7145,content_6d8726c13216585f,72.84960115169176,STALE_HIGH_OPPORTUNITY,1067,34.0
7146,content_ce41e531189cdbba,72.84960115169176,STALE_HIGH_OPPORTUNITY,1067,34.0
7147,content_2fac0dd1e6ea81b3,72.84960115169176,STALE_HIGH_OPPORTUNITY,1067,34.0
7148,content_eddb67a6f5c95333,72.84389871050382,STALE_HIGH_OPPORTUNITY,1066,34.0
7149,content_48c88f28d56199a8,72.84389871050382,STALE_HIGH_OPPORTUNITY,1066,34.0
7150,content_858ed2d4874548ac,72.84389871050382,STALE_HIGH_OPPORTUNITY,1066,34.0
7151,content_9c7aa32533c45633,72.84389871050382,STALE_HIGH_OPPORTUNITY,1066,34.0
7152,content_dd31bd01ada995c2,72.84389871050382,STALE_HIGH_OPPORTUNITY,1066,34.0
7153,content_97a61b6629eecad0,72.84389871050382,STALE_HIGH_OPPORTUNITY,1066,34.0
7154,content_879af866258bd89d,72.84389871050382,STALE_HIGH_OPPORTUNITY,1066,34.0
7155,content_0c6745c92d4f3415,72.83928534737834,STALE_HIGH_OPPORTUNITY,136,35.0
7156,content_acb81688a835d6c4,72.83851307160413,STALE_HIGH_OPPORTUNITY,1065,34.0
7157,content_d81ee903a8ea7e96,72.83851307160413,STALE_HIGH_OPPORTUNITY,1065,34.0
7158,content_91a24b8e5632bdb1,72.83851307160413,STALE_HIGH_OPPORTUNITY,1065,34.0
7159,content_27c00c8ad8563f44,72.83851307160413,STALE_HIGH_OPPORTUNITY,1065,34.0
7160,content_e95955ae105d3306,72.83851307160413,STALE_HIGH_OPPORTUNITY,1065,34.0
7161,content_84a1a3d73d9429e1,72.83850740951779,STALE_HIGH_OPPORTUNITY,94,131.0
7162,content_4ef12adbfef6f34b,72.83397223880634,STALE_HIGH_OPPORTUNITY,1064,34.0
7163,content_33ccfe1b82ec7e00,72.83397223880634,STALE_HIGH_OPPORTUNITY,1064,34.0
7164,content_adce7e7fd9a54b3a,72.83397223880634,STALE_HIGH_OPPORTUNITY,1064,34.0
7165,content_3e671f2907c2a855,72.83397223880634,STALE_HIGH_OPPORTUNITY,1064,34.0
7166,content_9e1d00829753cf20,72.83397223880634,STALE_HIGH_OPPORTUNITY,1064,34.0
7167,content_855fb5b426d5df4a,72.83397223880634,STALE_HIGH_OPPORTUNITY,1064,34.0
7168,content_5d1dc21764ce34e5,72.83397223880634,STALE_HIGH_OPPORTUNITY,1064,34.0
7169,content_2c9cb6b4757cb55a,72.83017061134774,STALE_HIGH_OPPORTUNITY,1063,34.0
7170,content_e2b245aa8040fb12,72.83017061134774,STALE_HIGH_OPPORTUNITY,1063,34.0
7171,content_8998802f4a81ebc7,72.82668578617734,STALE_HIGH_OPPORTUNITY,1062,34.0
7172,content_98ae5d19b25463fd,72.82668578617734,STALE_HIGH_OPPORTUNITY,1062,34.0
7173,content_9506d19a8ff03cc8,72.82203935261681,STALE_HIGH_OPPORTUNITY,1061,34.0
7174,content_32116ed1a0ac1163,72.82203935261681,STALE_HIGH_OPPORTUNITY,1061,34.0
7175,content_2cf861b4792f236c,72.82203935261681,STALE_HIGH_OPPORTUNITY,1061,34.0
7176,content_424e0d0d1290361b,72.82203935261681,STALE_HIGH_OPPORTUNITY,1061,34.0
7177,content_16a59b5083630cd4,72.82203935261681,STALE_HIGH_OPPORTUNITY,1061,34.0
7178,content_3775eeecad53df69,72.82203935261681,STALE_HIGH_OPPORTUNITY,1061,34.0
7179,content_16f353af3514dbfd,72.82203935261681,STALE_HIGH_OPPORTUNITY,1061,34.0
7180,content_bcf00f4f7c8c0595,72.82203935261681,STALE_HIGH_OPPORTUNITY,1061,34.0
7181,content_7668c35ba7461c98,72.8177097213445,STALE_HIGH_OPPORTUNITY,1060,34.0
7182,content_1a55219294a0c9f4,72.8177097213445,STALE_HIGH_OPPORTUNITY,1060,34.0
7183,content_98d559b5f7804a64,72.81348569083494,STALE_HIGH_OPPORTUNITY,1059,34.0
7184,content_33a0af4c391dcce0,72.81348569083494,STALE_HIGH_OPPORTUNITY,1059,34.0
7185,content_19555fd9c4a040d3,72.81348569083494,STALE_HIGH_OPPORTUNITY,1059,34.0
7186,content_d42713b391686362,72.81348569083494,STALE_HIGH_OPPORTUNITY,1059,34.0
7187,content_edadadb84b728d61,72.81348569083494,STALE_HIGH_OPPORTUNITY,1059,34.0
7188,content_29a8431fe6d25a46,72.81348569083494,STALE_HIGH_OPPORTUNITY,1059,34.0
7189,content_fefee7abacd2deaa,72.81348569083494,STALE_HIGH_OPPORTUNITY,1059,34.0
7190,content_28f5f29743f3b0fa,72.80862805574893,STALE_HIGH_OPPORTUNITY,1058,34.0
7191,content_1d97539f5d23979f,72.80862805574893,STALE_HIGH_OPPORTUNITY,1058,34.0
7192,content_a19d7db3385e48b0,72.80862805574893,STALE_HIGH_OPPORTUNITY,1058,34.0
7193,content_385ea5ae43b7fa9c,72.80862805574893,STALE_HIGH_OPPORTUNITY,1058,34.0
7194,content_75b10bfe69d73527,72.80408722295114,STALE_HIGH_OPPORTUNITY,1057,34.0
7195,content_4e189b1895889fd4,72.80408722295114,STALE_HIGH_OPPORTUNITY,1057,34.0
7196,content_7dfae27537532724,72.80408722295114,STALE_HIGH_OPPORTUNITY,1057,34.0
7197,content_74c5329ddfbf13d0,72.80408722295114,STALE_HIGH_OPPORTUNITY,1057,34.0
7198,content_43622fc2041a188a,72.80408722295114,STALE_HIGH_OPPORTUNITY,1057,34.0
7199,content_097f5e13491e7dd4,72.80408722295114,STALE_HIGH_OPPORTUNITY,1057,34.0
7200,content_33269a4d80b6d4de,72.79901838633967,STALE_HIGH_OPPORTUNITY,1056,34.0
7201,content_80b4897842caa804,72.79901838633967,STALE_HIGH_OPPORTUNITY,1056,34.0
7202,content_e9beaa9b40425197,72.79901838633967,STALE_HIGH_OPPORTUNITY,1056,34.0
7203,content_232bb5ebe97b39b8,72.79901838633967,STALE_HIGH_OPPORTUNITY,1056,34.0
7204,content_4fafd1bae0dbe1b3,72.79901838633967,STALE_HIGH_OPPORTUNITY,1056,34.0
7205,content_ef89e6235a833164,72.79901838633967,STALE_HIGH_OPPORTUNITY,1056,34.0
7206,content_4bd15168090ad5a3,72.79901838633967,STALE_HIGH_OPPORTUNITY,1056,34.0
7207,content_b180366333bb44be,72.79416075125366,STALE_HIGH_OPPORTUNITY,1055,34.0
7208,content_245627bdedfec466,72.79416075125366,STALE_HIGH_OPPORTUNITY,1055,34.0
7209,content_048c27aa7d9a9d45,72.79416075125366,STALE_HIGH_OPPORTUNITY,1055,34.0
7210,content_783ac58b38f8047d,72.79416075125366,STALE_HIGH_OPPORTUNITY,1055,34.0
7211,content_5b6adbdf1d36ba61,72.78961991845587,STALE_HIGH_OPPORTUNITY,1054,34.0
7212,content_c8c246630c8c627c,72.78961991845587,STALE_HIGH_OPPORTUNITY,1054,34.0
7213,content_ee16e194c98cebea,72.78961991845587,STALE_HIGH_OPPORTUNITY,1054,34.0
7214,content_02c1c0ad869c2982,72.78412867879342,STALE_HIGH_OPPORTUNITY,1053,34.0
7215,content_1a91d7b4ebb00948,72.78412867879342,STALE_HIGH_OPPORTUNITY,1053,34.0
7216,content_e55158d9084229fb,72.78412867879342,STALE_HIGH_OPPORTUNITY,1053,34.0
7217,content_f14a95085ec8bdc1,72.78412867879342,STALE_HIGH_OPPORTUNITY,1053,34.0
7218,content_092968080dedb8e1,72.78412867879342,STALE_HIGH_OPPORTUNITY,1053,34.0
7219,content_26dbd65785c181ca,72.78338381136791,STALE_HIGH_OPPORTUNITY,93,131.0
7220,content_a3aa9fe893ca642e,72.78338381136791,STALE_HIGH_OPPORTUNITY,93,131.0
7221,content_bb6b065ef1fcbd4f,72.78338381136791,STALE_HIGH_OPPORTUNITY,93,131.0
7222,content_373eb35e9cdebf87,72.7784262376055,STALE_HIGH_OPPORTUNITY,1052,34.0
7223,content_ca9e49a480b98a5b,72.7784262376055,STALE_HIGH_OPPORTUNITY,1052,34.0
7224,content_11329ab81d604a13,72.7784262376055,STALE_HIGH_OPPORTUNITY,1052,34.0
7225,content_04e23ef1fdfd3dc0,72.7784262376055,STALE_HIGH_OPPORTUNITY,1052,34.0
7226,content_df6b57e337e2bc41,72.7732518002313,STALE_HIGH_OPPORTUNITY,1051,34.0
7227,content_2a279a41b7d3427d,72.7732518002313,STALE_HIGH_OPPORTUNITY,1051,34.0
7228,content_50785f55e9ae0fa6,72.7732518002313,STALE_HIGH_OPPORTUNITY,1051,34.0
7229,content_469512b149928d3e,72.7732518002313,STALE_HIGH_OPPORTUNITY,1051,34.0
7230,content_95086717091355c9,72.7732518002313,STALE_HIGH_OPPORTUNITY,1051,34.0
7231,content_28883a70b483f28a,72.7732518002313,STALE_HIGH_OPPORTUNITY,1051,34.0
7232,content_aa49a8713fce3764,72.76786616133158,STALE_HIGH_OPPORTUNITY,1050,34.0
7233,content_a3bafe5e9b441764,72.76786616133158,STALE_HIGH_OPPORTUNITY,1050,34.0
7234,content_c611ddfded96a812,72.76786616133158,STALE_HIGH_OPPORTUNITY,1050,34.0
7235,content_b2eb20edc02e6566,72.76786616133158,STALE_HIGH_OPPORTUNITY,1050,34.0
7236,content_2e208c7049a5d149,72.76786616133158,STALE_HIGH_OPPORTUNITY,1050,34.0
7237,content_7abbc8cfe4170f16,72.76786616133158,STALE_HIGH_OPPORTUNITY,1050,34.0
7238,content_94427d46a9a8a978,72.76279732472011,STALE_HIGH_OPPORTUNITY,1049,34.0
7239,content_7c7858146dcf6a0d,72.76279732472011,STALE_HIGH_OPPORTUNITY,1049,34.0
7240,content_610fb7e19f2f367e,72.76279732472011,STALE_HIGH_OPPORTUNITY,1049,34.0
7241,content_86c11a168ea725c1,72.76279732472011,STALE_HIGH_OPPORTUNITY,1049,34.0
7242,content_b8fda4295a50af82,72.76279732472011,STALE_HIGH_OPPORTUNITY,1049,34.0
7243,content_c43f8e09542358aa,72.7579396896341,STALE_HIGH_OPPORTUNITY,1048,34.0
7244,content_c08156a6d44e1733,72.7579396896341,STALE_HIGH_OPPORTUNITY,1048,34.0
7245,content_03393321ceffcf65,72.7579396896341,STALE_HIGH_OPPORTUNITY,1048,34.0
7246,content_1bf75f71bc9dcbde,72.7579396896341,STALE_HIGH_OPPORTUNITY,1048,34.0
7247,content_450408f3e1bf06fd,72.7579396896341,STALE_HIGH_OPPORTUNITY,1048,34.0
7248,content_c7e3cab0e86d149d,72.7579396896341,STALE_HIGH_OPPORTUNITY,1048,34.0
7249,content_6feb271218e81f5e,72.75297645378535,STALE_HIGH_OPPORTUNITY,1047,34.0
7250,content_5f005c21f47e9c8f,72.75297645378535,STALE_HIGH_OPPORTUNITY,1047,34.0
7251,content_2f39ca159041b1be,72.75297645378535,STALE_HIGH_OPPORTUNITY,1047,34.0
7252,content_b3588a219afe51f2,72.75297645378535,STALE_HIGH_OPPORTUNITY,1047,34.0
7253,content_541dad00cab28bc8,72.75297645378535,STALE_HIGH_OPPORTUNITY,1047,34.0
7254,content_07f5734f5ef609f4,72.75297645378535,STALE_HIGH_OPPORTUNITY,1047,34.0
7255,content_fecb1b4e8dcb2a19,72.75297645378535,STALE_HIGH_OPPORTUNITY,1047,34.0
7256,content_c1accc6d43b63e3f,72.75297645378535,STALE_HIGH_OPPORTUNITY,1047,34.0
7257,content_33413741dc70b700,72.74790761717387,STALE_HIGH_OPPORTUNITY,1046,34.0
7258,content_8010ed892814d861,72.74790761717387,STALE_HIGH_OPPORTUNITY,1046,34.0
7259,content_2cf8239968bdbe19,72.74790761717387,STALE_HIGH_OPPORTUNITY,1046,34.0
7260,content_02ee5d0cc5f90db4,72.74790761717387,STALE_HIGH_OPPORTUNITY,1046,34.0
7261,content_7509e9c1520fe871,72.74790761717387,STALE_HIGH_OPPORTUNITY,1046,34.0
7262,content_16c2e8889d707fdb,72.74790761717387,STALE_HIGH_OPPORTUNITY,1046,34.0
7263,content_89291a67d49a4bd4,72.74790761717387,STALE_HIGH_OPPORTUNITY,1046,34.0
7264,content_e2b7c0b5881ac560,72.74790761717387,STALE_HIGH_OPPORTUNITY,1046,34.0
7265,content_c840a8277d1e8fe2,72.7428387805624,STALE_HIGH_OPPORTUNITY,1045,34.0
7266,content_eaee37fc72ade770,72.7379811454764,STALE_HIGH_OPPORTUNITY,1044,34.0
7267,content_1a2a493c12c60a36,72.7379811454764,STALE_HIGH_OPPORTUNITY,1044,34.0
7268,content_b50566510f16024e,72.7379811454764,STALE_HIGH_OPPORTUNITY,1044,34.0
7269,content_e1d97f87612e1bf9,72.7379811454764,STALE_HIGH_OPPORTUNITY,1044,34.0
7270,content_0e87b221555766fb,72.7379811454764,STALE_HIGH_OPPORTUNITY,1044,34.0
7271,content_c3256701594d060b,72.7379811454764,STALE_HIGH_OPPORTUNITY,1044,34.0
7272,content_955e45271a032617,72.7379811454764,STALE_HIGH_OPPORTUNITY,1044,34.0
7273,content_94d613822d53fd68,72.73206750276299,STALE_HIGH_OPPORTUNITY,1043,34.0
7274,content_e07ed76b6b5247a8,72.73206750276299,STALE_HIGH_OPPORTUNITY,1043,34.0
7275,content_b069774ca72dd08e,72.73206750276299,STALE_HIGH_OPPORTUNITY,1043,34.0
7276,content_8844ab1aac184b5f,72.73206750276299,STALE_HIGH_OPPORTUNITY,1043,34.0
7277,content_946303284758e9e7,72.73206750276299,STALE_HIGH_OPPORTUNITY,1043,34.0
7278,content_0c0d6c9958e498ed,72.73206750276299,STALE_HIGH_OPPORTUNITY,1043,34.0
7279,content_1fc706fb0aade6ad,72.73206750276299,STALE_HIGH_OPPORTUNITY,1043,34.0
7280,content_3693a6d9ccf81f85,72.73206750276299,STALE_HIGH_OPPORTUNITY,1043,34.0
7281,content_23826872fe0d3ace,72.72709860482792,STALE_HIGH_OPPORTUNITY,92,131.0
7282,content_ca64b9d6268f290a,72.7259426585241,STALE_HIGH_OPPORTUNITY,1042,34.0
7283,content_267ac065da452367,72.7259426585241,STALE_HIGH_OPPORTUNITY,1042,34.0
7284,content_0d1c05f41b8738f6,72.7259426585241,STALE_HIGH_OPPORTUNITY,1042,34.0
7285,content_4d1529046cd27ddd,72.7259426585241,STALE_HIGH_OPPORTUNITY,1042,34.0
7286,content_2974c214ff960e10,72.7259426585241,STALE_HIGH_OPPORTUNITY,1042,34.0
7287,content_98825dfc972a5712,72.7259426585241,STALE_HIGH_OPPORTUNITY,1042,34.0
7288,content_353ca8c32e2b5e91,72.72344866637388,STALE_HIGH_OPPORTUNITY,68,141.0
7289,content_137c3da00c808bc2,72.72171862801454,STALE_HIGH_OPPORTUNITY,1041,34.0
7290,content_4f2c2e3992982bd8,72.72171862801454,STALE_HIGH_OPPORTUNITY,1041,34.0
7291,content_9e494699853752ff,72.72171862801454,STALE_HIGH_OPPORTUNITY,1041,34.0
7292,content_0b014561ee7522f4,72.72171862801454,STALE_HIGH_OPPORTUNITY,1041,34.0
7293,content_056900071a70b6b3,72.71812820208142,STALE_HIGH_OPPORTUNITY,1040,34.0
7294,content_43d624f3584e732b,72.71812820208142,STALE_HIGH_OPPORTUNITY,1040,34.0
7295,content_46221e61951e619a,72.71812820208142,STALE_HIGH_OPPORTUNITY,1040,34.0
7296,content_74241c87ddac50c1,72.71812820208142,STALE_HIGH_OPPORTUNITY,1040,34.0
7297,content_95706f8e8f826984,72.71284816394446,STALE_HIGH_OPPORTUNITY,1039,34.0
7298,content_a05722b701dca5b1,72.71284816394446,STALE_HIGH_OPPORTUNITY,1039,34.0
7299,content_e472e8549159c917,72.71284816394446,STALE_HIGH_OPPORTUNITY,1039,34.0
7300,content_aca2006fc62309d3,72.71284816394446,STALE_HIGH_OPPORTUNITY,1039,34.0
7301,content_f558392b20dc0844,72.70746252504475,STALE_HIGH_OPPORTUNITY,1038,34.0
7302,content_80b59a285da515aa,72.70746252504475,STALE_HIGH_OPPORTUNITY,1038,34.0
7303,content_e8ced930e7f81a32,72.70313289377245,STALE_HIGH_OPPORTUNITY,1037,34.0
7304,content_ca4ed7e90de112e8,72.70313289377245,STALE_HIGH_OPPORTUNITY,1037,34.0
7305,content_a0e1a25faab95025,72.70313289377245,STALE_HIGH_OPPORTUNITY,1037,34.0
7306,content_259750bae9a816fe,72.70313289377245,STALE_HIGH_OPPORTUNITY,1037,34.0
7307,content_18ba015a3f362314,72.70313289377245,STALE_HIGH_OPPORTUNITY,1037,34.0
7308,content_5ce50c0dc266cc74,72.69880326250012,STALE_HIGH_OPPORTUNITY,1036,34.0
7309,content_3d7a196fee69e8d3,72.69880326250012,STALE_HIGH_OPPORTUNITY,1036,34.0
7310,content_9cd6b935f1c5ec00,72.69880326250012,STALE_HIGH_OPPORTUNITY,1036,34.0
7311,content_50e7a664ef6310fd,72.69468483275331,STALE_HIGH_OPPORTUNITY,1035,34.0
7312,content_b13d415e313745c2,72.69468483275331,STALE_HIGH_OPPORTUNITY,1035,34.0
7313,content_301d3e64dbe833ca,72.69468483275331,STALE_HIGH_OPPORTUNITY,1035,34.0
7314,content_834db539af95c345,72.69024960071826,STALE_HIGH_OPPORTUNITY,1034,34.0
7315,content_212a108f168c9665,72.69024960071826,STALE_HIGH_OPPORTUNITY,1034,34.0
7316,content_1f292d8464c26d1a,72.69024960071826,STALE_HIGH_OPPORTUNITY,1034,34.0
7317,content_344185da92b9a751,72.69024960071826,STALE_HIGH_OPPORTUNITY,1034,34.0
7318,content_aac7a8e4cdc68d39,72.69024960071826,STALE_HIGH_OPPORTUNITY,1034,34.0
7319,content_12f36369f2d568c8,72.69024960071826,STALE_HIGH_OPPORTUNITY,1034,34.0
7320,content_dcd0a3494db031fd,72.68581436868321,STALE_HIGH_OPPORTUNITY,1033,34.0
7321,content_c15b9080a8b2ff40,72.68581436868321,STALE_HIGH_OPPORTUNITY,1033,34.0
7322,content_2f05accac64a904d,72.68211834198735,STALE_HIGH_OPPORTUNITY,1032,34.0
7323,content_a748237c9ee92f97,72.68211834198735,STALE_HIGH_OPPORTUNITY,1032,34.0
7324,content_f8f6736c414224b3,72.67831671452873,STALE_HIGH_OPPORTUNITY,1031,34.0
7325,content_2a5ea216d83a4474,72.67831671452873,STALE_HIGH_OPPORTUNITY,1031,34.0
7326,content_ffd13a4b975c21ec,72.67831671452873,STALE_HIGH_OPPORTUNITY,1031,34.0
7327,content_0250d252fafdf394,72.67831671452873,STALE_HIGH_OPPORTUNITY,1031,34.0
7328,content_b0396e0e43b9d6c5,72.67831671452873,STALE_HIGH_OPPORTUNITY,1031,34.0
7329,content_81028f7bce06c3ef,72.67831671452873,STALE_HIGH_OPPORTUNITY,1031,34.0
7330,content_d65f59c91c8535f5,72.67831671452873,STALE_HIGH_OPPORTUNITY,1031,34.0
7331,content_6836b284de2a49df,72.67831671452873,STALE_HIGH_OPPORTUNITY,1031,34.0
7332,content_d9ef1e6c4a89f7a5,72.67831671452873,STALE_HIGH_OPPORTUNITY,1031,34.0
7333,content_0f2887d2079493ac,72.67240307181532,STALE_HIGH_OPPORTUNITY,1030,34.0
7334,content_e8ee200b9116d7f9,72.67240307181532,STALE_HIGH_OPPORTUNITY,1030,34.0
7335,content_011fc1a8e28b01a3,72.67240307181532,STALE_HIGH_OPPORTUNITY,1030,34.0
7336,content_be34d7cfbd2b5dc3,72.67240307181532,STALE_HIGH_OPPORTUNITY,1030,34.0
7337,content_5b6b91455d4022f6,72.67102459981338,STALE_HIGH_OPPORTUNITY,91,131.0
7338,content_525a34b2e6f887de,72.66648942910193,STALE_HIGH_OPPORTUNITY,1029,34.0
7339,content_a4b8f70776b30c0b,72.66648942910193,STALE_HIGH_OPPORTUNITY,1029,34.0
7340,content_c144cb4c4abcd7e3,72.66648942910193,STALE_HIGH_OPPORTUNITY,1029,34.0
7341,content_3fab708a2c00f7a2,72.66648942910193,STALE_HIGH_OPPORTUNITY,1029,34.0
7342,content_7cdb741f5e91fe19,72.66173739477867,STALE_HIGH_OPPORTUNITY,1028,34.0
7343,content_67c79fb23bbfa566,72.66173739477867,STALE_HIGH_OPPORTUNITY,1028,34.0
7344,content_8335bc5a6d216747,72.66173739477867,STALE_HIGH_OPPORTUNITY,1028,34.0
7345,content_8c5e3486a5f3c3a5,72.66173739477867,STALE_HIGH_OPPORTUNITY,1028,34.0
7346,content_a8fda7d3e5c0d021,72.66173739477867,STALE_HIGH_OPPORTUNITY,1028,34.0
7347,content_5c2013cfad4235ba,72.66173739477867,STALE_HIGH_OPPORTUNITY,1028,34.0
7348,content_aee7954dee07bb43,72.66173739477867,STALE_HIGH_OPPORTUNITY,1028,34.0
7349,content_90074406b64f5221,72.66173739477867,STALE_HIGH_OPPORTUNITY,1028,34.0
7350,content_84405b625d2536c0,72.65645735664171,STALE_HIGH_OPPORTUNITY,1027,34.0
7351,content_a280d8db83a9eba2,72.65645735664171,STALE_HIGH_OPPORTUNITY,1027,34.0
7352,content_fd804d0d3d66c72e,72.65645735664171,STALE_HIGH_OPPORTUNITY,1027,34.0
7353,content_533406a48b105132,72.65645735664171,STALE_HIGH_OPPORTUNITY,1027,34.0
7354,content_505ac6b80c5a26d1,72.65645735664171,STALE_HIGH_OPPORTUNITY,1027,34.0
7355,content_6ac4c9ab9fc8a780,72.65645735664171,STALE_HIGH_OPPORTUNITY,1027,34.0
7356,content_d59e3dcc359df469,72.65645735664171,STALE_HIGH_OPPORTUNITY,1027,34.0
7357,content_649b45c873839a55,72.65223332613213,STALE_HIGH_OPPORTUNITY,1026,34.0
7358,content_2859da558ce63c28,72.65223332613213,STALE_HIGH_OPPORTUNITY,1026,34.0
7359,content_a8d90e7d0a98802b,72.65223332613213,STALE_HIGH_OPPORTUNITY,1026,34.0
7360,content_c929c8a614c1dda3,72.65223332613213,STALE_HIGH_OPPORTUNITY,1026,34.0
7361,content_1502b2fdf3f796cf,72.64843169867353,STALE_HIGH_OPPORTUNITY,1025,34.0
7362,content_ce079aa6ea8477e1,72.64843169867353,STALE_HIGH_OPPORTUNITY,1025,34.0
7363,content_eade998a128313ec,72.64843169867353,STALE_HIGH_OPPORTUNITY,1025,34.0
7364,content_6f5b51eb85497950,72.64843169867353,STALE_HIGH_OPPORTUNITY,1025,34.0
7365,content_4b21b3560fcb7636,72.64843169867353,STALE_HIGH_OPPORTUNITY,1025,34.0
7366,content_94db188c2991f2aa,72.64389086587573,STALE_HIGH_OPPORTUNITY,1024,34.0
7367,content_cb77275b5ca9e941,72.64389086587573,STALE_HIGH_OPPORTUNITY,1024,34.0
7368,content_09fa69fa1e6d4aff,72.64389086587573,STALE_HIGH_OPPORTUNITY,1024,34.0
7369,content_7d3285639bf0fee9,72.64389086587573,STALE_HIGH_OPPORTUNITY,1024,34.0
7370,content_4e98f832421a1bc9,72.64389086587573,STALE_HIGH_OPPORTUNITY,1024,34.0
7371,content_4ed17a28992b92af,72.63871642850151,STALE_HIGH_OPPORTUNITY,1023,34.0
7372,content_2bd8d6d36d04443e,72.63871642850151,STALE_HIGH_OPPORTUNITY,1023,34.0
7373,content_22488acbd7265b0d,72.63871642850151,STALE_HIGH_OPPORTUNITY,1023,34.0
7374,content_d9d7104166db7667,72.63871642850151,STALE_HIGH_OPPORTUNITY,1023,34.0
7375,content_31b2c6e584025e22,72.63871642850151,STALE_HIGH_OPPORTUNITY,1023,34.0
7376,content_6bbbeb3163ddd38c,72.63871642850151,STALE_HIGH_OPPORTUNITY,1023,34.0
7377,content_e5b7a3f77784d2f9,72.63269718502538,STALE_HIGH_OPPORTUNITY,1022,34.0
7378,content_52632bb92b3bdfab,72.63269718502538,STALE_HIGH_OPPORTUNITY,1022,34.0
7379,content_b38aba4892499bf3,72.63269718502538,STALE_HIGH_OPPORTUNITY,1022,34.0
7380,content_ae4854a3ac3a52de,72.63269718502538,STALE_HIGH_OPPORTUNITY,1022,34.0
7381,content_33c8df19f2df49f1,72.63269718502538,STALE_HIGH_OPPORTUNITY,1022,34.0
7382,content_37e21af4e58ccbf1,72.63269718502538,STALE_HIGH_OPPORTUNITY,1022,34.0
7383,content_a1a301dfb8c50d4d,72.63269718502538,STALE_HIGH_OPPORTUNITY,1022,34.0
7384,content_d8d8189f851a11de,72.63269718502538,STALE_HIGH_OPPORTUNITY,1022,34.0
7385,content_3cb8968cfb7b3fd3,72.63269718502538,STALE_HIGH_OPPORTUNITY,1022,34.0
7386,content_650798c3c1da84b4,72.62646674002377,STALE_HIGH_OPPORTUNITY,1021,34.0
7387,content_d978e0f91a655e5e,72.62646674002377,STALE_HIGH_OPPORTUNITY,1021,34.0
7388,content_e99c0124341840cf,72.62646674002377,STALE_HIGH_OPPORTUNITY,1021,34.0
7389,content_173505d95d182f7e,72.62646674002377,STALE_HIGH_OPPORTUNITY,1021,34.0
7390,content_f96063dcbcb2f790,72.6217147057005,STALE_HIGH_OPPORTUNITY,1020,34.0
7391,content_c1f91128eb43e256,72.6217147057005,STALE_HIGH_OPPORTUNITY,1020,34.0
7392,content_5b8afc44047c95cd,72.6217147057005,STALE_HIGH_OPPORTUNITY,1020,34.0
7393,content_ab6610f91b78aec3,72.6217147057005,STALE_HIGH_OPPORTUNITY,1020,34.0
7394,content_8382ea8c98e73518,72.6217147057005,STALE_HIGH_OPPORTUNITY,1020,34.0
7395,content_45518748155337b3,72.61780747747915,STALE_HIGH_OPPORTUNITY,1019,34.0
7396,content_979dd4fd7fc8eb6c,72.61780747747915,STALE_HIGH_OPPORTUNITY,1019,34.0
7397,content_c340b4e61899deea,72.61780747747915,STALE_HIGH_OPPORTUNITY,1019,34.0
7398,content_7ec3d9271db06fe9,72.61780747747915,STALE_HIGH_OPPORTUNITY,1019,34.0
7399,content_c08076c7e430510b,72.61780747747915,STALE_HIGH_OPPORTUNITY,1019,34.0
7400,content_c8c89f1bd02e6940,72.6174850131046,STALE_HIGH_OPPORTUNITY,90,131.0
7401,content_cb021c89df0a85dc,72.61294984239316,STALE_HIGH_OPPORTUNITY,1018,34.0
7402,content_44c6ae1f36d74a74,72.61294984239316,STALE_HIGH_OPPORTUNITY,1018,34.0
7403,content_de5041edaa052eb9,72.61294984239316,STALE_HIGH_OPPORTUNITY,1018,34.0
7404,content_486b97ed2a00f68c,72.61294984239316,STALE_HIGH_OPPORTUNITY,1018,34.0
7405,content_fa69e926394f624d,72.61294984239316,STALE_HIGH_OPPORTUNITY,1018,34.0
7406,content_cc79cc575608c933,72.61294984239316,STALE_HIGH_OPPORTUNITY,1018,34.0
7407,content_2626d0ca1c005ea1,72.61294984239316,STALE_HIGH_OPPORTUNITY,1018,34.0
7408,content_18d574f67777df5c,72.60766980425618,STALE_HIGH_OPPORTUNITY,1017,34.0
7409,content_62c8f56b2b5cd80b,72.60766980425618,STALE_HIGH_OPPORTUNITY,1017,34.0
7410,content_70cbbfb81e25db3e,72.60766980425618,STALE_HIGH_OPPORTUNITY,1017,34.0
7411,content_11fb33df8cda3c1f,72.60766980425618,STALE_HIGH_OPPORTUNITY,1017,34.0
7412,content_520b091757fc79f1,72.60302337069567,STALE_HIGH_OPPORTUNITY,1016,34.0
7413,content_2f6a73a5ff799105,72.60302337069567,STALE_HIGH_OPPORTUNITY,1016,34.0
7414,content_df3a80ab0308f7ef,72.60302337069567,STALE_HIGH_OPPORTUNITY,1016,34.0
7415,content_1038f51d86b9f4a0,72.60302337069567,STALE_HIGH_OPPORTUNITY,1016,34.0
7416,content_a32d3490be0e10cc,72.60302337069567,STALE_HIGH_OPPORTUNITY,1016,34.0
7417,content_5e1fa0ec5eba8f43,72.59879934018608,STALE_HIGH_OPPORTUNITY,1015,34.0
7418,content_8f0577c665594af3,72.59879934018608,STALE_HIGH_OPPORTUNITY,1015,34.0
7419,content_7e847672bef4d8a4,72.59879934018608,STALE_HIGH_OPPORTUNITY,1015,34.0
7420,content_8f08ffa421e00311,72.59879934018608,STALE_HIGH_OPPORTUNITY,1015,34.0
7421,content_cb96fd865cf4edb4,72.59499771272749,STALE_HIGH_OPPORTUNITY,1014,34.0
7422,content_838c396090e4999f,72.59499771272749,STALE_HIGH_OPPORTUNITY,1014,34.0
7423,content_7cdad2e7987efe21,72.59499771272749,STALE_HIGH_OPPORTUNITY,1014,34.0
7424,content_adcf3d8f1e353b7f,72.59499771272749,STALE_HIGH_OPPORTUNITY,1014,34.0
7425,content_d03f07bf3f5d7a46,72.59499771272749,STALE_HIGH_OPPORTUNITY,1014,34.0
7426,content_11a502afab80c523,72.59499771272749,STALE_HIGH_OPPORTUNITY,1014,34.0
7427,content_a3de35ad106ef0e9,72.59087928298064,STALE_HIGH_OPPORTUNITY,1013,34.0
7428,content_9f8949256e2c6e8a,72.59087928298064,STALE_HIGH_OPPORTUNITY,1013,34.0
7429,content_0b5d42d70b4de810,72.59087928298064,STALE_HIGH_OPPORTUNITY,1013,34.0
7430,content_696410c0058dd7e5,72.59087928298064,STALE_HIGH_OPPORTUNITY,1013,34.0
7431,content_373b1e324f26cf9c,72.59087928298064,STALE_HIGH_OPPORTUNITY,1013,34.0
7432,content_7db3af61c60f9a5a,72.59087928298064,STALE_HIGH_OPPORTUNITY,1013,34.0
7433,content_0cd6307dce716ef7,72.58623284942013,STALE_HIGH_OPPORTUNITY,1012,34.0
7434,content_09274fc33e3edf30,72.58623284942013,STALE_HIGH_OPPORTUNITY,1012,34.0
7435,content_d61eb6b6fa3f69a6,72.58623284942013,STALE_HIGH_OPPORTUNITY,1012,34.0
7436,content_15dc81a2627b842f,72.58623284942013,STALE_HIGH_OPPORTUNITY,1012,34.0
7437,content_a0b8b2cd7cf4457a,72.58623284942013,STALE_HIGH_OPPORTUNITY,1012,34.0
7438,content_9318480e93ab8f2a,72.58116401280864,STALE_HIGH_OPPORTUNITY,1011,34.0
7439,content_ff5dee1a0a515ac2,72.58116401280864,STALE_HIGH_OPPORTUNITY,1011,34.0
7440,content_08ae2414078abc20,72.58116401280864,STALE_HIGH_OPPORTUNITY,1011,34.0
7441,content_0c80d3183157ebf3,72.58116401280864,STALE_HIGH_OPPORTUNITY,1011,34.0
7442,content_2614b77a44e5bc6a,72.58116401280864,STALE_HIGH_OPPORTUNITY,1011,34.0
7443,content_56c0ec5181540a99,72.58116401280864,STALE_HIGH_OPPORTUNITY,1011,34.0
7444,content_f5020a12ad8f6fc0,72.57598957543442,STALE_HIGH_OPPORTUNITY,1010,34.0
7445,content_336a7ee8b7540d61,72.57598957543442,STALE_HIGH_OPPORTUNITY,1010,34.0
7446,content_21400c6b7a8bed3b,72.57598957543442,STALE_HIGH_OPPORTUNITY,1010,34.0
7447,content_57658c68600637d4,72.57598957543442,STALE_HIGH_OPPORTUNITY,1010,34.0
7448,content_c108c24260dbeba9,72.57049833577199,STALE_HIGH_OPPORTUNITY,1009,34.0
7449,content_4ce56e92f656e594,72.57049833577199,STALE_HIGH_OPPORTUNITY,1009,34.0
7450,content_d119ff40006710b5,72.57049833577199,STALE_HIGH_OPPORTUNITY,1009,34.0
7451,content_03529b64df550c97,72.57049833577199,STALE_HIGH_OPPORTUNITY,1009,34.0
7452,content_e844e74b60a3c3d8,72.57049833577199,STALE_HIGH_OPPORTUNITY,1009,34.0
7453,content_c28c3c939bc05681,72.57049833577199,STALE_HIGH_OPPORTUNITY,1009,34.0
7454,content_779d2ea93398e053,72.57049833577199,STALE_HIGH_OPPORTUNITY,1009,34.0
7455,content_72925d72318fa75b,72.57049833577199,STALE_HIGH_OPPORTUNITY,1009,34.0
7456,content_a722c32b902ecf32,72.56743025156621,STALE_HIGH_OPPORTUNITY,89,131.0
7457,content_89719c2351e5cb3f,72.56511269687228,STALE_HIGH_OPPORTUNITY,1008,34.0
7458,content_cc76c93869ff4bca,72.56511269687228,STALE_HIGH_OPPORTUNITY,1008,34.0
7459,content_3d2fd7e113ece549,72.56511269687228,STALE_HIGH_OPPORTUNITY,1008,34.0
7460,content_ff60c3bde8ba7ad3,72.56078306559998,STALE_HIGH_OPPORTUNITY,1007,34.0
7461,content_16393f21e8a2a791,72.56078306559998,STALE_HIGH_OPPORTUNITY,1007,34.0
7462,content_5e62959e056f2df1,72.55666463585314,STALE_HIGH_OPPORTUNITY,1006,34.0
7463,content_dd349129a9eef9cd,72.55666463585314,STALE_HIGH_OPPORTUNITY,1006,34.0
7464,content_0aba1aa51c9890d2,72.55666463585314,STALE_HIGH_OPPORTUNITY,1006,34.0
7465,content_dae3e9c806644c50,72.55666463585314,STALE_HIGH_OPPORTUNITY,1006,34.0
7466,content_9a9367442a7fe128,72.55244060534358,STALE_HIGH_OPPORTUNITY,1005,34.0
7467,content_b8dbaf5a15a441a2,72.55244060534358,STALE_HIGH_OPPORTUNITY,1005,34.0
7468,content_8dff2971320789df,72.55244060534358,STALE_HIGH_OPPORTUNITY,1005,34.0
7469,content_60ed395a051bcf9d,72.55244060534358,STALE_HIGH_OPPORTUNITY,1005,34.0
7470,content_56b3f135a14025a5,72.54811097407126,STALE_HIGH_OPPORTUNITY,1004,34.0
7471,content_75fb5fa4c50e0b99,72.54811097407126,STALE_HIGH_OPPORTUNITY,1004,34.0
7472,content_605644b4ec1d8574,72.54811097407126,STALE_HIGH_OPPORTUNITY,1004,34.0
7473,content_1447a2effa58347e,72.54811097407126,STALE_HIGH_OPPORTUNITY,1004,34.0
7474,content_6c25787a2638a2da,72.54811097407126,STALE_HIGH_OPPORTUNITY,1004,34.0
7475,content_a65c5d02076e0a60,72.54811097407126,STALE_HIGH_OPPORTUNITY,1004,34.0
7476,content_a9ae044417592923,72.54730228338029,STALE_HIGH_OPPORTUNITY,37,199.0
7477,content_69f57637646ecb25,72.54314773822253,STALE_HIGH_OPPORTUNITY,1003,34.0
7478,content_559c955543c27026,72.54314773822253,STALE_HIGH_OPPORTUNITY,1003,34.0
7479,content_d9f68baf61a8d334,72.54314773822253,STALE_HIGH_OPPORTUNITY,1003,34.0
7480,content_4130cf59f2a17d96,72.54314773822253,STALE_HIGH_OPPORTUNITY,1003,34.0
7481,content_de165b5a170a85af,72.54314773822253,STALE_HIGH_OPPORTUNITY,1003,34.0
7482,content_20a78291a89299cf,72.54314773822253,STALE_HIGH_OPPORTUNITY,1003,34.0
7483,content_5595af3bbba34cc7,72.53776209932282,STALE_HIGH_OPPORTUNITY,1002,34.0
7484,content_ea850da2c3bb78e5,72.53776209932282,STALE_HIGH_OPPORTUNITY,1002,34.0
7485,content_98a4e8744b3fa47d,72.53776209932282,STALE_HIGH_OPPORTUNITY,1002,34.0
7486,content_b7f340c8c2c4f166,72.53776209932282,STALE_HIGH_OPPORTUNITY,1002,34.0
7487,content_3d49c48c1a4f294d,72.5331156657623,STALE_HIGH_OPPORTUNITY,1001,34.0
7488,content_11372d40281f72e8,72.5331156657623,STALE_HIGH_OPPORTUNITY,1001,34.0
7489,content_e853ff4c0150a44b,72.5331156657623,STALE_HIGH_OPPORTUNITY,1001,34.0
7490,content_1714a388d996f68e,72.52868043372725,STALE_HIGH_OPPORTUNITY,1000,34.0
7491,content_06d4a0e393a963c4,72.52868043372725,STALE_HIGH_OPPORTUNITY,1000,34.0
7492,content_d131db052c62b174,72.52713392469433,STALE_HIGH_OPPORTUNITY,122,36.0
7493,content_be5859a0f51b37a4,72.52350599635302,STALE_HIGH_OPPORTUNITY,999,34.0
7494,content_9557812803f9d835,72.52350599635302,STALE_HIGH_OPPORTUNITY,999,34.0
7495,content_4802f6820c3e17e5,72.52350599635302,STALE_HIGH_OPPORTUNITY,999,34.0
7496,content_45cccb97590aec2f,72.52350599635302,STALE_HIGH_OPPORTUNITY,999,34.0
7497,content_5c57ac3d3cc55e70,72.52350599635302,STALE_HIGH_OPPORTUNITY,999,34.0
7498,content_99ccb7013b24be93,72.51864836126703,STALE_HIGH_OPPORTUNITY,998,34.0
7499,content_d42846150eef8c70,72.51864836126703,STALE_HIGH_OPPORTUNITY,998,34.0
7500,content_29fcc50c7419753c,72.51389632694375,STALE_HIGH_OPPORTUNITY,997,34.0
7501,content_99a4a49d0c98c10d,72.51389632694375,STALE_HIGH_OPPORTUNITY,997,34.0
7502,content_1f680d8d88e72033,72.51389632694375,STALE_HIGH_OPPORTUNITY,997,34.0
7503,content_f2d7909136c434f5,72.51389632694375,STALE_HIGH_OPPORTUNITY,997,34.0
7504,content_2ed73cd87b64fc65,72.50967229643419,STALE_HIGH_OPPORTUNITY,996,34.0
7505,content_53af02fd5342731e,72.50967229643419,STALE_HIGH_OPPORTUNITY,996,34.0
7506,content_da56682b6619b6b9,72.50967229643419,STALE_HIGH_OPPORTUNITY,996,34.0
7507,content_8064bf7cf68bec16,72.50597626973831,STALE_HIGH_OPPORTUNITY,995,34.0
7508,content_51f54c85b4e3624b,72.50597626973831,STALE_HIGH_OPPORTUNITY,995,34.0
7509,content_74da0c2076fd06b5,72.50597626973831,STALE_HIGH_OPPORTUNITY,995,34.0
7510,content_77740b117aec59b2,72.50597626973831,STALE_HIGH_OPPORTUNITY,995,34.0
7511,content_bd5ffd053eb95383,72.50597626973831,STALE_HIGH_OPPORTUNITY,995,34.0
7512,content_09c1a191b97cc6bc,72.50597626973831,STALE_HIGH_OPPORTUNITY,995,34.0
7513,content_67f42075e8f7aaad,72.50597626973831,STALE_HIGH_OPPORTUNITY,995,34.0
7514,content_a0a344c037a0a233,72.50175223922875,STALE_HIGH_OPPORTUNITY,994,34.0
7515,content_b090ad89aafe2deb,72.50175223922875,STALE_HIGH_OPPORTUNITY,994,34.0
7516,content_b86da77b3b53d38b,72.50175223922875,STALE_HIGH_OPPORTUNITY,994,34.0
7517,content_8048aee71231d564,72.50175223922875,STALE_HIGH_OPPORTUNITY,994,34.0
7518,content_64082491a2bf34de,72.49647220109179,STALE_HIGH_OPPORTUNITY,993,34.0
7519,content_8974f985606b1b0c,72.49647220109179,STALE_HIGH_OPPORTUNITY,993,34.0
7520,content_3f8eb5a0afce00db,72.49647220109179,STALE_HIGH_OPPORTUNITY,993,34.0
7521,content_831d88e207c940bc,72.49647220109179,STALE_HIGH_OPPORTUNITY,993,34.0
7522,content_960a75eeeb0b7baa,72.49647220109179,STALE_HIGH_OPPORTUNITY,993,34.0
7523,content_62829d428c8a276c,72.49647220109179,STALE_HIGH_OPPORTUNITY,993,34.0
7524,content_dfab692f26008d95,72.49066415914113,STALE_HIGH_OPPORTUNITY,992,34.0
7525,content_cfdcfff67f8ace02,72.49066415914113,STALE_HIGH_OPPORTUNITY,992,34.0
7526,content_3ab8838e65aef712,72.49066415914113,STALE_HIGH_OPPORTUNITY,992,34.0
7527,content_a745bec2eaa113ce,72.49066415914113,STALE_HIGH_OPPORTUNITY,992,34.0
7528,content_7b50abbdeff15cd0,72.48964565392188,STALE_HIGH_OPPORTUNITY,121,36.0
7529,content_dc5bcb94ebe653ff,72.48570092329238,STALE_HIGH_OPPORTUNITY,991,34.0
7530,content_7e41795a78795811,72.48570092329238,STALE_HIGH_OPPORTUNITY,991,34.0
7531,content_0af45ea501ff5477,72.48570092329238,STALE_HIGH_OPPORTUNITY,991,34.0
7532,content_7a5346881c52bbb9,72.48570092329238,STALE_HIGH_OPPORTUNITY,991,34.0
7533,content_fdb9047c4d394a97,72.48570092329238,STALE_HIGH_OPPORTUNITY,991,34.0
7534,content_b36b2d65b5c5332e,72.48570092329238,STALE_HIGH_OPPORTUNITY,991,34.0
7535,content_d6a2367357dc8f66,72.48570092329238,STALE_HIGH_OPPORTUNITY,991,34.0
7536,content_dcfce357eb2249c5,72.48031528439269,STALE_HIGH_OPPORTUNITY,990,34.0
7537,content_70163298188fad32,72.48031528439269,STALE_HIGH_OPPORTUNITY,990,34.0
7538,content_3d90018c627e44cb,72.48031528439269,STALE_HIGH_OPPORTUNITY,990,34.0
7539,content_67744f1154629007,72.48031528439269,STALE_HIGH_OPPORTUNITY,990,34.0
7540,content_e8c4db7e5ccac185,72.48031528439269,STALE_HIGH_OPPORTUNITY,990,34.0
7541,content_d027100def19a35f,72.47524644778119,STALE_HIGH_OPPORTUNITY,989,34.0
7542,content_73c9b052f9885058,72.47524644778119,STALE_HIGH_OPPORTUNITY,989,34.0
7543,content_f739c54d3b47842c,72.47524644778119,STALE_HIGH_OPPORTUNITY,989,34.0
7544,content_3d7333dc1f8f1b57,72.47524644778119,STALE_HIGH_OPPORTUNITY,989,34.0
7545,content_614d3f96d69b19c9,72.47038881269519,STALE_HIGH_OPPORTUNITY,988,34.0
7546,content_aacaf17839aef0db,72.47038881269519,STALE_HIGH_OPPORTUNITY,988,34.0
7547,content_f64339a8fff14515,72.47038881269519,STALE_HIGH_OPPORTUNITY,988,34.0
7548,content_6257363cc3c31dd4,72.47038881269519,STALE_HIGH_OPPORTUNITY,988,34.0
7549,content_a72a04ed0c97ba07,72.47038881269519,STALE_HIGH_OPPORTUNITY,988,34.0
7550,content_b20f5ea0c6bfcb66,72.47038881269519,STALE_HIGH_OPPORTUNITY,988,34.0
7551,content_43208e6d02342636,72.47038881269519,STALE_HIGH_OPPORTUNITY,988,34.0
7552,content_62b368073ceafe25,72.46521437532098,STALE_HIGH_OPPORTUNITY,987,34.0
7553,content_77c9dc3497d3aa20,72.46521437532098,STALE_HIGH_OPPORTUNITY,987,34.0
7554,content_3f069035d3013685,72.46521437532098,STALE_HIGH_OPPORTUNITY,987,34.0
7555,content_4e6be4e8df73f275,72.46521437532098,STALE_HIGH_OPPORTUNITY,987,34.0
7556,content_d1a675c86bd24e0e,72.46521437532098,STALE_HIGH_OPPORTUNITY,987,34.0
7557,content_6f8ce474af4d4ed6,72.46521437532098,STALE_HIGH_OPPORTUNITY,987,34.0
7558,content_4e267765bb1e234b,72.46394150408176,STALE_HIGH_OPPORTUNITY,87,131.0
7559,content_41afe9fe829ff4ac,72.46109594557416,STALE_HIGH_OPPORTUNITY,986,34.0
7560,content_fb4179ebfe948641,72.46109594557416,STALE_HIGH_OPPORTUNITY,986,34.0
7561,content_ad49f5968c79b840,72.46109594557416,STALE_HIGH_OPPORTUNITY,986,34.0
7562,content_9d3443c0678328a9,72.46007429910928,STALE_HIGH_OPPORTUNITY,31,235.0
7563,content_9a89c4f83b929f03,72.45729431811553,STALE_HIGH_OPPORTUNITY,985,34.0
7564,content_da194bbe5d70b7d5,72.45729431811553,STALE_HIGH_OPPORTUNITY,985,34.0
7565,content_c534c66a70967a48,72.45729431811553,STALE_HIGH_OPPORTUNITY,985,34.0
7566,content_bde36f27b9c31f34,72.45729431811553,STALE_HIGH_OPPORTUNITY,985,34.0
7567,content_aaa3365c59c98d37,72.4546873694821,STALE_HIGH_OPPORTUNITY,126,35.0
7568,content_dee34e8c8d6d3d34,72.45243668302953,STALE_HIGH_OPPORTUNITY,984,34.0
7569,content_828db17012607d94,72.45243668302953,STALE_HIGH_OPPORTUNITY,984,34.0
7570,content_69ed802d44d1ca3f,72.45243668302953,STALE_HIGH_OPPORTUNITY,984,34.0
7571,content_824b261ae433b715,72.45243668302953,STALE_HIGH_OPPORTUNITY,984,34.0
7572,content_c2fb994677038fde,72.44652304031612,STALE_HIGH_OPPORTUNITY,983,34.0
7573,content_f30ebd528fdbbc1f,72.44652304031612,STALE_HIGH_OPPORTUNITY,983,34.0
7574,content_f0b92b611a40ffbd,72.44652304031612,STALE_HIGH_OPPORTUNITY,983,34.0
7575,content_e215810109747dad,72.44652304031612,STALE_HIGH_OPPORTUNITY,983,34.0
7576,content_f755f4d2c24cc046,72.44652304031612,STALE_HIGH_OPPORTUNITY,983,34.0
7577,content_2b21dc4f3ac1842c,72.44652304031612,STALE_HIGH_OPPORTUNITY,983,34.0
7578,content_39172aabf1ccfb96,72.44652304031612,STALE_HIGH_OPPORTUNITY,983,34.0
7579,content_ce7315fbad494dda,72.44652304031612,STALE_HIGH_OPPORTUNITY,983,34.0
7580,content_e1d62ef82ab6e04a,72.44652304031612,STALE_HIGH_OPPORTUNITY,983,34.0
7581,content_78729767c21d3f4f,72.44092619989095,STALE_HIGH_OPPORTUNITY,982,34.0
7582,content_201ce35fce0eb727,72.44092619989095,STALE_HIGH_OPPORTUNITY,982,34.0
7583,content_ed08d9a61b4b600e,72.44092619989095,STALE_HIGH_OPPORTUNITY,982,34.0
7584,content_9ec704a9fef204eb,72.44092619989095,STALE_HIGH_OPPORTUNITY,982,34.0
7585,content_a1df1560791d9dbf,72.43627976633041,STALE_HIGH_OPPORTUNITY,981,34.0
7586,content_75f2330fc623d690,72.43627976633041,STALE_HIGH_OPPORTUNITY,981,34.0
7587,content_fad68d57885bcc3c,72.43627976633041,STALE_HIGH_OPPORTUNITY,981,34.0
7588,content_6bb2831f23d68063,72.43627976633041,STALE_HIGH_OPPORTUNITY,981,34.0
7589,content_92fa93c93cd8b572,72.43152773200715,STALE_HIGH_OPPORTUNITY,980,34.0
7590,content_fa46ba4400d4f769,72.43152773200715,STALE_HIGH_OPPORTUNITY,980,34.0
7591,content_9fdf96ec381ae4e1,72.43152773200715,STALE_HIGH_OPPORTUNITY,980,34.0
7592,content_48889d6dc571b134,72.43152773200715,STALE_HIGH_OPPORTUNITY,980,34.0
7593,content_b829695d26168a71,72.43152773200715,STALE_HIGH_OPPORTUNITY,980,34.0
7594,content_bc7f7b34e290929d,72.43152773200715,STALE_HIGH_OPPORTUNITY,980,34.0
7595,content_ab7b026f01dc4fe6,72.43152773200715,STALE_HIGH_OPPORTUNITY,980,34.0
7596,content_d0f158ed932ec749,72.42688129844663,STALE_HIGH_OPPORTUNITY,979,34.0
7597,content_e327b013cae3e09c,72.42688129844663,STALE_HIGH_OPPORTUNITY,979,34.0
7598,content_3c912fde9d029388,72.42688129844663,STALE_HIGH_OPPORTUNITY,979,34.0
7599,content_e477fb0dbdabb459,72.42212926412337,STALE_HIGH_OPPORTUNITY,978,34.0
7600,content_92d0b85afb740e28,72.42212926412337,STALE_HIGH_OPPORTUNITY,978,34.0
7601,content_0b1ced5d7d97571f,72.42212926412337,STALE_HIGH_OPPORTUNITY,978,34.0
7602,content_9157e2bbab6e89e8,72.42212926412337,STALE_HIGH_OPPORTUNITY,978,34.0
7603,content_31e09d0164bc067f,72.4165324236982,STALE_HIGH_OPPORTUNITY,977,34.0
7604,content_6a9d2f25a9dc1ac7,72.4165324236982,STALE_HIGH_OPPORTUNITY,977,34.0
7605,content_c7aaae7caeaee15c,72.4165324236982,STALE_HIGH_OPPORTUNITY,977,34.0
7606,content_e4914dc6e3f1e766,72.4165324236982,STALE_HIGH_OPPORTUNITY,977,34.0
7607,content_b0ad1e2d7d7eae74,72.4165324236982,STALE_HIGH_OPPORTUNITY,977,34.0
7608,content_87e990b286be360e,72.4165324236982,STALE_HIGH_OPPORTUNITY,977,34.0
7609,content_092c8c5de8047184,72.4165324236982,STALE_HIGH_OPPORTUNITY,977,34.0
7610,content_1bd02474dc3e1f51,72.4165324236982,STALE_HIGH_OPPORTUNITY,977,34.0
7611,content_b443319a5a24f8a0,72.4165324236982,STALE_HIGH_OPPORTUNITY,977,34.0
7612,content_682f0c77efa3362b,72.41061878098479,STALE_HIGH_OPPORTUNITY,976,34.0
7613,content_85344258e2dceab7,72.41061878098479,STALE_HIGH_OPPORTUNITY,976,34.0
7614,content_bb0c4973ea475c1d,72.41061878098479,STALE_HIGH_OPPORTUNITY,976,34.0
7615,content_70918e2c126769f5,72.41061878098479,STALE_HIGH_OPPORTUNITY,976,34.0
7616,content_f699ba306775bdba,72.41061878098479,STALE_HIGH_OPPORTUNITY,976,34.0
7617,content_641e60589aed269d,72.41061878098479,STALE_HIGH_OPPORTUNITY,976,34.0
7618,content_b581c4670a87656a,72.41061878098479,STALE_HIGH_OPPORTUNITY,976,34.0
7619,content_77b27a8cba717756,72.41061878098479,STALE_HIGH_OPPORTUNITY,976,34.0
7620,content_ca62c18ae842ef9d,72.41061878098479,STALE_HIGH_OPPORTUNITY,976,34.0
7621,content_db775178e952bffc,72.41061878098479,STALE_HIGH_OPPORTUNITY,976,34.0
7622,content_0008f4a4b35f399b,72.41061878098479,STALE_HIGH_OPPORTUNITY,976,34.0
7623,content_7022ea3454261d2f,72.4052331420851,STALE_HIGH_OPPORTUNITY,975,34.0
7624,content_e381455d8592fbfb,72.4052331420851,STALE_HIGH_OPPORTUNITY,975,34.0
7625,content_3447c1565b606cdd,72.4052331420851,STALE_HIGH_OPPORTUNITY,975,34.0
7626,content_5af042e5d926e556,72.4052331420851,STALE_HIGH_OPPORTUNITY,975,34.0
7627,content_aa381f904b342546,72.4052331420851,STALE_HIGH_OPPORTUNITY,975,34.0
7628,content_2c1a5014ea6b93c3,72.40005870471087,STALE_HIGH_OPPORTUNITY,974,34.0
7629,content_9901eba115ac8fd9,72.40005870471087,STALE_HIGH_OPPORTUNITY,974,34.0
7630,content_7a79449988d6cd73,72.40005870471087,STALE_HIGH_OPPORTUNITY,974,34.0
7631,content_8c5b24409419d8ae,72.40005870471087,STALE_HIGH_OPPORTUNITY,974,34.0
7632,content_b43a0f0a1c98e216,72.40005870471087,STALE_HIGH_OPPORTUNITY,974,34.0
7633,content_bbd682e8174a3489,72.40005870471087,STALE_HIGH_OPPORTUNITY,974,34.0
7634,content_fbdbb6d1124a60d6,72.3949898680994,STALE_HIGH_OPPORTUNITY,973,34.0
7635,content_e846539c80e69089,72.3949898680994,STALE_HIGH_OPPORTUNITY,973,34.0
7636,content_780eb0390294d49a,72.3949898680994,STALE_HIGH_OPPORTUNITY,973,34.0
7637,content_1f378ab559e9d4f8,72.39066023682709,STALE_HIGH_OPPORTUNITY,972,34.0
7638,content_1511c8e7717fbc56,72.38580260174109,STALE_HIGH_OPPORTUNITY,971,34.0
7639,content_34cdbaf9f05aef5d,72.38580260174109,STALE_HIGH_OPPORTUNITY,971,34.0
7640,content_6914360ef8c24020,72.38580260174109,STALE_HIGH_OPPORTUNITY,971,34.0
7641,content_2dd999c3d2d26262,72.38580260174109,STALE_HIGH_OPPORTUNITY,971,34.0
7642,content_5e989f7468d9c3ab,72.38147297046878,STALE_HIGH_OPPORTUNITY,970,34.0
7643,content_2a567d9c2ada5c12,72.38147297046878,STALE_HIGH_OPPORTUNITY,970,34.0
7644,content_61862667b5821ba0,72.38147297046878,STALE_HIGH_OPPORTUNITY,970,34.0
7645,content_5a408d4ed8056411,72.38147297046878,STALE_HIGH_OPPORTUNITY,970,34.0
7646,content_0ee7aed7e8763b9e,72.38147297046878,STALE_HIGH_OPPORTUNITY,970,34.0
7647,content_ef7b0662e01411e7,72.37756574224741,STALE_HIGH_OPPORTUNITY,969,34.0
7648,content_eea650b48170d3af,72.37756574224741,STALE_HIGH_OPPORTUNITY,969,34.0
7649,content_b5ddb345eb1e5339,72.37756574224741,STALE_HIGH_OPPORTUNITY,969,34.0
7650,content_8e495def88d954b5,72.37756574224741,STALE_HIGH_OPPORTUNITY,969,34.0
7651,content_4777eebda8edabea,72.37756574224741,STALE_HIGH_OPPORTUNITY,969,34.0
7652,content_9196298d22a02644,72.37313051021238,STALE_HIGH_OPPORTUNITY,968,34.0
7653,content_47d28d7ff02d7f31,72.37313051021238,STALE_HIGH_OPPORTUNITY,968,34.0
7654,content_d463faec37824bff,72.36848407665184,STALE_HIGH_OPPORTUNITY,967,34.0
7655,content_bad9ec3c2481c782,72.36848407665184,STALE_HIGH_OPPORTUNITY,967,34.0
7656,content_2675d06627b3cb88,72.36848407665184,STALE_HIGH_OPPORTUNITY,967,34.0
7657,content_31a7e6aea6e5004c,72.36848407665184,STALE_HIGH_OPPORTUNITY,967,34.0
7658,content_04489e3eb5d19b23,72.36848407665184,STALE_HIGH_OPPORTUNITY,967,34.0
7659,content_40366678e430b117,72.36848407665184,STALE_HIGH_OPPORTUNITY,967,34.0
7660,content_2181d0c0e0bbe5df,72.36848407665184,STALE_HIGH_OPPORTUNITY,967,34.0
7661,content_e8833d2c9a6ef300,72.36383764309132,STALE_HIGH_OPPORTUNITY,966,34.0
7662,content_0ccac4253d802fec,72.36383764309132,STALE_HIGH_OPPORTUNITY,966,34.0
7663,content_5a7e7ffae631dfff,72.36383764309132,STALE_HIGH_OPPORTUNITY,966,34.0
7664,content_dd7ef6849fe29963,72.36383764309132,STALE_HIGH_OPPORTUNITY,966,34.0
7665,content_1cc2e92394d225b5,72.3600360156327,STALE_HIGH_OPPORTUNITY,965,34.0
7666,content_c8878c75cd4f2496,72.3600360156327,STALE_HIGH_OPPORTUNITY,965,34.0
7667,content_04f0f3a896567724,72.3600360156327,STALE_HIGH_OPPORTUNITY,965,34.0
7668,content_b342784a2f5096f1,72.3600360156327,STALE_HIGH_OPPORTUNITY,965,34.0
7669,content_db29594a3c93c236,72.35644558969958,STALE_HIGH_OPPORTUNITY,964,34.0
7670,content_7f9c76fdd45f3e98,72.35644558969958,STALE_HIGH_OPPORTUNITY,964,34.0
7671,content_da1fb8bd95bdc8a2,72.35644558969958,STALE_HIGH_OPPORTUNITY,964,34.0
7672,content_3061afc8aad5cc9e,72.35644558969958,STALE_HIGH_OPPORTUNITY,964,34.0
7673,content_a63c661f27765d41,72.35201035766454,STALE_HIGH_OPPORTUNITY,963,34.0
7674,content_004047a006c4edc5,72.35201035766454,STALE_HIGH_OPPORTUNITY,963,34.0
7675,content_7c0bddd61095e3d1,72.35201035766454,STALE_HIGH_OPPORTUNITY,963,34.0
7676,content_8bc00eb53881f7ab,72.35201035766454,STALE_HIGH_OPPORTUNITY,963,34.0
7677,content_114016233d7f5f38,72.35201035766454,STALE_HIGH_OPPORTUNITY,963,34.0
7678,content_e970a6c590006ba3,72.34715272257853,STALE_HIGH_OPPORTUNITY,962,34.0
7679,content_d12c857e7a00d750,72.34715272257853,STALE_HIGH_OPPORTUNITY,962,34.0
7680,content_0cb18d3dbf4c1f51,72.34715272257853,STALE_HIGH_OPPORTUNITY,962,34.0
7681,content_3753a011237690bc,72.34715272257853,STALE_HIGH_OPPORTUNITY,962,34.0
7682,content_8a4d729e13b9a62f,72.34715272257853,STALE_HIGH_OPPORTUNITY,962,34.0
7683,content_1ec4a8d06ee9b129,72.34715272257853,STALE_HIGH_OPPORTUNITY,962,34.0
7684,content_1c1464c07431e765,72.34715272257853,STALE_HIGH_OPPORTUNITY,962,34.0
7685,content_1040e63928094934,72.34715272257853,STALE_HIGH_OPPORTUNITY,962,34.0
7686,content_9d99ecb79807b28c,72.34250628901799,STALE_HIGH_OPPORTUNITY,961,34.0
7687,content_dc594cba2b1671a4,72.34250628901799,STALE_HIGH_OPPORTUNITY,961,34.0
7688,content_f7ee17fe840063c6,72.34250628901799,STALE_HIGH_OPPORTUNITY,961,34.0
7689,content_6455e567f7d58472,72.34250628901799,STALE_HIGH_OPPORTUNITY,961,34.0
7690,content_fa15326f58d69746,72.34250628901799,STALE_HIGH_OPPORTUNITY,961,34.0
7691,content_d12f43c004c05f77,72.34250628901799,STALE_HIGH_OPPORTUNITY,961,34.0
7692,content_a4c3c0b33093e363,72.33659264630461,STALE_HIGH_OPPORTUNITY,960,34.0
7693,content_1b3f82d56ff77e5c,72.33659264630461,STALE_HIGH_OPPORTUNITY,960,34.0
7694,content_81b1413a758df278,72.33659264630461,STALE_HIGH_OPPORTUNITY,960,34.0
7695,content_60edbcb73891c49e,72.33659264630461,STALE_HIGH_OPPORTUNITY,960,34.0
7696,content_db2f55d2e2df64b7,72.33659264630461,STALE_HIGH_OPPORTUNITY,960,34.0
7697,content_626e3d6007fb2b21,72.33659264630461,STALE_HIGH_OPPORTUNITY,960,34.0
7698,content_0a081337ab9a50a4,72.33659264630461,STALE_HIGH_OPPORTUNITY,960,34.0
7699,content_1a68dacc05ae94e0,72.33659264630461,STALE_HIGH_OPPORTUNITY,960,34.0
7700,content_3c8e11a68a40226f,72.33314218229674,STALE_HIGH_OPPORTUNITY,30,235.0
7701,content_5be47380d465edf0,72.33036220130299,STALE_HIGH_OPPORTUNITY,959,34.0
7702,content_bfb947fa2d61c271,72.33036220130299,STALE_HIGH_OPPORTUNITY,959,34.0
7703,content_648365a18e9f3587,72.33036220130299,STALE_HIGH_OPPORTUNITY,959,34.0
7704,content_ae8e292c3b4ad0ff,72.33036220130299,STALE_HIGH_OPPORTUNITY,959,34.0
7705,content_94473caa17e259c8,72.33036220130299,STALE_HIGH_OPPORTUNITY,959,34.0
7706,content_26ec8b2bbd70282e,72.33036220130299,STALE_HIGH_OPPORTUNITY,959,34.0
7707,content_8bfccc58137aef05,72.33036220130299,STALE_HIGH_OPPORTUNITY,959,34.0
7708,content_d33cd39ffdcf2e59,72.32497656240328,STALE_HIGH_OPPORTUNITY,958,34.0
7709,content_325515d68c88cdd8,72.32497656240328,STALE_HIGH_OPPORTUNITY,958,34.0
7710,content_a1608cc94a6f587b,72.32497656240328,STALE_HIGH_OPPORTUNITY,958,34.0
7711,content_e49f01f8821b3bd4,72.32497656240328,STALE_HIGH_OPPORTUNITY,958,34.0
7712,content_1361e19d09eed81d,72.32497656240328,STALE_HIGH_OPPORTUNITY,958,34.0
7713,content_3f59c1c40168b9a2,72.31927412121536,STALE_HIGH_OPPORTUNITY,957,34.0
7714,content_b5989459eb573e4d,72.31927412121536,STALE_HIGH_OPPORTUNITY,957,34.0
7715,content_c532ba1651bf0e1a,72.31927412121536,STALE_HIGH_OPPORTUNITY,957,34.0
7716,content_b131dc8ae9c219ee,72.31927412121536,STALE_HIGH_OPPORTUNITY,957,34.0
7717,content_8e428f13dd335828,72.31927412121536,STALE_HIGH_OPPORTUNITY,957,34.0
7718,content_4855ec1cfbbb9e62,72.31927412121536,STALE_HIGH_OPPORTUNITY,957,34.0
7719,content_5285e6657be95795,72.31336047850198,STALE_HIGH_OPPORTUNITY,956,34.0
7720,content_1e713a3966ab1578,72.31336047850198,STALE_HIGH_OPPORTUNITY,956,34.0
7721,content_c2e4005372bfffef,72.31336047850198,STALE_HIGH_OPPORTUNITY,956,34.0
7722,content_19cc721cfb390517,72.31336047850198,STALE_HIGH_OPPORTUNITY,956,34.0
7723,content_02d8c0ef7cdecee5,72.31336047850198,STALE_HIGH_OPPORTUNITY,956,34.0
7724,content_1c3a1812e8d94c81,72.31336047850198,STALE_HIGH_OPPORTUNITY,956,34.0
7725,content_7eed44b85cb1a1f0,72.31336047850198,STALE_HIGH_OPPORTUNITY,956,34.0
7726,content_dfbe4a5ae5cf74ef,72.30808044036502,STALE_HIGH_OPPORTUNITY,955,34.0
7727,content_2c1e57889c1f21d9,72.30808044036502,STALE_HIGH_OPPORTUNITY,955,34.0
7728,content_e22afd14d8a0c818,72.30808044036502,STALE_HIGH_OPPORTUNITY,955,34.0
7729,content_a9fa6fe5f65489ba,72.30808044036502,STALE_HIGH_OPPORTUNITY,955,34.0
7730,content_702aa5fb0feae986,72.30808044036502,STALE_HIGH_OPPORTUNITY,955,34.0
7731,content_48e54829aa9bfdab,72.30332840604174,STALE_HIGH_OPPORTUNITY,954,34.0
7732,content_a9d0df7f8c31f8c1,72.30332840604174,STALE_HIGH_OPPORTUNITY,954,34.0
7733,content_ca637cda373cfae3,72.30332840604174,STALE_HIGH_OPPORTUNITY,954,34.0
7734,content_6b012955980b290a,72.30015472107323,STALE_HIGH_OPPORTUNITY,84,131.0
7735,content_24f3d40f62cac793,72.29899877476944,STALE_HIGH_OPPORTUNITY,953,34.0
7736,content_7e334bbfadf99018,72.29899877476944,STALE_HIGH_OPPORTUNITY,953,34.0
7737,content_baee0509fee6239f,72.29899877476944,STALE_HIGH_OPPORTUNITY,953,34.0
7738,content_c5da6375455f9b7b,72.29899877476944,STALE_HIGH_OPPORTUNITY,953,34.0
7739,content_cd83de7ef76067ea,72.2948803450226,STALE_HIGH_OPPORTUNITY,952,34.0
7740,content_03197847e83f5e0e,72.2948803450226,STALE_HIGH_OPPORTUNITY,952,34.0
7741,content_b590a86f3ef064d8,72.2948803450226,STALE_HIGH_OPPORTUNITY,952,34.0
7742,content_710c861a1ef4e889,72.2948803450226,STALE_HIGH_OPPORTUNITY,952,34.0
7743,content_d11ee932f3eef619,72.28981150841113,STALE_HIGH_OPPORTUNITY,951,34.0
7744,content_b0097b858117bf88,72.28981150841113,STALE_HIGH_OPPORTUNITY,951,34.0
7745,content_9450bba1fa6bb43c,72.28981150841113,STALE_HIGH_OPPORTUNITY,951,34.0
7746,content_f862eedcac7d187e,72.28981150841113,STALE_HIGH_OPPORTUNITY,951,34.0
7747,content_0fd0a94e3e346398,72.28932100700558,STALE_HIGH_OPPORTUNITY,116,36.0
7748,content_ec736671c2d8f0ff,72.28379226493499,STALE_HIGH_OPPORTUNITY,950,34.0
7749,content_38db5568665a9548,72.28379226493499,STALE_HIGH_OPPORTUNITY,950,34.0
7750,content_0cba0a5dd92848ff,72.28379226493499,STALE_HIGH_OPPORTUNITY,950,34.0
7751,content_b240df2e5db8856e,72.28379226493499,STALE_HIGH_OPPORTUNITY,950,34.0
7752,content_2ab2abe61d0d812e,72.28379226493499,STALE_HIGH_OPPORTUNITY,950,34.0
7753,content_89bc7b722d47b4a3,72.28379226493499,STALE_HIGH_OPPORTUNITY,950,34.0
7754,content_ecbc3d4150160103,72.28379226493499,STALE_HIGH_OPPORTUNITY,950,34.0
7755,content_46e26aa1b9429fa5,72.27798422298433,STALE_HIGH_OPPORTUNITY,949,34.0
7756,content_047514956c61a0ed,72.27798422298433,STALE_HIGH_OPPORTUNITY,949,34.0
7757,content_4aac06f7d6461aef,72.26795215052411,STALE_HIGH_OPPORTUNITY,947,34.0
7758,content_77d0c9b0cd7bf5bf,72.26795215052411,STALE_HIGH_OPPORTUNITY,947,34.0
7759,content_b15d29603bdcc2fb,72.26795215052411,STALE_HIGH_OPPORTUNITY,947,34.0
7760,content_546b5d4d8c8ffd17,72.26795215052411,STALE_HIGH_OPPORTUNITY,947,34.0
7761,content_d438d66dee73b784,72.26795215052411,STALE_HIGH_OPPORTUNITY,947,34.0
7762,content_dd6ef7cb5587281c,72.26795215052411,STALE_HIGH_OPPORTUNITY,947,34.0
7763,content_e0de5d80a361aaab,72.26267211238715,STALE_HIGH_OPPORTUNITY,946,34.0
7764,content_15a18eb1392900dc,72.26267211238715,STALE_HIGH_OPPORTUNITY,946,34.0
7765,content_7fd4f164c063182d,72.26267211238715,STALE_HIGH_OPPORTUNITY,946,34.0
7766,content_7a5ae2c012f23618,72.26267211238715,STALE_HIGH_OPPORTUNITY,946,34.0
7767,content_e25b8dd2d1ac2e7a,72.25813127958935,STALE_HIGH_OPPORTUNITY,945,34.0
7768,content_86715489d2049fc8,72.25813127958935,STALE_HIGH_OPPORTUNITY,945,34.0
7769,content_122a0afc9a4ba650,72.25813127958935,STALE_HIGH_OPPORTUNITY,945,34.0
7770,content_449b02eadaa34954,72.25264003992692,STALE_HIGH_OPPORTUNITY,944,34.0
7771,content_967fa69efccc51ca,72.25264003992692,STALE_HIGH_OPPORTUNITY,944,34.0
7772,content_62dc0a66c8f9cd6e,72.25264003992692,STALE_HIGH_OPPORTUNITY,944,34.0
7773,content_58d91620031b6f39,72.25264003992692,STALE_HIGH_OPPORTUNITY,944,34.0
7774,content_6519d00cf1908c0d,72.2477824048409,STALE_HIGH_OPPORTUNITY,943,34.0
7775,content_47198eabef52a725,72.2477824048409,STALE_HIGH_OPPORTUNITY,943,34.0
7776,content_4e160136ab190812,72.2477824048409,STALE_HIGH_OPPORTUNITY,943,34.0
7777,content_58517140492e15cb,72.2477824048409,STALE_HIGH_OPPORTUNITY,943,34.0
7778,content_802f639d2dca4d17,72.24366397509408,STALE_HIGH_OPPORTUNITY,942,34.0
7779,content_a434b62876c0e7bb,72.24366397509408,STALE_HIGH_OPPORTUNITY,942,34.0
7780,content_a2c7ef0360a0e6b9,72.24366397509408,STALE_HIGH_OPPORTUNITY,942,34.0
7781,content_6691bad7412a3c0b,72.24366397509408,STALE_HIGH_OPPORTUNITY,942,34.0
7782,content_9d2f3fa132b333c1,72.24366397509408,STALE_HIGH_OPPORTUNITY,942,34.0
7783,content_8b582887e5f827db,72.24366397509408,STALE_HIGH_OPPORTUNITY,942,34.0
7784,content_bf3e1a00d523b33b,72.24366397509408,STALE_HIGH_OPPORTUNITY,942,34.0
7785,content_938ea4abe5b5832a,72.24366397509408,STALE_HIGH_OPPORTUNITY,942,34.0
7786,content_e634e56457e6911b,72.23965114610999,STALE_HIGH_OPPORTUNITY,941,34.0
7787,content_65fff55d096dda7b,72.23965114610999,STALE_HIGH_OPPORTUNITY,941,34.0
7788,content_c1f11cee80f8a2a9,72.23965114610999,STALE_HIGH_OPPORTUNITY,941,34.0
7789,content_2ee66a70f9bfe4e3,72.23479351102398,STALE_HIGH_OPPORTUNITY,940,34.0
7790,content_80ab5231d8da6561,72.23479351102398,STALE_HIGH_OPPORTUNITY,940,34.0
7791,content_c29fd8a171fcdf0e,72.23479351102398,STALE_HIGH_OPPORTUNITY,940,34.0
7792,content_d1327f51b9ba5303,72.22877426754785,STALE_HIGH_OPPORTUNITY,939,34.0
7793,content_3613fd40b29dbb2f,72.22877426754785,STALE_HIGH_OPPORTUNITY,939,34.0
7794,content_4c6a8cc8e44bff0c,72.22877426754785,STALE_HIGH_OPPORTUNITY,939,34.0
7795,content_8ad17b8b427877d4,72.22877426754785,STALE_HIGH_OPPORTUNITY,939,34.0
7796,content_2867c9406f4d1b35,72.22877426754785,STALE_HIGH_OPPORTUNITY,939,34.0
7797,content_a3c4e82dc88c2f58,72.22877426754785,STALE_HIGH_OPPORTUNITY,939,34.0
7798,content_13ffb545ac092ff9,72.22328302788542,STALE_HIGH_OPPORTUNITY,938,34.0
7799,content_d375d50bb1685d38,72.22328302788542,STALE_HIGH_OPPORTUNITY,938,34.0
7800,content_9067b38c988b6a9c,72.22328302788542,STALE_HIGH_OPPORTUNITY,938,34.0
7801,content_ea13c46efaf1b731,72.22328302788542,STALE_HIGH_OPPORTUNITY,938,34.0
7802,content_90f0d2f7835e2196,72.22328302788542,STALE_HIGH_OPPORTUNITY,938,34.0
7803,content_6fc8a08fd97d4484,72.21842539279942,STALE_HIGH_OPPORTUNITY,937,34.0
7804,content_0b98ee22389d1df4,72.21842539279942,STALE_HIGH_OPPORTUNITY,937,34.0
7805,content_ef171e736200fb77,72.21842539279942,STALE_HIGH_OPPORTUNITY,937,34.0
7806,content_523e4faa74f2cc5d,72.21842539279942,STALE_HIGH_OPPORTUNITY,937,34.0
7807,content_5f3bf2dcb9bd492a,72.21842539279942,STALE_HIGH_OPPORTUNITY,937,34.0
7808,content_15f28c3c32e77516,72.2132509554252,STALE_HIGH_OPPORTUNITY,936,34.0
7809,content_affc773bef1d7414,72.2132509554252,STALE_HIGH_OPPORTUNITY,936,34.0
7810,content_8564c5751ced57d3,72.2132509554252,STALE_HIGH_OPPORTUNITY,936,34.0
7811,content_1b7971d737f66925,72.2132509554252,STALE_HIGH_OPPORTUNITY,936,34.0
7812,content_b9c48c13ddfa4818,72.2132509554252,STALE_HIGH_OPPORTUNITY,936,34.0
7813,content_172dd59a06871549,72.20791480273226,STALE_HIGH_OPPORTUNITY,92,81.0
7814,content_f24cffeb8ba3caf5,72.20754851423727,STALE_HIGH_OPPORTUNITY,935,34.0
7815,content_153327cfda0f1607,72.20754851423727,STALE_HIGH_OPPORTUNITY,935,34.0
7816,content_4bd94b689530455d,72.20754851423727,STALE_HIGH_OPPORTUNITY,935,34.0
7817,content_a0bfb616137223c6,72.20754851423727,STALE_HIGH_OPPORTUNITY,935,34.0
7818,content_b52146fad7afa3cd,72.20131806923565,STALE_HIGH_OPPORTUNITY,934,34.0
7819,content_ab2c27798eb91aae,72.20131806923565,STALE_HIGH_OPPORTUNITY,934,34.0
7820,content_1ff18a3ecbeba562,72.20131806923565,STALE_HIGH_OPPORTUNITY,934,34.0
7821,content_e35df53da1b222c4,72.20131806923565,STALE_HIGH_OPPORTUNITY,934,34.0
7822,content_49e15232ddc1512b,72.20131806923565,STALE_HIGH_OPPORTUNITY,934,34.0
7823,content_9659bd82bad4a5e6,72.20131806923565,STALE_HIGH_OPPORTUNITY,934,34.0
7824,content_bdb3003c8b5131b3,72.19614363186143,STALE_HIGH_OPPORTUNITY,933,34.0
7825,content_4a269c02a0891bae,72.19614363186143,STALE_HIGH_OPPORTUNITY,933,34.0
7826,content_ec76a80b5fd295ba,72.19614363186143,STALE_HIGH_OPPORTUNITY,933,34.0
7827,content_5713d2ccde97652f,72.19614363186143,STALE_HIGH_OPPORTUNITY,933,34.0
7828,content_a1c645ed8f122af7,72.19614363186143,STALE_HIGH_OPPORTUNITY,933,34.0
7829,content_2df5b32c1c66aaa2,72.1953760661729,STALE_HIGH_OPPORTUNITY,107,60.0
7830,content_1ca6fbf3efcc02c3,72.19170839982638,STALE_HIGH_OPPORTUNITY,932,34.0
7831,content_d97b74fab9a87e3d,72.19170839982638,STALE_HIGH_OPPORTUNITY,932,34.0
7832,content_a1cd06b6eb45a4df,72.19170839982638,STALE_HIGH_OPPORTUNITY,932,34.0
7833,content_e7ab215def36f624,72.19170839982638,STALE_HIGH_OPPORTUNITY,932,34.0
7834,content_213c5377d37e7678,72.19170839982638,STALE_HIGH_OPPORTUNITY,932,34.0
7835,content_d316c9f434f30cc5,72.19170839982638,STALE_HIGH_OPPORTUNITY,932,34.0
7836,content_4188a7bddffc051a,72.18706196626586,STALE_HIGH_OPPORTUNITY,931,34.0
7837,content_9b5556fa24686a36,72.18706196626586,STALE_HIGH_OPPORTUNITY,931,34.0
7838,content_2266f542bddedf28,72.1823099319426,STALE_HIGH_OPPORTUNITY,930,34.0
7839,content_8169a0a5d0bacb21,72.1823099319426,STALE_HIGH_OPPORTUNITY,930,34.0
7840,content_0f86b09461012f2d,72.1823099319426,STALE_HIGH_OPPORTUNITY,930,34.0
7841,content_cebd7024e46ddb65,72.1823099319426,STALE_HIGH_OPPORTUNITY,930,34.0
7842,content_c6171be8a3f6cd2f,72.1823099319426,STALE_HIGH_OPPORTUNITY,930,34.0
7843,content_4519bef6ad82d06e,72.1823099319426,STALE_HIGH_OPPORTUNITY,930,34.0
7844,content_e0727e9cecf13c3d,72.17702989380564,STALE_HIGH_OPPORTUNITY,929,34.0
7845,content_76d92c524362e2d5,72.17702989380564,STALE_HIGH_OPPORTUNITY,929,34.0
7846,content_8aa48758e7f6ba34,72.17702989380564,STALE_HIGH_OPPORTUNITY,929,34.0
7847,content_bc47f1db0d9f6b98,72.17702989380564,STALE_HIGH_OPPORTUNITY,929,34.0
7848,content_c3db5983dbc08461,72.17164425490593,STALE_HIGH_OPPORTUNITY,928,34.0
7849,content_cdc6ee850886370b,72.17164425490593,STALE_HIGH_OPPORTUNITY,928,34.0
7850,content_e285bd7f9d79843e,72.17164425490593,STALE_HIGH_OPPORTUNITY,928,34.0
7851,content_c0eefc4831e83b5a,72.17164425490593,STALE_HIGH_OPPORTUNITY,928,34.0
7852,content_ccab5c41c5bd735c,72.17164425490593,STALE_HIGH_OPPORTUNITY,928,34.0
7853,content_fc8d6f311bfc02db,72.17164425490593,STALE_HIGH_OPPORTUNITY,928,34.0
7854,content_a680c0b97a4f6b3a,72.17164425490593,STALE_HIGH_OPPORTUNITY,928,34.0
7855,content_ef5b64460d0d3a71,72.16551941066706,STALE_HIGH_OPPORTUNITY,927,34.0
7856,content_a32b31e5e41b3eae,72.16551941066706,STALE_HIGH_OPPORTUNITY,927,34.0
7857,content_0377eb31d8f8362e,72.16551941066706,STALE_HIGH_OPPORTUNITY,927,34.0
7858,content_d8b492aefa103cbe,72.16551941066706,STALE_HIGH_OPPORTUNITY,927,34.0
7859,content_0b4f41544d1ea673,72.16551941066706,STALE_HIGH_OPPORTUNITY,927,34.0
7860,content_279493b12944006f,72.16551941066706,STALE_HIGH_OPPORTUNITY,927,34.0
7861,content_7a606dd325ca8c7d,72.15950016719091,STALE_HIGH_OPPORTUNITY,926,34.0
7862,content_55a83c95cd51e796,72.15950016719091,STALE_HIGH_OPPORTUNITY,926,34.0
7863,content_9e5b9b8c4d5ad594,72.15950016719091,STALE_HIGH_OPPORTUNITY,926,34.0
7864,content_5b4ef8bac122c002,72.15950016719091,STALE_HIGH_OPPORTUNITY,926,34.0
7865,content_93b76d0f0f17a700,72.15950016719091,STALE_HIGH_OPPORTUNITY,926,34.0
7866,content_5aee4293efd9cab0,72.15950016719091,STALE_HIGH_OPPORTUNITY,926,34.0
7867,content_a928cda9eb44d70d,72.15950016719091,STALE_HIGH_OPPORTUNITY,926,34.0
7868,content_89c308daece3863f,72.15950016719091,STALE_HIGH_OPPORTUNITY,926,34.0
7869,content_0da4e3f1101c3b50,72.1543257298167,STALE_HIGH_OPPORTUNITY,925,34.0
7870,content_7f9df4d7c2a9e478,72.1543257298167,STALE_HIGH_OPPORTUNITY,925,34.0
7871,content_5a3d1de6cd8f6909,72.1543257298167,STALE_HIGH_OPPORTUNITY,925,34.0
7872,content_475a2c627c6ca029,72.1543257298167,STALE_HIGH_OPPORTUNITY,925,34.0
7873,content_b2108e8fe3360fa6,72.1543257298167,STALE_HIGH_OPPORTUNITY,925,34.0
7874,content_40ce4ebf5da42d79,72.1543257298167,STALE_HIGH_OPPORTUNITY,925,34.0
7875,content_d0a029655ec69f73,72.1543257298167,STALE_HIGH_OPPORTUNITY,925,34.0
7876,content_f73506fe199a47a7,72.14936249396796,STALE_HIGH_OPPORTUNITY,924,34.0
7877,content_7882b9bc3b052515,72.14936249396796,STALE_HIGH_OPPORTUNITY,924,34.0
7878,content_fbba0b83fabd7acb,72.14936249396796,STALE_HIGH_OPPORTUNITY,924,34.0
7879,content_5ac43b7848b3e57b,72.14936249396796,STALE_HIGH_OPPORTUNITY,924,34.0
7880,content_de29f1b49ab52d52,72.14397685506826,STALE_HIGH_OPPORTUNITY,923,34.0
7881,content_154dce08305d7b2b,72.14397685506826,STALE_HIGH_OPPORTUNITY,923,34.0
7882,content_21216edb279eec71,72.14397685506826,STALE_HIGH_OPPORTUNITY,923,34.0
7883,content_807c1c4e08c85b6e,72.14397685506826,STALE_HIGH_OPPORTUNITY,923,34.0
7884,content_f97568f0817052dd,72.14397685506826,STALE_HIGH_OPPORTUNITY,923,34.0
7885,content_310ab2b1ca685177,72.14397685506826,STALE_HIGH_OPPORTUNITY,923,34.0
7886,content_8295c22f62866314,72.14397685506826,STALE_HIGH_OPPORTUNITY,923,34.0
7887,content_e1c8b55bdfecde2a,72.14397685506826,STALE_HIGH_OPPORTUNITY,923,34.0
7888,content_4ff33902d5b11c18,72.13795761159213,STALE_HIGH_OPPORTUNITY,922,34.0
7889,content_92f45092cdece0bd,72.13795761159213,STALE_HIGH_OPPORTUNITY,922,34.0
7890,content_38806bb580ad6ef6,72.13795761159213,STALE_HIGH_OPPORTUNITY,922,34.0
7891,content_b6e56c8ed9c9959e,72.13752954645483,STALE_HIGH_OPPORTUNITY,81,131.0
7892,content_13ef8874a9a1ef5e,72.13183276735325,STALE_HIGH_OPPORTUNITY,921,34.0
7893,content_d333b883cd0bf225,72.13183276735325,STALE_HIGH_OPPORTUNITY,921,34.0
7894,content_f2e0f08ecc16d77c,72.13183276735325,STALE_HIGH_OPPORTUNITY,921,34.0
7895,content_260b3d5ab0dc322c,72.13183276735325,STALE_HIGH_OPPORTUNITY,921,34.0
7896,content_88e76d1daee6b0b6,72.13183276735325,STALE_HIGH_OPPORTUNITY,921,34.0
7897,content_5a150feee9cef645,72.13183276735325,STALE_HIGH_OPPORTUNITY,921,34.0
7898,content_e4e6000561bde3d0,72.13183276735325,STALE_HIGH_OPPORTUNITY,921,34.0
7899,content_de10a2813a8c2d3e,72.13183276735325,STALE_HIGH_OPPORTUNITY,921,34.0
7900,content_3bfb5c6c432c44c1,72.13183276735325,STALE_HIGH_OPPORTUNITY,921,34.0
7901,content_bf4505dbbd85931e,72.13183276735325,STALE_HIGH_OPPORTUNITY,921,34.0
7902,content_dcb103232d532a5f,72.12602472540259,STALE_HIGH_OPPORTUNITY,920,34.0
7903,content_b2fb8753fc7d1327,72.12602472540259,STALE_HIGH_OPPORTUNITY,920,34.0
7904,content_7358e5af26581d9a,72.12602472540259,STALE_HIGH_OPPORTUNITY,920,34.0
7905,content_22619d15f4c7d572,72.12602472540259,STALE_HIGH_OPPORTUNITY,920,34.0
7906,content_39cbd8e5ed030eee,72.12602472540259,STALE_HIGH_OPPORTUNITY,920,34.0
7907,content_6ddccd0500b60eac,72.12602472540259,STALE_HIGH_OPPORTUNITY,920,34.0
7908,content_a535344ae89ce825,72.12602472540259,STALE_HIGH_OPPORTUNITY,920,34.0
7909,content_0afe69c78d11c670,72.12053348574015,STALE_HIGH_OPPORTUNITY,919,34.0
7910,content_24b7fe61f9c97a38,72.12053348574015,STALE_HIGH_OPPORTUNITY,919,34.0
7911,content_790aed7c351d16b3,72.12053348574015,STALE_HIGH_OPPORTUNITY,919,34.0
7912,content_e7c1f1290b7e7bf9,72.11525344760318,STALE_HIGH_OPPORTUNITY,918,34.0
7913,content_0911ee31480bd043,72.11525344760318,STALE_HIGH_OPPORTUNITY,918,34.0
7914,content_8465853e86d1c8ba,72.11029021175443,STALE_HIGH_OPPORTUNITY,917,34.0
7915,content_ef5f47a8c28a4d40,72.11029021175443,STALE_HIGH_OPPORTUNITY,917,34.0
7916,content_8d2590581fb23ddf,72.11029021175443,STALE_HIGH_OPPORTUNITY,917,34.0
7917,content_6aee5007467a2f1f,72.11029021175443,STALE_HIGH_OPPORTUNITY,917,34.0
7918,content_f5f0cc92c1fca8e2,72.11029021175443,STALE_HIGH_OPPORTUNITY,917,34.0
7919,content_1f83322f27de56cd,72.106249022421,STALE_HIGH_OPPORTUNITY,105,60.0
7920,content_1a5aa2ec7779eedb,72.10574937895666,STALE_HIGH_OPPORTUNITY,916,34.0
7921,content_a0f68a9a239e2575,72.10574937895666,STALE_HIGH_OPPORTUNITY,916,34.0
7922,content_55150652f1135a2b,72.10574937895666,STALE_HIGH_OPPORTUNITY,916,34.0
7923,content_1d8a23e686f7f6d6,72.10574937895666,STALE_HIGH_OPPORTUNITY,916,34.0
7924,content_1ba38fba5a0dcfaf,72.10574937895666,STALE_HIGH_OPPORTUNITY,916,34.0
7925,content_6b6ddcb645b768c3,72.10574937895666,STALE_HIGH_OPPORTUNITY,916,34.0
7926,content_8f4edee2ed2c0b85,72.10173654997257,STALE_HIGH_OPPORTUNITY,915,34.0
7927,content_ee7e2de96e1dbefd,72.10173654997257,STALE_HIGH_OPPORTUNITY,915,34.0
7928,content_5bbf8754f44d73dc,72.10173654997257,STALE_HIGH_OPPORTUNITY,915,34.0
7929,content_56ea28408cb90062,72.10173654997257,STALE_HIGH_OPPORTUNITY,915,34.0
7930,content_6922c073d7eadb48,72.10173654997257,STALE_HIGH_OPPORTUNITY,915,34.0
7931,content_7a0fd3a6e89a7068,72.0980405232767,STALE_HIGH_OPPORTUNITY,914,34.0
7932,content_4cdd539cff0d7d49,72.0980405232767,STALE_HIGH_OPPORTUNITY,914,34.0
7933,content_a5c80936d58569e4,72.0980405232767,STALE_HIGH_OPPORTUNITY,914,34.0
7934,content_5564064d2143ce06,72.0980405232767,STALE_HIGH_OPPORTUNITY,914,34.0
7935,content_1d1808dfaa67d7d9,72.0980405232767,STALE_HIGH_OPPORTUNITY,914,34.0
7936,content_12b65950c70eb393,72.09276048513973,STALE_HIGH_OPPORTUNITY,913,34.0
7937,content_e2018be8e400d441,72.09276048513973,STALE_HIGH_OPPORTUNITY,913,34.0
7938,content_7efb602a5d3c0b76,72.09276048513973,STALE_HIGH_OPPORTUNITY,913,34.0
7939,content_21fd04bc8944415c,72.09276048513973,STALE_HIGH_OPPORTUNITY,913,34.0
7940,content_11d200e60d0660ea,72.09276048513973,STALE_HIGH_OPPORTUNITY,913,34.0
7941,content_70a5ad5e3f1be7f3,72.09276048513973,STALE_HIGH_OPPORTUNITY,913,34.0
7942,content_6cf84d7b8d0baa70,72.09276048513973,STALE_HIGH_OPPORTUNITY,913,34.0
7943,content_5c11fda898402574,72.08642443937538,STALE_HIGH_OPPORTUNITY,912,34.0
7944,content_b18ffa3a2ece3efd,72.08642443937538,STALE_HIGH_OPPORTUNITY,912,34.0
7945,content_7bdc0be753db3797,72.08642443937538,STALE_HIGH_OPPORTUNITY,912,34.0
7946,content_a143c5682dd9781b,72.08642443937538,STALE_HIGH_OPPORTUNITY,912,34.0
7947,content_7708f6359430ba01,72.08642443937538,STALE_HIGH_OPPORTUNITY,912,34.0
7948,content_074b7dbbf69b958d,72.08642443937538,STALE_HIGH_OPPORTUNITY,912,34.0
7949,content_a238292131f2b71d,72.08642443937538,STALE_HIGH_OPPORTUNITY,912,34.0
7950,content_08a2eb4997c86ac4,72.08029959513651,STALE_HIGH_OPPORTUNITY,911,34.0
7951,content_5d87638088f30907,72.08029959513651,STALE_HIGH_OPPORTUNITY,911,34.0
7952,content_68d2f0a6fc55ceb0,72.08029959513651,STALE_HIGH_OPPORTUNITY,911,34.0
7953,content_285bba9c1191121f,72.08029959513651,STALE_HIGH_OPPORTUNITY,911,34.0
7954,content_25647b6884d74405,72.08029959513651,STALE_HIGH_OPPORTUNITY,911,34.0
7955,content_89684d5721608eea,72.08029959513651,STALE_HIGH_OPPORTUNITY,911,34.0
7956,content_8ec1430db6558e8e,72.08029959513651,STALE_HIGH_OPPORTUNITY,911,34.0
7957,content_50df809fddfca1e6,72.07512515776229,STALE_HIGH_OPPORTUNITY,910,34.0
7958,content_feb7d161c8cea136,72.07512515776229,STALE_HIGH_OPPORTUNITY,910,34.0
7959,content_c4f0812bb05aa07f,72.07512515776229,STALE_HIGH_OPPORTUNITY,910,34.0
7960,content_4d594dba76ff48e2,72.07512515776229,STALE_HIGH_OPPORTUNITY,910,34.0
7961,content_7954d6957586031d,72.07103216105192,STALE_HIGH_OPPORTUNITY,85,113.0
7962,content_173532f7b303fb83,72.07090112725271,STALE_HIGH_OPPORTUNITY,909,34.0
7963,content_997eb3c15de6e31c,72.07090112725271,STALE_HIGH_OPPORTUNITY,909,34.0
7964,content_e670dc7b5a2d605d,72.07090112725271,STALE_HIGH_OPPORTUNITY,909,34.0
7965,content_dff30d31f10e4287,72.07090112725271,STALE_HIGH_OPPORTUNITY,909,34.0
7966,content_da5f9e42b7ab5a58,72.07090112725271,STALE_HIGH_OPPORTUNITY,909,34.0
7967,content_fbc86d237c3976f6,72.06614909292944,STALE_HIGH_OPPORTUNITY,908,34.0
7968,content_1dc1f60257651e4f,72.06614909292944,STALE_HIGH_OPPORTUNITY,908,34.0
7969,content_699adf010347badf,72.06614909292944,STALE_HIGH_OPPORTUNITY,908,34.0
7970,content_71cf6907992229d9,72.06614909292944,STALE_HIGH_OPPORTUNITY,908,34.0
7971,content_a2e7997f24342bd8,72.06614909292944,STALE_HIGH_OPPORTUNITY,908,34.0
7972,content_2f43e544065b9e7f,72.06181946165714,STALE_HIGH_OPPORTUNITY,907,34.0
7973,content_6f83df44196b00e2,72.06181946165714,STALE_HIGH_OPPORTUNITY,907,34.0
7974,content_db59dfa9cfd1fe50,72.05780663267305,STALE_HIGH_OPPORTUNITY,906,34.0
7975,content_254d98cb27e776cb,72.05780663267305,STALE_HIGH_OPPORTUNITY,906,34.0
7976,content_206b54a57d4a2cac,72.05780663267305,STALE_HIGH_OPPORTUNITY,906,34.0
7977,content_75c557a190800081,72.05780663267305,STALE_HIGH_OPPORTUNITY,906,34.0
7978,content_83c16c722f28ad85,72.05780663267305,STALE_HIGH_OPPORTUNITY,906,34.0
7979,content_2c8b1253c7c6f0fe,72.05780663267305,STALE_HIGH_OPPORTUNITY,906,34.0
7980,content_4680833571976209,72.0528433968243,STALE_HIGH_OPPORTUNITY,905,34.0
7981,content_1bd093750a76a6b9,72.0528433968243,STALE_HIGH_OPPORTUNITY,905,34.0
7982,content_ce2d3bc7cff8bf6a,72.0528433968243,STALE_HIGH_OPPORTUNITY,905,34.0
7983,content_d42f06e8b905265f,72.0466129518227,STALE_HIGH_OPPORTUNITY,904,34.0
7984,content_76cf9e9c93fab5f6,72.0466129518227,STALE_HIGH_OPPORTUNITY,904,34.0
7985,content_6ef7592c87059370,72.0466129518227,STALE_HIGH_OPPORTUNITY,904,34.0
7986,content_e0fff9b7565295da,72.0466129518227,STALE_HIGH_OPPORTUNITY,904,34.0
7987,content_815fc64ad0e3739a,72.0466129518227,STALE_HIGH_OPPORTUNITY,904,34.0
7988,content_47a263d0d84c7be5,72.0466129518227,STALE_HIGH_OPPORTUNITY,904,34.0
7989,content_6295ef247cdfa9ce,72.0466129518227,STALE_HIGH_OPPORTUNITY,904,34.0
7990,content_4a78c683afedd40e,72.0466129518227,STALE_HIGH_OPPORTUNITY,904,34.0
7991,content_8f04b51d032b0284,72.0466129518227,STALE_HIGH_OPPORTUNITY,904,34.0
7992,content_febafd3af72679de,72.0466129518227,STALE_HIGH_OPPORTUNITY,904,34.0
7993,content_fc0a1fdaaed93afd,72.0466129518227,STALE_HIGH_OPPORTUNITY,904,34.0
7994,content_0f52394fbba2feb0,72.0466129518227,STALE_HIGH_OPPORTUNITY,904,34.0
7995,content_65fe2dc2b4079a74,72.0466129518227,STALE_HIGH_OPPORTUNITY,904,34.0
7996,content_8a45f71629217a1b,72.0466129518227,STALE_HIGH_OPPORTUNITY,904,34.0
7997,content_462a9731fdcddb4b,72.0406993091093,STALE_HIGH_OPPORTUNITY,903,34.0
7998,content_622dd38dfa42ac54,72.0406993091093,STALE_HIGH_OPPORTUNITY,903,34.0
7999,content_f7df2e72fdc8e8cf,72.0406993091093,STALE_HIGH_OPPORTUNITY,903,34.0
8000,content_ae1b8f416323e89a,72.0406993091093,STALE_HIGH_OPPORTUNITY,903,34.0
8001,content_439e0af5c1c322a8,72.03520806944685,STALE_HIGH_OPPORTUNITY,902,34.0
8002,content_d413c8a6b47198da,72.03520806944685,STALE_HIGH_OPPORTUNITY,902,34.0
8003,content_5057c204e7b0d096,72.03520806944685,STALE_HIGH_OPPORTUNITY,902,34.0
8004,content_c6f700fd3b0adf8a,72.03520806944685,STALE_HIGH_OPPORTUNITY,902,34.0
8005,content_db00925c19cd33c3,72.03520806944685,STALE_HIGH_OPPORTUNITY,902,34.0
8006,content_3204f1b23147f814,72.03520806944685,STALE_HIGH_OPPORTUNITY,902,34.0
8007,content_8e828fab740b79ff,72.03520806944685,STALE_HIGH_OPPORTUNITY,902,34.0
8008,content_0cb55455d0062fd6,72.03520806944685,STALE_HIGH_OPPORTUNITY,902,34.0
8009,content_54c0e2da1e05ff40,72.02950562825893,STALE_HIGH_OPPORTUNITY,901,34.0
8010,content_7230c92c209d2b4b,72.02950562825893,STALE_HIGH_OPPORTUNITY,901,34.0
8011,content_a07c2f0293c41539,72.02950562825893,STALE_HIGH_OPPORTUNITY,901,34.0
8012,content_3b89a06310a0cdcd,72.02950562825893,STALE_HIGH_OPPORTUNITY,901,34.0
8013,content_f79deaf33b099cba,72.02950562825893,STALE_HIGH_OPPORTUNITY,901,34.0
8014,content_35e4ff2e66ad647f,72.02327518325734,STALE_HIGH_OPPORTUNITY,900,34.0
8015,content_9f0b55d992b5354a,72.02327518325734,STALE_HIGH_OPPORTUNITY,900,34.0
8016,content_70bb33660ad8d5da,72.02327518325734,STALE_HIGH_OPPORTUNITY,900,34.0
8017,content_eb3278331e6818f9,72.02327518325734,STALE_HIGH_OPPORTUNITY,900,34.0
8018,content_6495704b6376a39f,72.02327518325734,STALE_HIGH_OPPORTUNITY,900,34.0
8019,content_a2ad03605fa7bb02,72.02327518325734,STALE_HIGH_OPPORTUNITY,900,34.0
8020,content_56507ed1708d5d12,72.02327518325734,STALE_HIGH_OPPORTUNITY,900,34.0
8021,content_7c60fb0fb985ae68,72.02327518325734,STALE_HIGH_OPPORTUNITY,900,34.0
8022,content_4748cb22fa22f828,72.02327518325734,STALE_HIGH_OPPORTUNITY,900,34.0
8023,content_36c4315120f6c1e9,72.02327518325734,STALE_HIGH_OPPORTUNITY,900,34.0
8024,content_74eaba7a876c718e,72.02062950210251,STALE_HIGH_OPPORTUNITY,79,131.0
8025,content_ac671833e96983ed,72.01641113367927,STALE_HIGH_OPPORTUNITY,899,34.0
8026,content_3c372744ce04c843,72.01641113367927,STALE_HIGH_OPPORTUNITY,899,34.0
8027,content_743b35512f996c93,72.01641113367927,STALE_HIGH_OPPORTUNITY,899,34.0
8028,content_1658196db4e74ae8,72.01641113367927,STALE_HIGH_OPPORTUNITY,899,34.0
8029,content_9db8d6f537421f4f,72.01641113367927,STALE_HIGH_OPPORTUNITY,899,34.0
8030,content_5121b555e15d7ae6,72.01495815603738,STALE_HIGH_OPPORTUNITY,84,113.0
8031,content_2697cf622695d851,72.00986388638944,STALE_HIGH_OPPORTUNITY,898,34.0
8032,content_5018c5e55a75df80,72.00986388638944,STALE_HIGH_OPPORTUNITY,898,34.0
8033,content_6d9e0b6ce4a002b5,72.00986388638944,STALE_HIGH_OPPORTUNITY,898,34.0
8034,content_89b5d04f8acdbfea,72.00986388638944,STALE_HIGH_OPPORTUNITY,898,34.0
8035,content_832ad2a9b152f093,72.00986388638944,STALE_HIGH_OPPORTUNITY,898,34.0
8036,content_879af37f64837d9d,72.00986388638944,STALE_HIGH_OPPORTUNITY,898,34.0
8037,content_81c1adb94de5321a,72.00986388638944,STALE_HIGH_OPPORTUNITY,898,34.0
8038,content_82b48e2882083710,72.00342223986235,STALE_HIGH_OPPORTUNITY,897,34.0
8039,content_5d27ff22a18a6791,72.00342223986235,STALE_HIGH_OPPORTUNITY,897,34.0
8040,content_6a7e4f59878468f1,72.00342223986235,STALE_HIGH_OPPORTUNITY,897,34.0
8041,content_65322380655c7ae7,72.00342223986235,STALE_HIGH_OPPORTUNITY,897,34.0
8042,content_38436afa6607403e,72.00342223986235,STALE_HIGH_OPPORTUNITY,897,34.0
8043,content_6d38a1d4a185b93c,71.99894738748507,STALE_HIGH_OPPORTUNITY,26,243.0
8044,content_6dd719aea99b0906,71.99850849022039,STALE_HIGH_OPPORTUNITY,88,81.0
8045,content_d560fb022bcd8780,71.99687499257251,STALE_HIGH_OPPORTUNITY,896,34.0
8046,content_e9c604d0fb141686,71.99687499257251,STALE_HIGH_OPPORTUNITY,896,34.0
8047,content_90e1924fd312c48e,71.99687499257251,STALE_HIGH_OPPORTUNITY,896,34.0
8048,content_0fd132bed0190d0d,71.99687499257251,STALE_HIGH_OPPORTUNITY,896,34.0
8049,content_f962d49c5424d66a,71.99687499257251,STALE_HIGH_OPPORTUNITY,896,34.0
8050,content_ce15a34391c6fcb5,71.99687499257251,STALE_HIGH_OPPORTUNITY,896,34.0
8051,content_b4259b2181346da9,71.99687499257251,STALE_HIGH_OPPORTUNITY,896,34.0
8052,content_0ed17de9a184fdb1,71.99001094299447,STALE_HIGH_OPPORTUNITY,895,34.0
8053,content_28ead6d8da99c0ff,71.99001094299447,STALE_HIGH_OPPORTUNITY,895,34.0
8054,content_df10a12f1a5c8e06,71.99001094299447,STALE_HIGH_OPPORTUNITY,895,34.0
8055,content_a28fcf5ddf094229,71.99001094299447,STALE_HIGH_OPPORTUNITY,895,34.0
8056,content_cc68dc56d2081b10,71.99001094299447,STALE_HIGH_OPPORTUNITY,895,34.0
8057,content_6c765564c089239c,71.99001094299447,STALE_HIGH_OPPORTUNITY,895,34.0
8058,content_4e229fb4a00ad46f,71.99001094299447,STALE_HIGH_OPPORTUNITY,895,34.0
8059,content_43eef602d5b0bed3,71.99001094299447,STALE_HIGH_OPPORTUNITY,895,34.0
8060,content_99d0b09275aaa678,71.98420290104382,STALE_HIGH_OPPORTUNITY,894,34.0
8061,content_9f4fd4124370c3bc,71.98420290104382,STALE_HIGH_OPPORTUNITY,894,34.0
8062,content_3de8b8ce010de48e,71.98420290104382,STALE_HIGH_OPPORTUNITY,894,34.0
8063,content_56d5082ca927b199,71.98420290104382,STALE_HIGH_OPPORTUNITY,894,34.0
8064,content_41447f1bb188364b,71.98420290104382,STALE_HIGH_OPPORTUNITY,894,34.0
8065,content_0886fed0a752aee9,71.97934526595782,STALE_HIGH_OPPORTUNITY,893,34.0
8066,content_97788920d9bc7024,71.97934526595782,STALE_HIGH_OPPORTUNITY,893,34.0
8067,content_0ec7972c940ea89e,71.97934526595782,STALE_HIGH_OPPORTUNITY,893,34.0
8068,content_63554e36ff27559e,71.97934526595782,STALE_HIGH_OPPORTUNITY,893,34.0
8069,content_9eb7272867890ecb,71.97364282476988,STALE_HIGH_OPPORTUNITY,892,34.0
8070,content_d01758ff6fff5197,71.97364282476988,STALE_HIGH_OPPORTUNITY,892,34.0
8071,content_76f93d60c12030d4,71.97364282476988,STALE_HIGH_OPPORTUNITY,892,34.0
8072,content_1c1a9b5669658807,71.97364282476988,STALE_HIGH_OPPORTUNITY,892,34.0
8073,content_604823561cd8b19e,71.97364282476988,STALE_HIGH_OPPORTUNITY,892,34.0
8074,content_371d519b053dd7e9,71.97364282476988,STALE_HIGH_OPPORTUNITY,892,34.0
8075,content_0ad7bb729af916b5,71.97364282476988,STALE_HIGH_OPPORTUNITY,892,34.0
8076,content_fe640e8589d636e9,71.97364282476988,STALE_HIGH_OPPORTUNITY,892,34.0
8077,content_30f0fb48ecc2aa86,71.97364282476988,STALE_HIGH_OPPORTUNITY,892,34.0
8078,content_63c7f15d797351b4,71.96846838739566,STALE_HIGH_OPPORTUNITY,891,34.0
8079,content_58d56c82403d1631,71.96846838739566,STALE_HIGH_OPPORTUNITY,891,34.0
8080,content_24d294f0da3ca6f8,71.96846838739566,STALE_HIGH_OPPORTUNITY,891,34.0
8081,content_3ea94c5848e87fee,71.96846838739566,STALE_HIGH_OPPORTUNITY,891,34.0
8082,content_26ab295b0a5e3606,71.96846838739566,STALE_HIGH_OPPORTUNITY,891,34.0
8083,content_3a6cca86385b5e98,71.96610327188957,STALE_HIGH_OPPORTUNITY,25,271.0
8084,content_246e3d9094199845,71.96491948937162,STALE_HIGH_OPPORTUNITY,31,226.0
8085,content_25f9dcf8cf660a36,71.9631883492587,STALE_HIGH_OPPORTUNITY,890,34.0
8086,content_9a02d14755e51455,71.9631883492587,STALE_HIGH_OPPORTUNITY,890,34.0
8087,content_939fdb1f571d6918,71.9631883492587,STALE_HIGH_OPPORTUNITY,890,34.0
8088,content_320e297ed275fc0a,71.9631883492587,STALE_HIGH_OPPORTUNITY,890,34.0
8089,content_94aeb5dad241a310,71.9631883492587,STALE_HIGH_OPPORTUNITY,890,34.0
8090,content_6da2759ca2ec9234,71.9631883492587,STALE_HIGH_OPPORTUNITY,890,34.0
8091,content_c18324578ce3a8ca,71.9631883492587,STALE_HIGH_OPPORTUNITY,890,34.0
8092,content_ada35ccf9cbe9ad1,71.9631883492587,STALE_HIGH_OPPORTUNITY,890,34.0
8093,content_93090d1bc05a985d,71.96110176704038,STALE_HIGH_OPPORTUNITY,83,113.0
8094,content_56662f6f3465e507,71.95811385056089,STALE_HIGH_OPPORTUNITY,78,131.0
8095,content_91b063ae7ee7d241,71.95611309815519,STALE_HIGH_OPPORTUNITY,889,34.0
8096,content_3653dc71389d906f,71.95611309815519,STALE_HIGH_OPPORTUNITY,889,34.0
8097,content_c8cb1c8b0114b6d0,71.95611309815519,STALE_HIGH_OPPORTUNITY,889,34.0
8098,content_e373e3e20dc6b85a,71.95611309815519,STALE_HIGH_OPPORTUNITY,889,34.0
8099,content_03704b01a4ba27a2,71.95611309815519,STALE_HIGH_OPPORTUNITY,889,34.0
8100,content_39c8307d67370f4c,71.95611309815519,STALE_HIGH_OPPORTUNITY,889,34.0
8101,content_3f82b120d085d740,71.95611309815519,STALE_HIGH_OPPORTUNITY,889,34.0
8102,content_12ec6a93b74b6246,71.95118422346897,STALE_HIGH_OPPORTUNITY,27,235.0
8103,content_4eccb4cc11fe6988,71.94956585086535,STALE_HIGH_OPPORTUNITY,888,34.0
8104,content_5e5920ad1232dc33,71.94956585086535,STALE_HIGH_OPPORTUNITY,888,34.0
8105,content_08cf153e6e555569,71.94956585086535,STALE_HIGH_OPPORTUNITY,888,34.0
8106,content_62983347ab55dc7b,71.94956585086535,STALE_HIGH_OPPORTUNITY,888,34.0
8107,content_17c4c4675b55cb52,71.94956585086535,STALE_HIGH_OPPORTUNITY,888,34.0
8108,content_11e0c9bd8088b389,71.94956585086535,STALE_HIGH_OPPORTUNITY,888,34.0
8109,content_d43674e0ac0c22e6,71.94956585086535,STALE_HIGH_OPPORTUNITY,888,34.0
8110,content_d3de1a4cb2e16371,71.94491941730482,STALE_HIGH_OPPORTUNITY,887,34.0
8111,content_aa7a44f2339d0742,71.94491941730482,STALE_HIGH_OPPORTUNITY,887,34.0
8112,content_c283dbfbf730e6d5,71.94491941730482,STALE_HIGH_OPPORTUNITY,887,34.0
8113,content_95f7a186b45fb7ab,71.94491941730482,STALE_HIGH_OPPORTUNITY,887,34.0
8114,content_36251fb3ee15a160,71.93953377840512,STALE_HIGH_OPPORTUNITY,886,34.0
8115,content_013155d3f1be89e1,71.93953377840512,STALE_HIGH_OPPORTUNITY,886,34.0
8116,content_d71de85a95346375,71.93953377840512,STALE_HIGH_OPPORTUNITY,886,34.0
8117,content_906575ccd0fd3a71,71.93953377840512,STALE_HIGH_OPPORTUNITY,886,34.0
8118,content_f75e5c8631965e3e,71.93953377840512,STALE_HIGH_OPPORTUNITY,886,34.0
8119,content_578d64f5219b07b9,71.93953377840512,STALE_HIGH_OPPORTUNITY,886,34.0
8120,content_fec7a5b0e84ff1df,71.93362013569173,STALE_HIGH_OPPORTUNITY,885,34.0
8121,content_93eae5a2145194c9,71.93362013569173,STALE_HIGH_OPPORTUNITY,885,34.0
8122,content_f60b6aec5f9c93b1,71.93362013569173,STALE_HIGH_OPPORTUNITY,885,34.0
8123,content_0e61dd8e6519c2b1,71.93362013569173,STALE_HIGH_OPPORTUNITY,885,34.0
8124,content_5b83220de5805a79,71.93362013569173,STALE_HIGH_OPPORTUNITY,885,34.0
8125,content_7a5af03d2e91c9e5,71.93362013569173,STALE_HIGH_OPPORTUNITY,885,34.0
8126,content_2c81aaff63b40c8c,71.93362013569173,STALE_HIGH_OPPORTUNITY,885,34.0
8127,content_60e4ff1f22871fb0,71.93362013569173,STALE_HIGH_OPPORTUNITY,885,34.0
8128,content_6c4ef7a1206b3254,71.93362013569173,STALE_HIGH_OPPORTUNITY,885,34.0
8129,content_6a236b3a39d25ccc,71.93362013569173,STALE_HIGH_OPPORTUNITY,885,34.0
8130,content_120101006e5e680c,71.93362013569173,STALE_HIGH_OPPORTUNITY,885,34.0
8131,content_5142adbca0665b7d,71.92823449679202,STALE_HIGH_OPPORTUNITY,884,34.0
8132,content_687d17d8bf68908e,71.92823449679202,STALE_HIGH_OPPORTUNITY,884,34.0
8133,content_23591c4abf70bcc2,71.92823449679202,STALE_HIGH_OPPORTUNITY,884,34.0
8134,content_267673143ce23b08,71.92823449679202,STALE_HIGH_OPPORTUNITY,884,34.0
8135,content_8dd46820983bac0d,71.92823449679202,STALE_HIGH_OPPORTUNITY,884,34.0
8136,content_e83437a58548bd41,71.92823449679202,STALE_HIGH_OPPORTUNITY,884,34.0
8137,content_1d6a844a6b2cf7bb,71.92274325712958,STALE_HIGH_OPPORTUNITY,883,34.0
8138,content_f672f0e19a4a1716,71.92274325712958,STALE_HIGH_OPPORTUNITY,883,34.0
8139,content_38c5e07576966d26,71.92274325712958,STALE_HIGH_OPPORTUNITY,883,34.0
8140,content_b59cbdff4b13fb57,71.92274325712958,STALE_HIGH_OPPORTUNITY,883,34.0
8141,content_2cfcdc8a492774b6,71.92274325712958,STALE_HIGH_OPPORTUNITY,883,34.0
8142,content_c1ff747f2116f014,71.91619600983975,STALE_HIGH_OPPORTUNITY,882,34.0
8143,content_655a88dbc986e64f,71.91619600983975,STALE_HIGH_OPPORTUNITY,882,34.0
8144,content_ae983c22be57a0b9,71.91619600983975,STALE_HIGH_OPPORTUNITY,882,34.0
8145,content_962c0cdad8a383bf,71.91619600983975,STALE_HIGH_OPPORTUNITY,882,34.0
8146,content_3e6e608263910992,71.91619600983975,STALE_HIGH_OPPORTUNITY,882,34.0
8147,content_59d4058e685cc6c9,71.91619600983975,STALE_HIGH_OPPORTUNITY,882,34.0
8148,content_43bbb6d017a27153,71.90943756102445,STALE_HIGH_OPPORTUNITY,881,34.0
8149,content_90caf920d130733a,71.90943756102445,STALE_HIGH_OPPORTUNITY,881,34.0
8150,content_260c8504d1e4161c,71.90943756102445,STALE_HIGH_OPPORTUNITY,881,34.0
8151,content_45a6bf6bb5e54b05,71.90943756102445,STALE_HIGH_OPPORTUNITY,881,34.0
8152,content_e73877bc9f1a16ec,71.90943756102445,STALE_HIGH_OPPORTUNITY,881,34.0
8153,content_0491145dcd5b1baf,71.90943756102445,STALE_HIGH_OPPORTUNITY,881,34.0
8154,content_c618f1fc6b9af2bd,71.90384072059926,STALE_HIGH_OPPORTUNITY,880,34.0
8155,content_1a9e7b532562ec7e,71.90384072059926,STALE_HIGH_OPPORTUNITY,880,34.0
8156,content_91f970273714cfb3,71.90384072059926,STALE_HIGH_OPPORTUNITY,880,34.0
8157,content_58e570c1603f2dd5,71.90384072059926,STALE_HIGH_OPPORTUNITY,880,34.0
8158,content_fcbace065bdf95f8,71.90384072059926,STALE_HIGH_OPPORTUNITY,880,34.0
8159,content_70b649aff6bf6b3c,71.89898308551327,STALE_HIGH_OPPORTUNITY,879,34.0
8160,content_1010090bcc05bd66,71.89898308551327,STALE_HIGH_OPPORTUNITY,879,34.0
8161,content_fce4b76769440ff2,71.89898308551327,STALE_HIGH_OPPORTUNITY,879,34.0
8162,content_800806fa2e7e799b,71.89465345424097,STALE_HIGH_OPPORTUNITY,878,34.0
8163,content_18ebf721e82751be,71.89465345424097,STALE_HIGH_OPPORTUNITY,878,34.0
8164,content_77de933ad10ed34f,71.88937341610398,STALE_HIGH_OPPORTUNITY,877,34.0
8165,content_d5491831214fc36c,71.88937341610398,STALE_HIGH_OPPORTUNITY,877,34.0
8166,content_dd96c6ff1732420e,71.88937341610398,STALE_HIGH_OPPORTUNITY,877,34.0
8167,content_861edc77545460cb,71.88937341610398,STALE_HIGH_OPPORTUNITY,877,34.0
8168,content_9f6cc0b40f5f2b17,71.88937341610398,STALE_HIGH_OPPORTUNITY,877,34.0
8169,content_cfbdbfaa36b03c84,71.88937341610398,STALE_HIGH_OPPORTUNITY,877,34.0
8170,content_f6e4918bc8b94cde,71.88444325069028,STALE_HIGH_OPPORTUNITY,112,35.0
8171,content_b87eca370d6d06ae,71.88388217644155,STALE_HIGH_OPPORTUNITY,876,34.0
8172,content_b653eb7c7296c505,71.88388217644155,STALE_HIGH_OPPORTUNITY,876,34.0
8173,content_15f676c1f9d236f6,71.88388217644155,STALE_HIGH_OPPORTUNITY,876,34.0
8174,content_2630168826263de8,71.88388217644155,STALE_HIGH_OPPORTUNITY,876,34.0
8175,content_f5a3d9c509ddf9a1,71.87870773906732,STALE_HIGH_OPPORTUNITY,875,34.0
8176,content_5aa0a6dffe20b334,71.87870773906732,STALE_HIGH_OPPORTUNITY,875,34.0
8177,content_78d52c6c30e6fb8e,71.87870773906732,STALE_HIGH_OPPORTUNITY,875,34.0
8178,content_bb35a46563bd0935,71.87870773906732,STALE_HIGH_OPPORTUNITY,875,34.0
8179,content_3cd947f116814d67,71.87870773906732,STALE_HIGH_OPPORTUNITY,875,34.0
8180,content_1c74f14fb1b1f1ab,71.87385010398133,STALE_HIGH_OPPORTUNITY,874,34.0
8181,content_166877761aab19df,71.87385010398133,STALE_HIGH_OPPORTUNITY,874,34.0
8182,content_ceb8f487be0e76b7,71.87385010398133,STALE_HIGH_OPPORTUNITY,874,34.0
8183,content_b82f5f6d8a977171,71.87385010398133,STALE_HIGH_OPPORTUNITY,874,34.0
8184,content_05f9275584da7c2c,71.87385010398133,STALE_HIGH_OPPORTUNITY,874,34.0
8185,content_af13ff36aeb4647e,71.87385010398133,STALE_HIGH_OPPORTUNITY,874,34.0
8186,content_6ee31d7d123af886,71.87304572403494,STALE_HIGH_OPPORTUNITY,56,141.0
8187,content_509571383b38854f,71.86857006584437,STALE_HIGH_OPPORTUNITY,873,34.0
8188,content_ea0b7eb917b6c96b,71.86857006584437,STALE_HIGH_OPPORTUNITY,873,34.0
8189,content_10963042679b1044,71.86857006584437,STALE_HIGH_OPPORTUNITY,873,34.0
8190,content_311c51c24ff1f0bc,71.86857006584437,STALE_HIGH_OPPORTUNITY,873,34.0
8191,content_a388b0ceb7d6d18e,71.86857006584437,STALE_HIGH_OPPORTUNITY,873,34.0
8192,content_8ee7d88943c35dff,71.86857006584437,STALE_HIGH_OPPORTUNITY,873,34.0
8193,content_49e6db957d3670cc,71.86857006584437,STALE_HIGH_OPPORTUNITY,873,34.0
8194,content_6831f4ea1bcdfb6c,71.86857006584437,STALE_HIGH_OPPORTUNITY,873,34.0
8195,content_2d0f55bbe9bc55cd,71.86857006584437,STALE_HIGH_OPPORTUNITY,873,34.0
8196,content_5f4c166e9053e29c,71.86202281855452,STALE_HIGH_OPPORTUNITY,872,34.0
8197,content_aa949ccb30deb181,71.86202281855452,STALE_HIGH_OPPORTUNITY,872,34.0
8198,content_5f202adc4a044c4f,71.86202281855452,STALE_HIGH_OPPORTUNITY,872,34.0
8199,content_15a32481f30aa7a5,71.86202281855452,STALE_HIGH_OPPORTUNITY,872,34.0
8200,content_25343d284d27a5e1,71.86202281855452,STALE_HIGH_OPPORTUNITY,872,34.0
8201,content_586398b5112579cf,71.86202281855452,STALE_HIGH_OPPORTUNITY,872,34.0
8202,content_49fc891dbb2d6cd0,71.86202281855452,STALE_HIGH_OPPORTUNITY,872,34.0
8203,content_d65ebc13a7e205d7,71.86202281855452,STALE_HIGH_OPPORTUNITY,872,34.0
8204,content_4fde9eec5461d266,71.86202281855452,STALE_HIGH_OPPORTUNITY,872,34.0
8205,content_ea9bc85aab569e04,71.86202281855452,STALE_HIGH_OPPORTUNITY,872,34.0
8206,content_8eccad067792d1db,71.86202281855452,STALE_HIGH_OPPORTUNITY,872,34.0
8207,content_e3d571f08df38089,71.86202281855452,STALE_HIGH_OPPORTUNITY,872,34.0
8208,content_ce32ffcb099d546d,71.85610917584114,STALE_HIGH_OPPORTUNITY,871,34.0
8209,content_60f2657083452e4c,71.85610917584114,STALE_HIGH_OPPORTUNITY,871,34.0
8210,content_80b059fe83d32ec9,71.84998433160226,STALE_HIGH_OPPORTUNITY,870,34.0
8211,content_9390673ca64811e7,71.84998433160226,STALE_HIGH_OPPORTUNITY,870,34.0
8212,content_26d1ff5ea9679e83,71.84998433160226,STALE_HIGH_OPPORTUNITY,870,34.0
8213,content_b04b5cf6c742ab72,71.84998433160226,STALE_HIGH_OPPORTUNITY,870,34.0
8214,content_e3baeb3cf171df48,71.84998433160226,STALE_HIGH_OPPORTUNITY,870,34.0
8215,content_2cce48f81aaa3cdd,71.84917702790851,STALE_HIGH_OPPORTUNITY,106,36.0
8216,content_b952ba3b4e653173,71.84407068888885,STALE_HIGH_OPPORTUNITY,869,34.0
8217,content_7443de25cd3427a5,71.84407068888885,STALE_HIGH_OPPORTUNITY,869,34.0
8218,content_af00fca323d116b5,71.84407068888885,STALE_HIGH_OPPORTUNITY,869,34.0
8219,content_eb6fd900436da71a,71.84407068888885,STALE_HIGH_OPPORTUNITY,869,34.0
8220,content_cf526a1b66ae94c3,71.84407068888885,STALE_HIGH_OPPORTUNITY,869,34.0
8221,content_ae7adc5687b4d956,71.84131940697131,STALE_HIGH_OPPORTUNITY,76,131.0
8222,content_828094cc1571915b,71.83900185227739,STALE_HIGH_OPPORTUNITY,868,34.0
8223,content_eb7947a2f07aef87,71.83900185227739,STALE_HIGH_OPPORTUNITY,868,34.0
8224,content_de65dd6b71d8e26b,71.83900185227739,STALE_HIGH_OPPORTUNITY,868,34.0
8225,content_6495b7f982b22278,71.83900185227739,STALE_HIGH_OPPORTUNITY,868,34.0
8226,content_d425678cb231d35a,71.83900185227739,STALE_HIGH_OPPORTUNITY,868,34.0
8227,content_c551dd6632f7080f,71.83900185227739,STALE_HIGH_OPPORTUNITY,868,34.0
8228,content_f6f0a4138ce7cfa2,71.83372181414043,STALE_HIGH_OPPORTUNITY,867,34.0
8229,content_21bea64e0fa7d180,71.83372181414043,STALE_HIGH_OPPORTUNITY,867,34.0
8230,content_e0767a4b866e73d1,71.8285473767662,STALE_HIGH_OPPORTUNITY,866,34.0
8231,content_a651e3fcbc316166,71.8285473767662,STALE_HIGH_OPPORTUNITY,866,34.0
8232,content_909e83c026b553ef,71.8285473767662,STALE_HIGH_OPPORTUNITY,866,34.0
8233,content_0e574c450cb2d7ac,71.8285473767662,STALE_HIGH_OPPORTUNITY,866,34.0
8234,content_9c16bb26a852f0e8,71.8285473767662,STALE_HIGH_OPPORTUNITY,866,34.0
8235,content_be6f74257c58fbfd,71.8285473767662,STALE_HIGH_OPPORTUNITY,866,34.0
8236,content_0192620e2980c5f9,71.8285473767662,STALE_HIGH_OPPORTUNITY,866,34.0
8237,content_c096299e9f1a025b,71.8285473767662,STALE_HIGH_OPPORTUNITY,866,34.0
8238,content_636ef5d53a46abf1,71.82347854015471,STALE_HIGH_OPPORTUNITY,865,34.0
8239,content_e977dfe16eb0b7e2,71.82347854015471,STALE_HIGH_OPPORTUNITY,865,34.0
8240,content_7faf2d8c05c840b1,71.82347854015471,STALE_HIGH_OPPORTUNITY,865,34.0
8241,content_e14a35039dd4f800,71.82347854015471,STALE_HIGH_OPPORTUNITY,865,34.0
8242,content_bbee067b07e393f6,71.82131214676465,STALE_HIGH_OPPORTUNITY,44,166.0
8243,content_dbe363504b36d7ca,71.81798730049228,STALE_HIGH_OPPORTUNITY,864,34.0
8244,content_a2f3ded2b7dba360,71.81798730049228,STALE_HIGH_OPPORTUNITY,864,34.0
8245,content_e6553ef96b0bb741,71.81798730049228,STALE_HIGH_OPPORTUNITY,864,34.0
8246,content_e821cac47287fd94,71.81798730049228,STALE_HIGH_OPPORTUNITY,864,34.0
8247,content_4fecd3f50303fea8,71.81798730049228,STALE_HIGH_OPPORTUNITY,864,34.0
8248,content_836b85ddd3b20839,71.81538164258632,STALE_HIGH_OPPORTUNITY,26,235.0
8249,content_541b466e679806c3,71.81175685549067,STALE_HIGH_OPPORTUNITY,863,34.0
8250,content_0999d92e0be66403,71.81175685549067,STALE_HIGH_OPPORTUNITY,863,34.0
8251,content_1b53a128e41ed526,71.81175685549067,STALE_HIGH_OPPORTUNITY,863,34.0
8252,content_5ff504a3fee74145,71.81175685549067,STALE_HIGH_OPPORTUNITY,863,34.0
8253,content_712469159e744832,71.81175685549067,STALE_HIGH_OPPORTUNITY,863,34.0
8254,content_92d6b165b71a45fe,71.81175685549067,STALE_HIGH_OPPORTUNITY,863,34.0
8255,content_d671a5e7e83cc4be,71.81175685549067,STALE_HIGH_OPPORTUNITY,863,34.0
8256,content_5befdf7fb7cacdd2,71.81175685549067,STALE_HIGH_OPPORTUNITY,863,34.0
8257,content_54b9618d524de13c,71.80457600362439,STALE_HIGH_OPPORTUNITY,862,34.0
8258,content_866262ed322d8f54,71.80457600362439,STALE_HIGH_OPPORTUNITY,862,34.0
8259,content_aa989cb0cf580edb,71.80457600362439,STALE_HIGH_OPPORTUNITY,862,34.0
8260,content_bb3ea445dea641f7,71.80457600362439,STALE_HIGH_OPPORTUNITY,862,34.0
8261,content_cf901facbc0f0f6b,71.80457600362439,STALE_HIGH_OPPORTUNITY,862,34.0
8262,content_21d1d993e54865fd,71.80457600362439,STALE_HIGH_OPPORTUNITY,862,34.0
8263,content_eda9545a219f5656,71.80457600362439,STALE_HIGH_OPPORTUNITY,862,34.0
8264,content_3f31a516506d92f4,71.80457600362439,STALE_HIGH_OPPORTUNITY,862,34.0
8265,content_9b03518f2d5d816b,71.80457600362439,STALE_HIGH_OPPORTUNITY,862,34.0
8266,content_359a6ec70bf53d10,71.80457600362439,STALE_HIGH_OPPORTUNITY,862,34.0
8267,content_d9148bf1ccc37834,71.79802875633456,STALE_HIGH_OPPORTUNITY,861,34.0
8268,content_f909941c47778fdf,71.79802875633456,STALE_HIGH_OPPORTUNITY,861,34.0
8269,content_aa97121d340596a6,71.79802875633456,STALE_HIGH_OPPORTUNITY,861,34.0
8270,content_e5a783aea504a6d5,71.79802875633456,STALE_HIGH_OPPORTUNITY,861,34.0
8271,content_5a22c6de7dadecd5,71.79802875633456,STALE_HIGH_OPPORTUNITY,861,34.0
8272,content_3728dbf2a885b65a,71.79802875633456,STALE_HIGH_OPPORTUNITY,861,34.0
8273,content_9aeb71fbf997eb42,71.79500676037065,STALE_HIGH_OPPORTUNITY,55,141.0
8274,content_f241edd11baf55c9,71.79295991972307,STALE_HIGH_OPPORTUNITY,860,34.0
8275,content_6a74f1aaca5bbde5,71.79295991972307,STALE_HIGH_OPPORTUNITY,860,34.0
8276,content_a406686192c0f9fc,71.79295991972307,STALE_HIGH_OPPORTUNITY,860,34.0
8277,content_f107dba098ad6983,71.79243530674322,STALE_HIGH_OPPORTUNITY,27,234.0
8278,content_ca9141cc4b189a4c,71.7870462770097,STALE_HIGH_OPPORTUNITY,859,34.0
8279,content_3fda4225ea3dbd84,71.7870462770097,STALE_HIGH_OPPORTUNITY,859,34.0
8280,content_1fce4b79e596aa03,71.7870462770097,STALE_HIGH_OPPORTUNITY,859,34.0
8281,content_64a440b142aa82d1,71.7870462770097,STALE_HIGH_OPPORTUNITY,859,34.0
8282,content_fde6a80344686f42,71.78134383582176,STALE_HIGH_OPPORTUNITY,858,34.0
8283,content_701d220ab814abf6,71.78134383582176,STALE_HIGH_OPPORTUNITY,858,34.0
8284,content_d0f875658a773d6d,71.78134383582176,STALE_HIGH_OPPORTUNITY,858,34.0
8285,content_db778a17d70d5750,71.78134383582176,STALE_HIGH_OPPORTUNITY,858,34.0
8286,content_678551a8991bf265,71.78097091897759,STALE_HIGH_OPPORTUNITY,84,81.0
8287,content_3b23c6b494bcc70b,71.7766917401749,STALE_HIGH_OPPORTUNITY,75,131.0
8288,content_2f10373fd0433324,71.77500779005742,STALE_HIGH_OPPORTUNITY,857,34.0
8289,content_4a8d506864c5ac60,71.77500779005742,STALE_HIGH_OPPORTUNITY,857,34.0
8290,content_704a6d3c901ea433,71.77500779005742,STALE_HIGH_OPPORTUNITY,857,34.0
8291,content_0f9b7db7ebfa3b45,71.77500779005742,STALE_HIGH_OPPORTUNITY,857,34.0
8292,content_50bcd7c37ee2e1b6,71.77500779005742,STALE_HIGH_OPPORTUNITY,857,34.0
8293,content_01e13ce4eafc1484,71.77500779005742,STALE_HIGH_OPPORTUNITY,857,34.0
8294,content_de8ba91f79c341bb,71.77500779005742,STALE_HIGH_OPPORTUNITY,857,34.0
8295,content_f15501caca2a7f37,71.77500779005742,STALE_HIGH_OPPORTUNITY,857,34.0
8296,content_f033e076898de984,71.76888294581853,STALE_HIGH_OPPORTUNITY,856,34.0
8297,content_3fc4d3ee2e7a3bb5,71.76888294581853,STALE_HIGH_OPPORTUNITY,856,34.0
8298,content_cc0f6c165acf8e5e,71.76888294581853,STALE_HIGH_OPPORTUNITY,856,34.0
8299,content_e251650c2a38df39,71.76888294581853,STALE_HIGH_OPPORTUNITY,856,34.0
8300,content_dc23495b3a1f04b0,71.76888294581853,STALE_HIGH_OPPORTUNITY,856,34.0
8301,content_c6a08582febc1a6d,71.76476451607171,STALE_HIGH_OPPORTUNITY,855,34.0
8302,content_0906348179a34129,71.76476451607171,STALE_HIGH_OPPORTUNITY,855,34.0
8303,content_5cb12bef4a4b0b9a,71.76476451607171,STALE_HIGH_OPPORTUNITY,855,34.0
8304,content_05d3b3a93cb6a4ed,71.76476451607171,STALE_HIGH_OPPORTUNITY,855,34.0
8305,content_f8e42409472c59a9,71.76476451607171,STALE_HIGH_OPPORTUNITY,855,34.0
8306,content_34c0bb6f34bc79f6,71.76476451607171,STALE_HIGH_OPPORTUNITY,855,34.0
8307,content_9503b9b65617d161,71.76476451607171,STALE_HIGH_OPPORTUNITY,855,34.0
8308,content_44516b70bd07a6d9,71.76476451607171,STALE_HIGH_OPPORTUNITY,855,34.0
8309,content_76033da0d1c4082c,71.76001248174843,STALE_HIGH_OPPORTUNITY,854,34.0
8310,content_227dfc0b82e0d236,71.76001248174843,STALE_HIGH_OPPORTUNITY,854,34.0
8311,content_1f49061d99a764db,71.76001248174843,STALE_HIGH_OPPORTUNITY,854,34.0
8312,content_139f86f9df30b294,71.76001248174843,STALE_HIGH_OPPORTUNITY,854,34.0
8313,content_3635dfab1abf893b,71.76001248174843,STALE_HIGH_OPPORTUNITY,854,34.0
8314,content_68b2fe203ba8f83a,71.76001248174843,STALE_HIGH_OPPORTUNITY,854,34.0
8315,content_9a8430c8573c3821,71.76001248174843,STALE_HIGH_OPPORTUNITY,854,34.0
8316,content_c41edb4537f33baf,71.75452124208599,STALE_HIGH_OPPORTUNITY,853,34.0
8317,content_54eef9daeb839370,71.75452124208599,STALE_HIGH_OPPORTUNITY,853,34.0
8318,content_3351078f6cff1f5a,71.75452124208599,STALE_HIGH_OPPORTUNITY,853,34.0
8319,content_c02702089c7493bf,71.75452124208599,STALE_HIGH_OPPORTUNITY,853,34.0
8320,content_f19d3b5d98d5a45a,71.75452124208599,STALE_HIGH_OPPORTUNITY,853,34.0
8321,content_ed95e1d0c0aab060,71.74924120394904,STALE_HIGH_OPPORTUNITY,852,34.0
8322,content_787b61d7be3ed257,71.74924120394904,STALE_HIGH_OPPORTUNITY,852,34.0
8323,content_a771dcf9626e3e00,71.74924120394904,STALE_HIGH_OPPORTUNITY,852,34.0
8324,content_7a5eda3a60a19a97,71.74924120394904,STALE_HIGH_OPPORTUNITY,852,34.0
8325,content_0f31bcd06807e866,71.74924120394904,STALE_HIGH_OPPORTUNITY,852,34.0
8326,content_33d29aaa5e82a598,71.74924120394904,STALE_HIGH_OPPORTUNITY,852,34.0
8327,content_3573b7362a03caa9,71.74227155360825,STALE_HIGH_OPPORTUNITY,851,34.0
8328,content_8adc8d9e92bce110,71.74227155360825,STALE_HIGH_OPPORTUNITY,851,34.0
8329,content_8335fa6ddc1ba3c2,71.74227155360825,STALE_HIGH_OPPORTUNITY,851,34.0
8330,content_328f88cb7dbd8611,71.74227155360825,STALE_HIGH_OPPORTUNITY,851,34.0
8331,content_bfff7ba4ff38c614,71.74227155360825,STALE_HIGH_OPPORTUNITY,851,34.0
8332,content_8b7eee830859f89c,71.74227155360825,STALE_HIGH_OPPORTUNITY,851,34.0
8333,content_9d61f0541f8c329f,71.74227155360825,STALE_HIGH_OPPORTUNITY,851,34.0
8334,content_fadad162f0080816,71.74227155360825,STALE_HIGH_OPPORTUNITY,851,34.0
8335,content_4551c345d1c624f7,71.74227155360825,STALE_HIGH_OPPORTUNITY,851,34.0
8336,content_230095e4ef1d4240,71.73519630250473,STALE_HIGH_OPPORTUNITY,850,34.0
8337,content_324759ed46d35d90,71.73519630250473,STALE_HIGH_OPPORTUNITY,850,34.0
8338,content_8e1cb4310fd631a9,71.73519630250473,STALE_HIGH_OPPORTUNITY,850,34.0
8339,content_670430cb307bf960,71.73519630250473,STALE_HIGH_OPPORTUNITY,850,34.0
8340,content_26f1c6f6d1012aa6,71.72907145826585,STALE_HIGH_OPPORTUNITY,849,34.0
8341,content_b7d2773b533ad7d6,71.72907145826585,STALE_HIGH_OPPORTUNITY,849,34.0
8342,content_7b568f687230d4f7,71.72907145826585,STALE_HIGH_OPPORTUNITY,849,34.0
8343,content_68dec5d1f415364a,71.72907145826585,STALE_HIGH_OPPORTUNITY,849,34.0
8344,content_b2685dada691736f,71.72907145826585,STALE_HIGH_OPPORTUNITY,849,34.0
8345,content_81ec83dc3781f70f,71.72907145826585,STALE_HIGH_OPPORTUNITY,849,34.0
8346,content_4a28bd0c7c90bd5b,71.72907145826585,STALE_HIGH_OPPORTUNITY,849,34.0
8347,content_524aac7d026583f8,71.72210180792506,STALE_HIGH_OPPORTUNITY,848,34.0
8348,content_1ed0d8252070f7e8,71.72210180792506,STALE_HIGH_OPPORTUNITY,848,34.0
8349,content_fefb506d6c1a3b92,71.72210180792506,STALE_HIGH_OPPORTUNITY,848,34.0
8350,content_a6b0e6e5ef39d6f2,71.72210180792506,STALE_HIGH_OPPORTUNITY,848,34.0
8351,content_451511618a2b4af2,71.72210180792506,STALE_HIGH_OPPORTUNITY,848,34.0
8352,content_3e1df1a71f09fbec,71.72210180792506,STALE_HIGH_OPPORTUNITY,848,34.0
8353,content_52bd28340dcdc938,71.72210180792506,STALE_HIGH_OPPORTUNITY,848,34.0
8354,content_481840727351b4b4,71.72210180792506,STALE_HIGH_OPPORTUNITY,848,34.0
8355,content_efaa85e46901bda2,71.72210180792506,STALE_HIGH_OPPORTUNITY,848,34.0
8356,content_bcb00935655712db,71.72210180792506,STALE_HIGH_OPPORTUNITY,848,34.0
8357,content_704387bf7bf6e41f,71.72210180792506,STALE_HIGH_OPPORTUNITY,848,34.0
8358,content_f952e1bd0f80161f,71.71618816521166,STALE_HIGH_OPPORTUNITY,847,34.0
8359,content_afc1eb3a18feb7f7,71.71618816521166,STALE_HIGH_OPPORTUNITY,847,34.0
8360,content_ed91084121241cbf,71.71618816521166,STALE_HIGH_OPPORTUNITY,847,34.0
8361,content_56720bc4dff42065,71.71618816521166,STALE_HIGH_OPPORTUNITY,847,34.0
8362,content_44a7c2718027008a,71.71618816521166,STALE_HIGH_OPPORTUNITY,847,34.0
8363,content_1133b52dac2ad625,71.71618816521166,STALE_HIGH_OPPORTUNITY,847,34.0
8364,content_8bdf4ec9ca3539d1,71.7109081270747,STALE_HIGH_OPPORTUNITY,846,34.0
8365,content_8b5f03a24a992e3b,71.7109081270747,STALE_HIGH_OPPORTUNITY,846,34.0
8366,content_99cd8673b3e6cb18,71.7109081270747,STALE_HIGH_OPPORTUNITY,846,34.0
8367,content_1981fa26d3100023,71.70562808893774,STALE_HIGH_OPPORTUNITY,845,34.0
8368,content_01df092a223a91ae,71.70562808893774,STALE_HIGH_OPPORTUNITY,845,34.0
8369,content_d8b7a765d1a6643c,71.70562808893774,STALE_HIGH_OPPORTUNITY,845,34.0
8370,content_aa0c18b24fd45acc,71.70562808893774,STALE_HIGH_OPPORTUNITY,845,34.0
8371,content_4676aa4ec15f166c,71.70562808893774,STALE_HIGH_OPPORTUNITY,845,34.0
8372,content_2b0d3866c9318be8,71.70562808893774,STALE_HIGH_OPPORTUNITY,845,34.0
8373,content_7dd3e0cee54f1136,71.69918644241065,STALE_HIGH_OPPORTUNITY,844,34.0
8374,content_16491401a9483e96,71.69918644241065,STALE_HIGH_OPPORTUNITY,844,34.0
8375,content_15957d2fceb5612e,71.69918644241065,STALE_HIGH_OPPORTUNITY,844,34.0
8376,content_c1166a3b385e3b7f,71.69918644241065,STALE_HIGH_OPPORTUNITY,844,34.0
8377,content_3ebac4eb9e56841c,71.69918644241065,STALE_HIGH_OPPORTUNITY,844,34.0
8378,content_7d6e2e1866e42e82,71.69242799359535,STALE_HIGH_OPPORTUNITY,843,34.0
8379,content_147a46f6636dd160,71.68683115317015,STALE_HIGH_OPPORTUNITY,842,34.0
8380,content_8df093803fc95e5c,71.68683115317015,STALE_HIGH_OPPORTUNITY,842,34.0
8381,content_2ca9f8908f15391d,71.68683115317015,STALE_HIGH_OPPORTUNITY,842,34.0
8382,content_8edcc6e5992cf296,71.68683115317015,STALE_HIGH_OPPORTUNITY,842,34.0
8383,content_30454b4b96ae2c26,71.68683115317015,STALE_HIGH_OPPORTUNITY,842,34.0
8384,content_4e5bbab7c6144121,71.68683115317015,STALE_HIGH_OPPORTUNITY,842,34.0
8385,content_63a4767b1fe551b2,71.68248800491465,STALE_HIGH_OPPORTUNITY,99,56.0
8386,content_0c2a3e560db3ce51,71.68081190969401,STALE_HIGH_OPPORTUNITY,841,34.0
8387,content_61d2457aabca88c2,71.68081190969401,STALE_HIGH_OPPORTUNITY,841,34.0
8388,content_e643a1c494ae4f29,71.68081190969401,STALE_HIGH_OPPORTUNITY,841,34.0
8389,content_9d2b244633434c79,71.68081190969401,STALE_HIGH_OPPORTUNITY,841,34.0
8390,content_43653a49cc693138,71.68081190969401,STALE_HIGH_OPPORTUNITY,841,34.0
8391,content_10e55fc66504d8c2,71.68081190969401,STALE_HIGH_OPPORTUNITY,841,34.0
8392,content_70f7157339c8d756,71.68081190969401,STALE_HIGH_OPPORTUNITY,841,34.0
8393,content_f5deec028343a7bf,71.67473655166192,STALE_HIGH_OPPORTUNITY,82,81.0
8394,content_5ab64a7ced597eff,71.67405346087871,STALE_HIGH_OPPORTUNITY,840,34.0
8395,content_090d993d26e21ab1,71.67405346087871,STALE_HIGH_OPPORTUNITY,840,34.0
8396,content_bce60db4814710c3,71.67405346087871,STALE_HIGH_OPPORTUNITY,840,34.0
8397,content_ae38d2d543294836,71.67405346087871,STALE_HIGH_OPPORTUNITY,840,34.0
8398,content_dfc6b248bc348808,71.6667670082497,STALE_HIGH_OPPORTUNITY,839,34.0
8399,content_ebf80b5b52166801,71.6667670082497,STALE_HIGH_OPPORTUNITY,839,34.0
8400,content_f2ad1280581d6d39,71.6667670082497,STALE_HIGH_OPPORTUNITY,839,34.0
8401,content_06b1ee638f17dc61,71.6667670082497,STALE_HIGH_OPPORTUNITY,839,34.0
8402,content_fe0162196422d8f8,71.6667670082497,STALE_HIGH_OPPORTUNITY,839,34.0
8403,content_18c925ca8046bebf,71.6667670082497,STALE_HIGH_OPPORTUNITY,839,34.0
8404,content_b1585795b9b14dc3,71.65969175714618,STALE_HIGH_OPPORTUNITY,838,34.0
8405,content_db011baf372e5420,71.65969175714618,STALE_HIGH_OPPORTUNITY,838,34.0
8406,content_94f813b3233ea436,71.65969175714618,STALE_HIGH_OPPORTUNITY,838,34.0
8407,content_6c0de39fb33aec02,71.65969175714618,STALE_HIGH_OPPORTUNITY,838,34.0
8408,content_11eff70801f0e3ab,71.65272210680538,STALE_HIGH_OPPORTUNITY,837,34.0
8409,content_56069658e81082d5,71.65272210680538,STALE_HIGH_OPPORTUNITY,837,34.0
8410,content_d57f6fe583f28511,71.65272210680538,STALE_HIGH_OPPORTUNITY,837,34.0
8411,content_8eb4cc32a99bc72e,71.65272210680538,STALE_HIGH_OPPORTUNITY,837,34.0
8412,content_d8a117dc9850747e,71.65272210680538,STALE_HIGH_OPPORTUNITY,837,34.0
8413,content_829b5179d83befd9,71.64628046027829,STALE_HIGH_OPPORTUNITY,836,34.0
8414,content_7461b2da32ed87c7,71.64628046027829,STALE_HIGH_OPPORTUNITY,836,34.0
8415,content_c25935b726d8d300,71.64628046027829,STALE_HIGH_OPPORTUNITY,836,34.0
8416,content_537f04aae8999b04,71.64628046027829,STALE_HIGH_OPPORTUNITY,836,34.0
8417,content_356c9758853e6c8c,71.64628046027829,STALE_HIGH_OPPORTUNITY,836,34.0
8418,content_608a1d7a1ce91b44,71.6438920688908,STALE_HIGH_OPPORTUNITY,53,141.0
8419,content_46e698f668286e86,71.64047241832765,STALE_HIGH_OPPORTUNITY,835,34.0
8420,content_8dac0526b29e3ed7,71.64047241832765,STALE_HIGH_OPPORTUNITY,835,34.0
8421,content_8bf97ba269a59b7e,71.64047241832765,STALE_HIGH_OPPORTUNITY,835,34.0
8422,content_c5fc77c308792469,71.64047241832765,STALE_HIGH_OPPORTUNITY,835,34.0
8423,content_200d4f044162c8f9,71.64047241832765,STALE_HIGH_OPPORTUNITY,835,34.0
8424,content_d99d5eb0ade61bdf,71.64047241832765,STALE_HIGH_OPPORTUNITY,835,34.0
8425,content_47786ccf53eea74e,71.63508677942795,STALE_HIGH_OPPORTUNITY,834,34.0
8426,content_feac396d7b41e1bc,71.63508677942795,STALE_HIGH_OPPORTUNITY,834,34.0
8427,content_4c4f87ba9f2ac8b2,71.63508677942795,STALE_HIGH_OPPORTUNITY,834,34.0
8428,content_d2a2de87203e28e4,71.63508677942795,STALE_HIGH_OPPORTUNITY,834,34.0
8429,content_6cca895f66231ddc,71.63508677942795,STALE_HIGH_OPPORTUNITY,834,34.0
8430,content_25323bb1cd2093e8,71.63508677942795,STALE_HIGH_OPPORTUNITY,834,34.0
8431,content_1c421c062405a0ca,71.63508677942795,STALE_HIGH_OPPORTUNITY,834,34.0
8432,content_c5dba0d9608dfcf2,71.63508677942795,STALE_HIGH_OPPORTUNITY,834,34.0
8433,content_6248e96c133f1823,71.6285395321381,STALE_HIGH_OPPORTUNITY,833,34.0
8434,content_c226a0b2efac5f23,71.6285395321381,STALE_HIGH_OPPORTUNITY,833,34.0
8435,content_896c5b88b5465e82,71.6285395321381,STALE_HIGH_OPPORTUNITY,833,34.0
8436,content_b5433ee6b0d2490b,71.6285395321381,STALE_HIGH_OPPORTUNITY,833,34.0
8437,content_a62e9649d0a84e23,71.6285395321381,STALE_HIGH_OPPORTUNITY,833,34.0
8438,content_215fc61785ad48cd,71.6285395321381,STALE_HIGH_OPPORTUNITY,833,34.0
8439,content_2136ae2b82775b0b,71.6285395321381,STALE_HIGH_OPPORTUNITY,833,34.0
8440,content_9b5e5427c0c96cba,71.6285395321381,STALE_HIGH_OPPORTUNITY,833,34.0
8441,content_bddd821a46aa229d,71.6285395321381,STALE_HIGH_OPPORTUNITY,833,34.0
8442,content_1419d3268b941bb1,71.62072507569539,STALE_HIGH_OPPORTUNITY,832,34.0
8443,content_3a73290d0dc0a10a,71.62072507569539,STALE_HIGH_OPPORTUNITY,832,34.0
8444,content_a26cbeb8539a261a,71.62072507569539,STALE_HIGH_OPPORTUNITY,832,34.0
8445,content_860f06dad140e047,71.62072507569539,STALE_HIGH_OPPORTUNITY,832,34.0
8446,content_9efbca7be6cbccd1,71.62072507569539,STALE_HIGH_OPPORTUNITY,832,34.0
8447,content_a5b6b6c091b644b0,71.61462566449299,STALE_HIGH_OPPORTUNITY,77,113.0
8448,content_3674ad453e46c6f7,71.61333302230366,STALE_HIGH_OPPORTUNITY,831,34.0
8449,content_1a18f6f8814be736,71.61333302230366,STALE_HIGH_OPPORTUNITY,831,34.0
8450,content_3c4b33eb077a546e,71.61333302230366,STALE_HIGH_OPPORTUNITY,831,34.0
8451,content_cb34169af86ca0e8,71.61333302230366,STALE_HIGH_OPPORTUNITY,831,34.0
8452,content_95533835b52a3968,71.61333302230366,STALE_HIGH_OPPORTUNITY,831,34.0
8453,content_7a1ab4af46faa80c,71.61333302230366,STALE_HIGH_OPPORTUNITY,831,34.0
8454,content_d9537a8692ec65ec,71.61333302230366,STALE_HIGH_OPPORTUNITY,831,34.0
8455,content_7b2704058332670e,71.61333302230366,STALE_HIGH_OPPORTUNITY,831,34.0
8456,content_3fe9b70363da2745,71.60594096891191,STALE_HIGH_OPPORTUNITY,830,34.0
8457,content_3c480094a19be6ed,71.60594096891191,STALE_HIGH_OPPORTUNITY,830,34.0
8458,content_caab4408afc2a498,71.60594096891191,STALE_HIGH_OPPORTUNITY,830,34.0
8459,content_e7f4bdc742069c92,71.60594096891191,STALE_HIGH_OPPORTUNITY,830,34.0
8460,content_01539752540ab59c,71.60594096891191,STALE_HIGH_OPPORTUNITY,830,34.0
8461,content_f34fc10e8aa156fc,71.60594096891191,STALE_HIGH_OPPORTUNITY,830,34.0
8462,content_d3ac45e03a24475a,71.60594096891191,STALE_HIGH_OPPORTUNITY,830,34.0
8463,content_f165da9ccb020d61,71.60594096891191,STALE_HIGH_OPPORTUNITY,830,34.0
8464,content_29049542cb734020,71.60594096891191,STALE_HIGH_OPPORTUNITY,830,34.0
8465,content_c3b41ba3578465b0,71.60594096891191,STALE_HIGH_OPPORTUNITY,830,34.0
8466,content_c4c07afc1a15a685,71.60594096891191,STALE_HIGH_OPPORTUNITY,830,34.0
8467,content_4b5287c93a7e3872,71.59865451628289,STALE_HIGH_OPPORTUNITY,829,34.0
8468,content_5f219413b9a4ca6a,71.59865451628289,STALE_HIGH_OPPORTUNITY,829,34.0
8469,content_2babf10fbbf8a0af,71.59865451628289,STALE_HIGH_OPPORTUNITY,829,34.0
8470,content_852d264636d5ce43,71.59865451628289,STALE_HIGH_OPPORTUNITY,829,34.0
8471,content_e489042a0edfc857,71.59865451628289,STALE_HIGH_OPPORTUNITY,829,34.0
8472,content_bae8aecde169631f,71.59865451628289,STALE_HIGH_OPPORTUNITY,829,34.0
8473,content_5dbafce4991176b3,71.59865451628289,STALE_HIGH_OPPORTUNITY,829,34.0
8474,content_97b812e82942bbe2,71.59865451628289,STALE_HIGH_OPPORTUNITY,829,34.0
8475,content_5030c6a9b5538212,71.59865451628289,STALE_HIGH_OPPORTUNITY,829,34.0
8476,content_510a9f173b999355,71.5924240712813,STALE_HIGH_OPPORTUNITY,828,34.0
8477,content_b5f08122fe7a6de7,71.5924240712813,STALE_HIGH_OPPORTUNITY,828,34.0
8478,content_0e7b803c11f73bed,71.5924240712813,STALE_HIGH_OPPORTUNITY,828,34.0
8479,content_ed6e44f832c1b1d3,71.5924240712813,STALE_HIGH_OPPORTUNITY,828,34.0
8480,content_6e2d634653d5ecef,71.59210160690672,STALE_HIGH_OPPORTUNITY,72,131.0
8481,content_1aec8b68f27a62ea,71.58640482780515,STALE_HIGH_OPPORTUNITY,827,34.0
8482,content_e92d7a7649e98de4,71.58640482780515,STALE_HIGH_OPPORTUNITY,827,34.0
8483,content_bec825e57ddf8257,71.58640482780515,STALE_HIGH_OPPORTUNITY,827,34.0
8484,content_8dfe935dc615c836,71.58640482780515,STALE_HIGH_OPPORTUNITY,827,34.0
8485,content_81c5f39d938bb929,71.5800687820408,STALE_HIGH_OPPORTUNITY,826,34.0
8486,content_33cb0b20859c1c5a,71.5800687820408,STALE_HIGH_OPPORTUNITY,826,34.0
8487,content_1ce9495aec31f264,71.57373273627645,STALE_HIGH_OPPORTUNITY,825,34.0
8488,content_32712966f4b72c32,71.57373273627645,STALE_HIGH_OPPORTUNITY,825,34.0
8489,content_9ce029a65087b3d9,71.57373273627645,STALE_HIGH_OPPORTUNITY,825,34.0
8490,content_85bc1b1ba6aacf23,71.57373273627645,STALE_HIGH_OPPORTUNITY,825,34.0
8491,content_7a03406225c146a7,71.57373273627645,STALE_HIGH_OPPORTUNITY,825,34.0
8492,content_32cfd6034e3781a8,71.57373273627645,STALE_HIGH_OPPORTUNITY,825,34.0
8493,content_31bf01d926a670db,71.57373273627645,STALE_HIGH_OPPORTUNITY,825,34.0
8494,content_42c16cb3ed9d74bb,71.5673966905121,STALE_HIGH_OPPORTUNITY,824,34.0
8495,content_2fcf8902fb393871,71.5673966905121,STALE_HIGH_OPPORTUNITY,824,34.0
8496,content_90c7247fb50168ec,71.5673966905121,STALE_HIGH_OPPORTUNITY,824,34.0
8497,content_0739688f35c0a623,71.5673966905121,STALE_HIGH_OPPORTUNITY,824,34.0
8498,content_d64467369ac68ef2,71.5673966905121,STALE_HIGH_OPPORTUNITY,824,34.0
8499,content_80c20ece63829537,71.5673966905121,STALE_HIGH_OPPORTUNITY,824,34.0
8500,content_917f2a3d4aa68d1c,71.56195493705644,STALE_HIGH_OPPORTUNITY,80,81.0
8501,content_f84a84ce56bf7ae3,71.55989903635762,STALE_HIGH_OPPORTUNITY,823,34.0
8502,content_88212afc8d70cb5a,71.55989903635762,STALE_HIGH_OPPORTUNITY,823,34.0
8503,content_232a1c7a00e44dd9,71.55989903635762,STALE_HIGH_OPPORTUNITY,823,34.0
8504,content_b36c5d109d294719,71.55989903635762,STALE_HIGH_OPPORTUNITY,823,34.0
8505,content_c0949943ca59081f,71.55989903635762,STALE_HIGH_OPPORTUNITY,823,34.0
8506,content_e34d5d7003774aa1,71.55989903635762,STALE_HIGH_OPPORTUNITY,823,34.0
8507,content_fd3bc1f60f2223b6,71.55989903635762,STALE_HIGH_OPPORTUNITY,823,34.0
8508,content_0997193f6f661f4e,71.55989903635762,STALE_HIGH_OPPORTUNITY,823,34.0
8509,content_4a31b0c368614746,71.55989903635762,STALE_HIGH_OPPORTUNITY,823,34.0
8510,content_3c182d6e24235c62,71.55989903635762,STALE_HIGH_OPPORTUNITY,823,34.0
8511,content_9aef4eba9e55a798,71.55989903635762,STALE_HIGH_OPPORTUNITY,823,34.0
8512,content_54b52093205e3c89,71.55989903635762,STALE_HIGH_OPPORTUNITY,823,34.0
8513,content_8bfcd009a1d3c583,71.5515565761012,STALE_HIGH_OPPORTUNITY,822,34.0
8514,content_823026c0f422993c,71.5447981272859,STALE_HIGH_OPPORTUNITY,821,34.0
8515,content_4415f6f264d17bb1,71.5447981272859,STALE_HIGH_OPPORTUNITY,821,34.0
8516,content_7e6eca3cecc8a0a1,71.5447981272859,STALE_HIGH_OPPORTUNITY,821,34.0
8517,content_7a831539b3bca4cf,71.5447981272859,STALE_HIGH_OPPORTUNITY,821,34.0
8518,content_d91c19fce910cdf6,71.53846208152154,STALE_HIGH_OPPORTUNITY,820,34.0
8519,content_7cee31300a0060b5,71.53846208152154,STALE_HIGH_OPPORTUNITY,820,34.0
8520,content_269e2c8ab5c2f600,71.53846208152154,STALE_HIGH_OPPORTUNITY,820,34.0
8521,content_c61db8a6018a5010,71.53846208152154,STALE_HIGH_OPPORTUNITY,820,34.0
8522,content_4820b07dc7b78307,71.53846208152154,STALE_HIGH_OPPORTUNITY,820,34.0
8523,content_0e031d1b55192c3d,71.53846208152154,STALE_HIGH_OPPORTUNITY,820,34.0
8524,content_957db055c29dbb0f,71.53846208152154,STALE_HIGH_OPPORTUNITY,820,34.0
8525,content_8cd3a37c8b32cd1f,71.53846208152154,STALE_HIGH_OPPORTUNITY,820,34.0
8526,content_4a92d5b39b875cfd,71.53138683041801,STALE_HIGH_OPPORTUNITY,819,34.0
8527,content_64659824ce5e36e2,71.53138683041801,STALE_HIGH_OPPORTUNITY,819,34.0
8528,content_deb6d5af279c8a9c,71.53138683041801,STALE_HIGH_OPPORTUNITY,819,34.0
8529,content_cdd557d042d8a774,71.52537267497539,STALE_HIGH_OPPORTUNITY,19,303.0
8530,content_49730684fe727396,71.52462838160271,STALE_HIGH_OPPORTUNITY,818,34.0
8531,content_bf85fdd541c6b501,71.52462838160271,STALE_HIGH_OPPORTUNITY,818,34.0
8532,content_2532fafb6cd7dfa9,71.52462838160271,STALE_HIGH_OPPORTUNITY,818,34.0
8533,content_5198314cea3ba4b1,71.52462838160271,STALE_HIGH_OPPORTUNITY,818,34.0
8534,content_22d412aab03b228d,71.52462838160271,STALE_HIGH_OPPORTUNITY,818,34.0
8535,content_5ea22b1a5a3aad91,71.52462838160271,STALE_HIGH_OPPORTUNITY,818,34.0
8536,content_fead5a695fb8b9d6,71.51850353736384,STALE_HIGH_OPPORTUNITY,817,34.0
8537,content_8214ab1116c2d472,71.51850353736384,STALE_HIGH_OPPORTUNITY,817,34.0
8538,content_0696e0cbe7be9f78,71.51850353736384,STALE_HIGH_OPPORTUNITY,817,34.0
8539,content_25a6df26b09c4c8b,71.51850353736384,STALE_HIGH_OPPORTUNITY,817,34.0
8540,content_7cb6782a3da17390,71.51850353736384,STALE_HIGH_OPPORTUNITY,817,34.0
8541,content_bcdd0f600b721eaa,71.51850353736384,STALE_HIGH_OPPORTUNITY,817,34.0
8542,content_ddf9949686a2c451,71.51850353736384,STALE_HIGH_OPPORTUNITY,817,34.0
8543,content_c5d81f29d2484900,71.51822423748378,STALE_HIGH_OPPORTUNITY,99,36.0
8544,content_91802f84fcd5596d,71.51121708473482,STALE_HIGH_OPPORTUNITY,816,34.0
8545,content_31369149a2812bc9,71.51121708473482,STALE_HIGH_OPPORTUNITY,816,34.0
8546,content_9600277407fe8453,71.51121708473482,STALE_HIGH_OPPORTUNITY,816,34.0
8547,content_5fb8cfcde284d19f,71.51121708473482,STALE_HIGH_OPPORTUNITY,816,34.0
8548,content_e815b5e056b3357d,71.51121708473482,STALE_HIGH_OPPORTUNITY,816,34.0
8549,content_ff6f9fda193e8381,71.51121708473482,STALE_HIGH_OPPORTUNITY,816,34.0
8550,content_cc48a5d165ad1912,71.51121708473482,STALE_HIGH_OPPORTUNITY,816,34.0
8551,content_6470cf12769e8b6b,71.51121708473482,STALE_HIGH_OPPORTUNITY,816,34.0
8552,content_a7fc5ccb3d0abe7a,71.51121708473482,STALE_HIGH_OPPORTUNITY,816,34.0
8553,content_8eee20927edae37a,71.51121708473482,STALE_HIGH_OPPORTUNITY,816,34.0
8554,content_d528b6a89a194b71,71.51121708473482,STALE_HIGH_OPPORTUNITY,816,34.0
8555,content_3ebe2d14f247892b,71.51121708473482,STALE_HIGH_OPPORTUNITY,816,34.0
8556,content_caa7afdecc11f60a,71.50371943058035,STALE_HIGH_OPPORTUNITY,815,34.0
8557,content_5456a019430a25ae,71.50371943058035,STALE_HIGH_OPPORTUNITY,815,34.0
8558,content_636f24f5a008ae5e,71.50371943058035,STALE_HIGH_OPPORTUNITY,815,34.0
8559,content_4c220e3aa531d8bc,71.50371943058035,STALE_HIGH_OPPORTUNITY,815,34.0
8560,content_0c0c52f318e2d3c5,71.50371943058035,STALE_HIGH_OPPORTUNITY,815,34.0
8561,content_c072be10ad22904b,71.50144570000687,STALE_HIGH_OPPORTUNITY,79,81.0
8562,content_1847ecc57c31aee5,71.49780578786695,STALE_HIGH_OPPORTUNITY,814,34.0
8563,content_78c20eeaa9dcc38f,71.49780578786695,STALE_HIGH_OPPORTUNITY,814,34.0
8564,content_7cb51f8bf7d8d968,71.49780578786695,STALE_HIGH_OPPORTUNITY,814,34.0
8565,content_e6499002d92c9ea9,71.49780578786695,STALE_HIGH_OPPORTUNITY,814,34.0
8566,content_adc884c21990c746,71.49780578786695,STALE_HIGH_OPPORTUNITY,814,34.0
8567,content_8d71636fad4d4c17,71.49780578786695,STALE_HIGH_OPPORTUNITY,814,34.0
8568,content_c8710782f64dd820,71.49780578786695,STALE_HIGH_OPPORTUNITY,814,34.0
8569,content_5926a2d384937b90,71.49780578786695,STALE_HIGH_OPPORTUNITY,814,34.0
8570,content_65410d193835acbc,71.49210334667904,STALE_HIGH_OPPORTUNITY,813,34.0
8571,content_9cb768731ef45b2d,71.49210334667904,STALE_HIGH_OPPORTUNITY,813,34.0
8572,content_65990456460699ad,71.49210334667904,STALE_HIGH_OPPORTUNITY,813,34.0
8573,content_bf97585c2629d43f,71.49210334667904,STALE_HIGH_OPPORTUNITY,813,34.0
8574,content_ef2973419baf21b9,71.49210334667904,STALE_HIGH_OPPORTUNITY,813,34.0
8575,content_4b30e75733aaf0d6,71.49149517513905,STALE_HIGH_OPPORTUNITY,75,113.0
8576,content_78f71f0bc8ac2a1e,71.48682330854206,STALE_HIGH_OPPORTUNITY,812,34.0
8577,content_e1644da94c0efef1,71.48682330854206,STALE_HIGH_OPPORTUNITY,812,34.0
8578,content_516b20af0eb016ef,71.48682330854206,STALE_HIGH_OPPORTUNITY,812,34.0
8579,content_1031e887e0dbd231,71.48682330854206,STALE_HIGH_OPPORTUNITY,812,34.0
8580,content_8ce1dfc2afc34e9a,71.48682330854206,STALE_HIGH_OPPORTUNITY,812,34.0
8581,content_642c569e1438a994,71.48186007269334,STALE_HIGH_OPPORTUNITY,811,34.0
8582,content_7022c0d3a26379fe,71.48186007269334,STALE_HIGH_OPPORTUNITY,811,34.0
8583,content_be4a425105710e7f,71.48186007269334,STALE_HIGH_OPPORTUNITY,811,34.0
8584,content_bfad325e7f4499cf,71.48186007269334,STALE_HIGH_OPPORTUNITY,811,34.0
8585,content_bd0e9e46d2f0ec8c,71.48186007269334,STALE_HIGH_OPPORTUNITY,811,34.0
8586,content_cb0defe73fec09fb,71.48186007269334,STALE_HIGH_OPPORTUNITY,811,34.0
8587,content_490f01993752f0b2,71.48186007269334,STALE_HIGH_OPPORTUNITY,811,34.0
8588,content_f81b8e9b0726d84f,71.47541842616624,STALE_HIGH_OPPORTUNITY,810,34.0
8589,content_119d8011309ffcef,71.47541842616624,STALE_HIGH_OPPORTUNITY,810,34.0
8590,content_2019b2edf2d41789,71.47541842616624,STALE_HIGH_OPPORTUNITY,810,34.0
8591,content_a49879202cf04e32,71.47541842616624,STALE_HIGH_OPPORTUNITY,810,34.0
8592,content_7386134d365a1b90,71.47541842616624,STALE_HIGH_OPPORTUNITY,810,34.0
8593,content_62df00285d25d4a3,71.47541842616624,STALE_HIGH_OPPORTUNITY,810,34.0
8594,content_03a8ba02996c2e8d,71.47541842616624,STALE_HIGH_OPPORTUNITY,810,34.0
8595,content_416231bdaf74e9fe,71.47471672323522,STALE_HIGH_OPPORTUNITY,98,36.0
8596,content_856d445321dcee53,71.46844877582544,STALE_HIGH_OPPORTUNITY,809,34.0
8597,content_962b36bcc2b393b4,71.46844877582544,STALE_HIGH_OPPORTUNITY,809,34.0
8598,content_a9bf744118bfed25,71.46844877582544,STALE_HIGH_OPPORTUNITY,809,34.0
8599,content_6c6b3cb30b9ba1df,71.46844877582544,STALE_HIGH_OPPORTUNITY,809,34.0
8600,content_5c7009db94ca0f05,71.46844877582544,STALE_HIGH_OPPORTUNITY,809,34.0
8601,content_ee40528eb5c22118,71.46844877582544,STALE_HIGH_OPPORTUNITY,809,34.0
8602,content_e10ca040bbf6f571,71.46844877582544,STALE_HIGH_OPPORTUNITY,809,34.0
8603,content_6e4640ea27c87a96,71.46844877582544,STALE_HIGH_OPPORTUNITY,809,34.0
8604,content_81836d3ae8149999,71.46844877582544,STALE_HIGH_OPPORTUNITY,809,34.0
8605,content_3a7d1b1286591f19,71.46844877582544,STALE_HIGH_OPPORTUNITY,809,34.0
8606,content_ffcedc041f030ae2,71.46844877582544,STALE_HIGH_OPPORTUNITY,809,34.0
8607,content_c70ee721407d8c92,71.46844877582544,STALE_HIGH_OPPORTUNITY,809,34.0
8608,content_f176bd682cb3d722,71.46844877582544,STALE_HIGH_OPPORTUNITY,809,34.0
8609,content_7cada2a9dfd286e9,71.46844877582544,STALE_HIGH_OPPORTUNITY,809,34.0
8610,content_621be47e20382f2e,71.46221833082383,STALE_HIGH_OPPORTUNITY,808,34.0
8611,content_304f6012f6c1f473,71.46221833082383,STALE_HIGH_OPPORTUNITY,808,34.0
8612,content_d607010b73673bbb,71.46221833082383,STALE_HIGH_OPPORTUNITY,808,34.0
8613,content_4a0c69bef762dcd1,71.46221833082383,STALE_HIGH_OPPORTUNITY,808,34.0
8614,content_36008d0fdc1b08d7,71.46221833082383,STALE_HIGH_OPPORTUNITY,808,34.0
8615,content_3905e2f9800f502e,71.46221833082383,STALE_HIGH_OPPORTUNITY,808,34.0
8616,content_126b80aab39da9c3,71.46221833082383,STALE_HIGH_OPPORTUNITY,808,34.0
8617,content_385baaed3fcfd952,71.45630468811044,STALE_HIGH_OPPORTUNITY,807,34.0
8618,content_f59d6fd2b1254578,71.45630468811044,STALE_HIGH_OPPORTUNITY,807,34.0
8619,content_d5171b235be3c65d,71.45630468811044,STALE_HIGH_OPPORTUNITY,807,34.0
8620,content_744559ac427d7d24,71.45630468811044,STALE_HIGH_OPPORTUNITY,807,34.0
8621,content_75ab6f19f2d19cd8,71.45630468811044,STALE_HIGH_OPPORTUNITY,807,34.0
8622,content_940e3889206d5d7b,71.45630468811044,STALE_HIGH_OPPORTUNITY,807,34.0
8623,content_37627157836e80e3,71.45630468811044,STALE_HIGH_OPPORTUNITY,807,34.0
8624,content_a38e66a2f8d57497,71.45060224692253,STALE_HIGH_OPPORTUNITY,806,34.0
8625,content_b5d44146a191474b,71.45060224692253,STALE_HIGH_OPPORTUNITY,806,34.0
8626,content_431055a5326a9155,71.45060224692253,STALE_HIGH_OPPORTUNITY,806,34.0
8627,content_501bdec4c1c93a07,71.45060224692253,STALE_HIGH_OPPORTUNITY,806,34.0
8628,content_5d11c5875e8379e8,71.45060224692253,STALE_HIGH_OPPORTUNITY,806,34.0
8629,content_025249446195859a,71.45060224692253,STALE_HIGH_OPPORTUNITY,806,34.0
8630,content_dc67e4a61cf9db6a,71.45060224692253,STALE_HIGH_OPPORTUNITY,806,34.0
8631,content_b5ab75ec1d59f8a0,71.45060224692253,STALE_HIGH_OPPORTUNITY,806,34.0
8632,content_1cc1a0ce8b1fa2cf,71.45060224692253,STALE_HIGH_OPPORTUNITY,806,34.0
8633,content_37ad11ff2ebfc079,71.45060224692253,STALE_HIGH_OPPORTUNITY,806,34.0
8634,content_0cac32be7df7e4b5,71.45060224692253,STALE_HIGH_OPPORTUNITY,806,34.0
8635,content_1c6d67705cd36725,71.44500540649733,STALE_HIGH_OPPORTUNITY,805,34.0
8636,content_849fc4b7eb3398e5,71.44500540649733,STALE_HIGH_OPPORTUNITY,805,34.0
8637,content_492fbdf7dd94d598,71.44500540649733,STALE_HIGH_OPPORTUNITY,805,34.0
8638,content_0d345ad907021c6c,71.44500540649733,STALE_HIGH_OPPORTUNITY,805,34.0
8639,content_ee658b5954e5244b,71.44500540649733,STALE_HIGH_OPPORTUNITY,805,34.0
8640,content_6c3a331fc1f90651,71.44500540649733,STALE_HIGH_OPPORTUNITY,805,34.0
8641,content_7b16287a2486467e,71.44025337217407,STALE_HIGH_OPPORTUNITY,804,34.0
8642,content_2d610812cd460612,71.44025337217407,STALE_HIGH_OPPORTUNITY,804,34.0
8643,content_53c786d90b1c6080,71.44025337217407,STALE_HIGH_OPPORTUNITY,804,34.0
8644,content_f36e7084dfda0732,71.44025337217407,STALE_HIGH_OPPORTUNITY,804,34.0
8645,content_a76501e1641b8d48,71.4351845355626,STALE_HIGH_OPPORTUNITY,803,34.0
8646,content_4be1d1afa6a94183,71.4351845355626,STALE_HIGH_OPPORTUNITY,803,34.0
8647,content_5c66fe97264c3369,71.4351845355626,STALE_HIGH_OPPORTUNITY,803,34.0
8648,content_0bd9959ab58e6ab8,71.4351845355626,STALE_HIGH_OPPORTUNITY,803,34.0
8649,content_9f0a28a94b3ed425,71.4351845355626,STALE_HIGH_OPPORTUNITY,803,34.0
8650,content_4d8cd9ff3dc3895b,71.4351845355626,STALE_HIGH_OPPORTUNITY,803,34.0
8651,content_07066cdd4714a171,71.42821488522179,STALE_HIGH_OPPORTUNITY,802,34.0
8652,content_d74a0df58c3221f0,71.42821488522179,STALE_HIGH_OPPORTUNITY,802,34.0
8653,content_382bb9712d6d2655,71.42821488522179,STALE_HIGH_OPPORTUNITY,802,34.0
8654,content_21551231848446d9,71.42821488522179,STALE_HIGH_OPPORTUNITY,802,34.0
8655,content_9b2ebe5837d147b3,71.42821488522179,STALE_HIGH_OPPORTUNITY,802,34.0
8656,content_5703946d0683930f,71.42821488522179,STALE_HIGH_OPPORTUNITY,802,34.0
8657,content_86717b7c5fb969f6,71.42821488522179,STALE_HIGH_OPPORTUNITY,802,34.0
8658,content_05f86d5ee7c505b9,71.42821488522179,STALE_HIGH_OPPORTUNITY,802,34.0
8659,content_c689451cc4dae189,71.42813471749551,STALE_HIGH_OPPORTUNITY,74,113.0
8660,content_dbcf86da732c1482,71.42050602954184,STALE_HIGH_OPPORTUNITY,801,34.0
8661,content_2033e762daa4e41c,71.42050602954184,STALE_HIGH_OPPORTUNITY,801,34.0
8662,content_a86b34aee92b5016,71.42050602954184,STALE_HIGH_OPPORTUNITY,801,34.0
8663,content_c164c453ccccb7af,71.42050602954184,STALE_HIGH_OPPORTUNITY,801,34.0
8664,content_bec00967d7e8ddc5,71.42050602954184,STALE_HIGH_OPPORTUNITY,801,34.0
8665,content_0e819b8e8a55a555,71.42050602954184,STALE_HIGH_OPPORTUNITY,801,34.0
8666,content_6e02efe80c7ce1a4,71.41410480917027,STALE_HIGH_OPPORTUNITY,50,141.0
8667,content_399fc1c697a41bff,71.41321957691284,STALE_HIGH_OPPORTUNITY,800,34.0
8668,content_58bf6079531fb887,71.41321957691284,STALE_HIGH_OPPORTUNITY,800,34.0
8669,content_76920e3adacee593,71.41321957691284,STALE_HIGH_OPPORTUNITY,800,34.0
8670,content_03033d96c11d52f2,71.41321957691284,STALE_HIGH_OPPORTUNITY,800,34.0
8671,content_ec5291ce3c043355,71.41321957691284,STALE_HIGH_OPPORTUNITY,800,34.0
8672,content_ae7ef94bfb876af2,71.41321957691284,STALE_HIGH_OPPORTUNITY,800,34.0
8673,content_b5b3d7f338ff86d5,71.41321957691284,STALE_HIGH_OPPORTUNITY,800,34.0
8674,content_7054c1084e685943,71.40624992657203,STALE_HIGH_OPPORTUNITY,799,34.0
8675,content_fbb91a9e0c36e4a0,71.40624992657203,STALE_HIGH_OPPORTUNITY,799,34.0
8676,content_cc7c3e5c3432b321,71.40624992657203,STALE_HIGH_OPPORTUNITY,799,34.0
8677,content_348e35594e4c5aa5,71.40624992657203,STALE_HIGH_OPPORTUNITY,799,34.0
8678,content_2067e49de4842132,71.40624992657203,STALE_HIGH_OPPORTUNITY,799,34.0
8679,content_fbba2840fd0fb8a7,71.40624992657203,STALE_HIGH_OPPORTUNITY,799,34.0
8680,content_3d861fe7e2ff78f6,71.40624992657203,STALE_HIGH_OPPORTUNITY,799,34.0
8681,content_6d16126bccffd65d,71.39959707851946,STALE_HIGH_OPPORTUNITY,798,34.0
8682,content_67f9e3579939597e,71.39959707851946,STALE_HIGH_OPPORTUNITY,798,34.0
8683,content_f3c6a098274a2673,71.39959707851946,STALE_HIGH_OPPORTUNITY,798,34.0
8684,content_50998364127a1ccf,71.39959707851946,STALE_HIGH_OPPORTUNITY,798,34.0
8685,content_1d1ca4c445758b0d,71.39959707851946,STALE_HIGH_OPPORTUNITY,798,34.0
8686,content_8efc207caf82949f,71.39959707851946,STALE_HIGH_OPPORTUNITY,798,34.0
8687,content_4c039a884ed15bef,71.39959707851946,STALE_HIGH_OPPORTUNITY,798,34.0
8688,content_538b52a5922ff2e8,71.39336663351786,STALE_HIGH_OPPORTUNITY,797,34.0
8689,content_022686a434943333,71.39336663351786,STALE_HIGH_OPPORTUNITY,797,34.0
8690,content_62145d55092f8ece,71.39336663351786,STALE_HIGH_OPPORTUNITY,797,34.0
8691,content_c53d59c622cffb53,71.39336663351786,STALE_HIGH_OPPORTUNITY,797,34.0
8692,content_d9a681bb913e7826,71.39336663351786,STALE_HIGH_OPPORTUNITY,797,34.0
8693,content_ba4c376cac2558d4,71.39336663351786,STALE_HIGH_OPPORTUNITY,797,34.0
8694,content_c6d99c7c6a2021ec,71.38819219614363,STALE_HIGH_OPPORTUNITY,796,34.0
8695,content_0d6ee5c0f4d0d111,71.38819219614363,STALE_HIGH_OPPORTUNITY,796,34.0
8696,content_60a1acf8e356bd94,71.38819219614363,STALE_HIGH_OPPORTUNITY,796,34.0
8697,content_b53aade5a11371c2,71.38819219614363,STALE_HIGH_OPPORTUNITY,796,34.0
8698,content_035c2ac2e4978612,71.38819219614363,STALE_HIGH_OPPORTUNITY,796,34.0
8699,content_9af5c3feff36e5c0,71.38819219614363,STALE_HIGH_OPPORTUNITY,796,34.0
8700,content_02f615bf3bad331a,71.38291215800666,STALE_HIGH_OPPORTUNITY,795,34.0
8701,content_212e5c072ec64744,71.38291215800666,STALE_HIGH_OPPORTUNITY,795,34.0
8702,content_9493b22c3853419d,71.38291215800666,STALE_HIGH_OPPORTUNITY,795,34.0
8703,content_53410f84cf81ecac,71.38291215800666,STALE_HIGH_OPPORTUNITY,795,34.0
8704,content_8d8690b2ecf77990,71.38291215800666,STALE_HIGH_OPPORTUNITY,795,34.0
8705,content_37c7327ac5a8a422,71.38252725736388,STALE_HIGH_OPPORTUNITY,96,36.0
8706,content_3dae764933e179e3,71.37573130614041,STALE_HIGH_OPPORTUNITY,794,34.0
8707,content_273405c97032b44c,71.37573130614041,STALE_HIGH_OPPORTUNITY,794,34.0
8708,content_e503b96791737691,71.37573130614041,STALE_HIGH_OPPORTUNITY,794,34.0
8709,content_7b2eda920f9e5597,71.37573130614041,STALE_HIGH_OPPORTUNITY,794,34.0
8710,content_28b3baf11b49d3f7,71.37573130614041,STALE_HIGH_OPPORTUNITY,794,34.0
8711,content_09a8be3c6b5de03b,71.37573130614041,STALE_HIGH_OPPORTUNITY,794,34.0
8712,content_eb99ec9683d67ceb,71.37573130614041,STALE_HIGH_OPPORTUNITY,794,34.0
8713,content_6585438b5bad9f60,71.36897285732509,STALE_HIGH_OPPORTUNITY,793,34.0
8714,content_d99a2ff9dc536af9,71.36897285732509,STALE_HIGH_OPPORTUNITY,793,34.0
8715,content_f92354a2670f5a95,71.36897285732509,STALE_HIGH_OPPORTUNITY,793,34.0
8716,content_02cc8c45a7e0f3d3,71.36897285732509,STALE_HIGH_OPPORTUNITY,793,34.0
8717,content_ba80625d63877e5b,71.3630592146117,STALE_HIGH_OPPORTUNITY,792,34.0
8718,content_00d75b36ad9b007a,71.3630592146117,STALE_HIGH_OPPORTUNITY,792,34.0
8719,content_5939da18bf7693b1,71.3630592146117,STALE_HIGH_OPPORTUNITY,792,34.0
8720,content_ce80a1055e3d0804,71.3630592146117,STALE_HIGH_OPPORTUNITY,792,34.0
8721,content_b44cc586292ed87f,71.3630592146117,STALE_HIGH_OPPORTUNITY,792,34.0
8722,content_c3c06f18326057e3,71.3630592146117,STALE_HIGH_OPPORTUNITY,792,34.0
8723,content_9bb685099fadd1d2,71.35809597876295,STALE_HIGH_OPPORTUNITY,791,34.0
8724,content_cb0289b0ebcfcc88,71.35809597876295,STALE_HIGH_OPPORTUNITY,791,34.0
8725,content_5603581002dc35fb,71.35809597876295,STALE_HIGH_OPPORTUNITY,791,34.0
8726,content_db1e15ed004bba5b,71.35809597876295,STALE_HIGH_OPPORTUNITY,791,34.0
8727,content_76281193a8041654,71.35313274291421,STALE_HIGH_OPPORTUNITY,790,34.0
8728,content_a5095216600fe34f,71.35313274291421,STALE_HIGH_OPPORTUNITY,790,34.0
8729,content_ca4d46cea0b6b56b,71.35313274291421,STALE_HIGH_OPPORTUNITY,790,34.0
8730,content_0f129501a7149cf2,71.35313274291421,STALE_HIGH_OPPORTUNITY,790,34.0
8731,content_6495160cd7f8323e,71.35313274291421,STALE_HIGH_OPPORTUNITY,790,34.0
8732,content_867e5bc9da78fb5e,71.35313274291421,STALE_HIGH_OPPORTUNITY,790,34.0
8733,content_d9abc910dea71e86,71.35313274291421,STALE_HIGH_OPPORTUNITY,790,34.0
8734,content_c9be6d39b8a5d1a2,71.34690229791259,STALE_HIGH_OPPORTUNITY,789,34.0
8735,content_bb98f18da25c5b91,71.34690229791259,STALE_HIGH_OPPORTUNITY,789,34.0
8736,content_cbc748f5fbb4d2a1,71.34690229791259,STALE_HIGH_OPPORTUNITY,789,34.0
8737,content_d34b33cf3c248e16,71.34690229791259,STALE_HIGH_OPPORTUNITY,789,34.0
8738,content_55309cfe0bff5063,71.34690229791259,STALE_HIGH_OPPORTUNITY,789,34.0
8739,content_aeb40c5e4b6f8836,71.34690229791259,STALE_HIGH_OPPORTUNITY,789,34.0
8740,content_2b60e61b17be62b7,71.34552382591065,STALE_HIGH_OPPORTUNITY,68,131.0
8741,content_c899c9d26791806b,71.34077745367372,STALE_HIGH_OPPORTUNITY,788,34.0
8742,content_fff9efbcdf05936d,71.34077745367372,STALE_HIGH_OPPORTUNITY,788,34.0
8743,content_57daefb0ec6ca73e,71.34077745367372,STALE_HIGH_OPPORTUNITY,788,34.0
8744,content_fcbb7fe4a34ec8a2,71.34077745367372,STALE_HIGH_OPPORTUNITY,788,34.0
8745,content_ab42c2460690a735,71.34077745367372,STALE_HIGH_OPPORTUNITY,788,34.0
8746,content_58e59e29aba2ed3f,71.34077745367372,STALE_HIGH_OPPORTUNITY,788,34.0
8747,content_e76f097ebbdf134d,71.34077745367372,STALE_HIGH_OPPORTUNITY,788,34.0
8748,content_99f7ad236e92c289,71.34077745367372,STALE_HIGH_OPPORTUNITY,788,34.0
8749,content_8e9146d1c20ae064,71.33412460562116,STALE_HIGH_OPPORTUNITY,787,34.0
8750,content_de7b208b62a6e40a,71.33412460562116,STALE_HIGH_OPPORTUNITY,787,34.0
8751,content_2d1affc47a534937,71.33412460562116,STALE_HIGH_OPPORTUNITY,787,34.0
8752,content_15839404052fa121,71.33412460562116,STALE_HIGH_OPPORTUNITY,787,34.0
8753,content_6e1b9b77913220cd,71.33412460562116,STALE_HIGH_OPPORTUNITY,787,34.0
8754,content_b8c916841c892c87,71.33412460562116,STALE_HIGH_OPPORTUNITY,787,34.0
8755,content_2f0cc1640a87be06,71.33412460562116,STALE_HIGH_OPPORTUNITY,787,34.0
8756,content_e1b08e704eae89aa,71.33412460562116,STALE_HIGH_OPPORTUNITY,787,34.0
8757,content_8fe8bb22efe408ff,71.33412460562116,STALE_HIGH_OPPORTUNITY,787,34.0
8758,content_57f6044936a2c9fc,71.32662695146666,STALE_HIGH_OPPORTUNITY,786,34.0
8759,content_51bab584c660c6e4,71.32662695146666,STALE_HIGH_OPPORTUNITY,786,34.0
8760,content_93572e7f7493049a,71.32662695146666,STALE_HIGH_OPPORTUNITY,786,34.0
8761,content_1ab6468b04360e45,71.32662695146666,STALE_HIGH_OPPORTUNITY,786,34.0
8762,content_1ff4ebbb2f8a94a3,71.32662695146666,STALE_HIGH_OPPORTUNITY,786,34.0
8763,content_49af30358ffcfed6,71.32662695146666,STALE_HIGH_OPPORTUNITY,786,34.0
8764,content_ee812ce364842971,71.32007051576593,STALE_HIGH_OPPORTUNITY,21,264.0
8765,content_72229238100e25b1,71.3199741034141,STALE_HIGH_OPPORTUNITY,785,34.0
8766,content_3ea0448966afa37e,71.3199741034141,STALE_HIGH_OPPORTUNITY,785,34.0
8767,content_7c0f90e4eb08282e,71.3199741034141,STALE_HIGH_OPPORTUNITY,785,34.0
8768,content_5d8adbd543760c52,71.3199741034141,STALE_HIGH_OPPORTUNITY,785,34.0
8769,content_8df588d1ac692345,71.3199741034141,STALE_HIGH_OPPORTUNITY,785,34.0
8770,content_65fec70d14218b30,71.3199741034141,STALE_HIGH_OPPORTUNITY,785,34.0
8771,content_fec65c936845a46f,71.3199741034141,STALE_HIGH_OPPORTUNITY,785,34.0
8772,content_3eb5d04b59a85f2c,71.3199741034141,STALE_HIGH_OPPORTUNITY,785,34.0
8773,content_b7000aaec78e88fc,71.31479966603987,STALE_HIGH_OPPORTUNITY,784,34.0
8774,content_ffd618665244e5bc,71.31479966603987,STALE_HIGH_OPPORTUNITY,784,34.0
8775,content_1699e8e2fd1f4d19,71.31479966603987,STALE_HIGH_OPPORTUNITY,784,34.0
8776,content_e5329f71a8eedbf2,71.31479966603987,STALE_HIGH_OPPORTUNITY,784,34.0
8777,content_4573c1c340945c7b,71.31479966603987,STALE_HIGH_OPPORTUNITY,784,34.0
8778,content_36f9dcf597f86816,71.31479966603987,STALE_HIGH_OPPORTUNITY,784,34.0
8779,content_e4b646928fc2cb38,71.31479966603987,STALE_HIGH_OPPORTUNITY,784,34.0
8780,content_549e3155e9ceeff7,71.30994203095386,STALE_HIGH_OPPORTUNITY,783,34.0
8781,content_6c8379060aea1d85,71.30994203095386,STALE_HIGH_OPPORTUNITY,783,34.0
8782,content_c49817171010bdb8,71.30994203095386,STALE_HIGH_OPPORTUNITY,783,34.0
8783,content_1204684b9bd01041,71.30994203095386,STALE_HIGH_OPPORTUNITY,783,34.0
8784,content_55313941cbb954a8,71.30994203095386,STALE_HIGH_OPPORTUNITY,783,34.0
8785,content_f6bab441ba3e2ecb,71.30994203095386,STALE_HIGH_OPPORTUNITY,783,34.0
8786,content_c34150f52d79036e,71.30423958976594,STALE_HIGH_OPPORTUNITY,782,34.0
8787,content_b21e201f48bd628b,71.30423958976594,STALE_HIGH_OPPORTUNITY,782,34.0
8788,content_729d1b70e719cf77,71.30423958976594,STALE_HIGH_OPPORTUNITY,782,34.0
8789,content_8fef647bea435e68,71.30423958976594,STALE_HIGH_OPPORTUNITY,782,34.0
8790,content_4ff6372ab1840951,71.30423958976594,STALE_HIGH_OPPORTUNITY,782,34.0
8791,content_d1e2eaf014ea329e,71.30423958976594,STALE_HIGH_OPPORTUNITY,782,34.0
8792,content_8bed4bb7415df0f7,71.30407850554882,STALE_HIGH_OPPORTUNITY,33,191.0
8793,content_dafec26c42610e13,71.29726993942516,STALE_HIGH_OPPORTUNITY,781,34.0
8794,content_19013dacec6fe5db,71.29726993942516,STALE_HIGH_OPPORTUNITY,781,34.0
8795,content_efa0b93f73308430,71.29726993942516,STALE_HIGH_OPPORTUNITY,781,34.0
8796,content_80859705b2616aa1,71.29726993942516,STALE_HIGH_OPPORTUNITY,781,34.0
8797,content_187c867f015477f1,71.29726993942516,STALE_HIGH_OPPORTUNITY,781,34.0
8798,content_946449ee6da2c441,71.29726993942516,STALE_HIGH_OPPORTUNITY,781,34.0
8799,content_c6f054fdf1777493,71.29726993942516,STALE_HIGH_OPPORTUNITY,781,34.0
8800,content_3317a0980632d149,71.28977228527069,STALE_HIGH_OPPORTUNITY,780,34.0
8801,content_88b6788af9e08013,71.28977228527069,STALE_HIGH_OPPORTUNITY,780,34.0
8802,content_3ff5db9ccd3c6403,71.28977228527069,STALE_HIGH_OPPORTUNITY,780,34.0
8803,content_d1c5dfd2b6ef0850,71.28977228527069,STALE_HIGH_OPPORTUNITY,780,34.0
8804,content_ddb8898765b60f8c,71.28977228527069,STALE_HIGH_OPPORTUNITY,780,34.0
8805,content_aeb57ef2cc28de63,71.28977228527069,STALE_HIGH_OPPORTUNITY,780,34.0
8806,content_59dddde8905eb6af,71.2836474410318,STALE_HIGH_OPPORTUNITY,779,34.0
8807,content_8f584721627f3cdf,71.2836474410318,STALE_HIGH_OPPORTUNITY,779,34.0
8808,content_881cc0a6c547c734,71.2836474410318,STALE_HIGH_OPPORTUNITY,779,34.0
8809,content_0a4787fe176cb79e,71.28290257360628,STALE_HIGH_OPPORTUNITY,67,131.0
8810,content_e5cb3c8ce8e2fbac,71.27805060060662,STALE_HIGH_OPPORTUNITY,778,34.0
8811,content_fe9f66548908223f,71.27805060060662,STALE_HIGH_OPPORTUNITY,778,34.0
8812,content_3d1acf75a874adcc,71.27805060060662,STALE_HIGH_OPPORTUNITY,778,34.0
8813,content_65f9e6b0c0c1669a,71.27171455484228,STALE_HIGH_OPPORTUNITY,777,34.0
8814,content_8404eeb5beb46298,71.27171455484228,STALE_HIGH_OPPORTUNITY,777,34.0
8815,content_238515f87b15567d,71.27171455484228,STALE_HIGH_OPPORTUNITY,777,34.0
8816,content_c40c24aed54c2aec,71.27171455484228,STALE_HIGH_OPPORTUNITY,777,34.0
8817,content_df7338e0b837850a,71.27171455484228,STALE_HIGH_OPPORTUNITY,777,34.0
8818,content_a626bc3b90b0e9ba,71.27171455484228,STALE_HIGH_OPPORTUNITY,777,34.0
8819,content_2470ab00052e9cd6,71.2655897106034,STALE_HIGH_OPPORTUNITY,776,34.0
8820,content_dcb4b2e8175f6f0e,71.2655897106034,STALE_HIGH_OPPORTUNITY,776,34.0
8821,content_7632d6ef34c1739d,71.2655897106034,STALE_HIGH_OPPORTUNITY,776,34.0
8822,content_dd5365f591846617,71.2655897106034,STALE_HIGH_OPPORTUNITY,776,34.0
8823,content_a4c483e39bd8f598,71.2655897106034,STALE_HIGH_OPPORTUNITY,776,34.0
8824,content_518b7426db30d1b6,71.25946486636452,STALE_HIGH_OPPORTUNITY,775,34.0
8825,content_e7cda128c694e6ac,71.25946486636452,STALE_HIGH_OPPORTUNITY,775,34.0
8826,content_996fc8337a00a77f,71.25946486636452,STALE_HIGH_OPPORTUNITY,775,34.0
8827,content_7dfaeed7d9660514,71.25946486636452,STALE_HIGH_OPPORTUNITY,775,34.0
8828,content_a5b67df7aad28c7b,71.25946486636452,STALE_HIGH_OPPORTUNITY,775,34.0
8829,content_7ca48b98e84c4a74,71.25946486636452,STALE_HIGH_OPPORTUNITY,775,34.0
8830,content_cd525ca1f3ab568d,71.25946486636452,STALE_HIGH_OPPORTUNITY,775,34.0
8831,content_28f5e1bed89cdaad,71.25946486636452,STALE_HIGH_OPPORTUNITY,775,34.0
8832,content_09e3b0b8c4f126e0,71.25946486636452,STALE_HIGH_OPPORTUNITY,775,34.0
8833,content_bcba06ef7871f3cd,71.25946486636452,STALE_HIGH_OPPORTUNITY,775,34.0
8834,content_4834f1875198c9b3,71.25946486636452,STALE_HIGH_OPPORTUNITY,775,34.0
8835,content_88380a564494295f,71.25946486636452,STALE_HIGH_OPPORTUNITY,775,34.0
8836,content_e75bd58baccc382f,71.25750793807926,STALE_HIGH_OPPORTUNITY,75,81.0
8837,content_37952b007ab057b3,71.25344562288839,STALE_HIGH_OPPORTUNITY,774,34.0
8838,content_008d53ce661bff0f,71.25344562288839,STALE_HIGH_OPPORTUNITY,774,34.0
8839,content_4e20af18d887ee15,71.25344562288839,STALE_HIGH_OPPORTUNITY,774,34.0
8840,content_6acb137399460a6d,71.25344562288839,STALE_HIGH_OPPORTUNITY,774,34.0
8841,content_d18df9bf7bf9cd09,71.25344562288839,STALE_HIGH_OPPORTUNITY,774,34.0
8842,content_4d3640e858cb72f9,71.25344562288839,STALE_HIGH_OPPORTUNITY,774,34.0
8843,content_be8a7783f30b6875,71.25344562288839,STALE_HIGH_OPPORTUNITY,774,34.0
8844,content_001d298924369be9,71.25344562288839,STALE_HIGH_OPPORTUNITY,774,34.0
8845,content_65568e7c035d631f,71.25243004141652,STALE_HIGH_OPPORTUNITY,48,141.0
8846,content_c7c3ac6ff65e935f,71.24827118551417,STALE_HIGH_OPPORTUNITY,773,34.0
8847,content_0952f948e0c287ec,71.24827118551417,STALE_HIGH_OPPORTUNITY,773,34.0
8848,content_55bbea896bcc001e,71.24827118551417,STALE_HIGH_OPPORTUNITY,773,34.0
8849,content_135d1759617e8f2e,71.24330794966542,STALE_HIGH_OPPORTUNITY,772,34.0
8850,content_f3571e2b97b17b06,71.24330794966542,STALE_HIGH_OPPORTUNITY,772,34.0
8851,content_25bcb861d190eb61,71.24330794966542,STALE_HIGH_OPPORTUNITY,772,34.0
8852,content_4098d1d2db68a69a,71.24330794966542,STALE_HIGH_OPPORTUNITY,772,34.0
8853,content_5e095d705a3671d1,71.24330794966542,STALE_HIGH_OPPORTUNITY,772,34.0
8854,content_294bc2de987887d8,71.23602149703642,STALE_HIGH_OPPORTUNITY,771,34.0
8855,content_d3320e18f219538b,71.23602149703642,STALE_HIGH_OPPORTUNITY,771,34.0
8856,content_faf87f17bc707024,71.23602149703642,STALE_HIGH_OPPORTUNITY,771,34.0
8857,content_8ec271640c65e15e,71.23602149703642,STALE_HIGH_OPPORTUNITY,771,34.0
8858,content_9d9713f2a48067c8,71.23602149703642,STALE_HIGH_OPPORTUNITY,771,34.0
8859,content_24a30bd1266dbe56,71.23602149703642,STALE_HIGH_OPPORTUNITY,771,34.0
8860,content_3fbafb5868303717,71.22936864898384,STALE_HIGH_OPPORTUNITY,770,34.0
8861,content_275bf675b73d5125,71.22936864898384,STALE_HIGH_OPPORTUNITY,770,34.0
8862,content_6fe3c4602c5d00f6,71.22936864898384,STALE_HIGH_OPPORTUNITY,770,34.0
8863,content_11789763d6d348a6,71.22433417353488,STALE_HIGH_OPPORTUNITY,22,235.0
8864,content_9285cc335bd87cb0,71.22429981237235,STALE_HIGH_OPPORTUNITY,769,34.0
8865,content_a2d09498473d09a8,71.22429981237235,STALE_HIGH_OPPORTUNITY,769,34.0
8866,content_44037acd4ee5cb12,71.22429981237235,STALE_HIGH_OPPORTUNITY,769,34.0
8867,content_19244985934a4d63,71.22429981237235,STALE_HIGH_OPPORTUNITY,769,34.0
8868,content_ea4fb26f406709e0,71.22429981237235,STALE_HIGH_OPPORTUNITY,769,34.0
8869,content_f5ca1aaa02b21c9a,71.22429981237235,STALE_HIGH_OPPORTUNITY,769,34.0
8870,content_0121e3b08c527872,71.22429981237235,STALE_HIGH_OPPORTUNITY,769,34.0
8871,content_24d1d96c3c37aad9,71.22429981237235,STALE_HIGH_OPPORTUNITY,769,34.0
8872,content_a42120cce53613e9,71.22429981237235,STALE_HIGH_OPPORTUNITY,769,34.0
8873,content_b06e4b13a14c9bb8,71.22429981237235,STALE_HIGH_OPPORTUNITY,769,34.0
8874,content_acf766c4bf9aaada,71.21806936737075,STALE_HIGH_OPPORTUNITY,768,34.0
8875,content_5ea2634b5dc47422,71.21806936737075,STALE_HIGH_OPPORTUNITY,768,34.0
8876,content_0afb8b8cb19656d5,71.21806936737075,STALE_HIGH_OPPORTUNITY,768,34.0
8877,content_9e39470f54d494c0,71.21806936737075,STALE_HIGH_OPPORTUNITY,768,34.0
8878,content_a94e364e73569e51,71.21806936737075,STALE_HIGH_OPPORTUNITY,768,34.0
8879,content_98f29ba1fb293a07,71.21732449994522,STALE_HIGH_OPPORTUNITY,66,131.0
8880,content_fa0a9846d29dca5d,71.2117333216064,STALE_HIGH_OPPORTUNITY,767,34.0
8881,content_71aa4a09c04db542,71.2117333216064,STALE_HIGH_OPPORTUNITY,767,34.0
8882,content_1172377ad13b57ee,71.2117333216064,STALE_HIGH_OPPORTUNITY,767,34.0
8883,content_9db86687a57460ca,71.2117333216064,STALE_HIGH_OPPORTUNITY,767,34.0
8884,content_4323d9adb8fe8d22,71.20423566745191,STALE_HIGH_OPPORTUNITY,766,34.0
8885,content_71921525f1da39f2,71.20423566745191,STALE_HIGH_OPPORTUNITY,766,34.0
8886,content_2d8b0996fcd58b8a,71.20423566745191,STALE_HIGH_OPPORTUNITY,766,34.0
8887,content_b6fc085696099854,71.20423566745191,STALE_HIGH_OPPORTUNITY,766,34.0
8888,content_c6be2ab9d3476d74,71.20423566745191,STALE_HIGH_OPPORTUNITY,766,34.0
8889,content_8160d6e88b398b43,71.20423566745191,STALE_HIGH_OPPORTUNITY,766,34.0
8890,content_21e7efdafd5e2286,71.20423566745191,STALE_HIGH_OPPORTUNITY,766,34.0
8891,content_c98a14503dd635b4,71.19642121100921,STALE_HIGH_OPPORTUNITY,765,34.0
8892,content_e3b2d64127a0d8ad,71.19642121100921,STALE_HIGH_OPPORTUNITY,765,34.0
8893,content_00d7726bf7e63be7,71.19642121100921,STALE_HIGH_OPPORTUNITY,765,34.0
8894,content_08a688dcfebca65f,71.19642121100921,STALE_HIGH_OPPORTUNITY,765,34.0
8895,content_7909408218e0d77d,71.19642121100921,STALE_HIGH_OPPORTUNITY,765,34.0
8896,content_cfddb21db1c44431,71.19642121100921,STALE_HIGH_OPPORTUNITY,765,34.0
8897,content_6703314995162534,71.19092997134676,STALE_HIGH_OPPORTUNITY,764,34.0
8898,content_e5d8e2cfc1deb08c,71.19092997134676,STALE_HIGH_OPPORTUNITY,764,34.0
8899,content_37f105be820c4cc3,71.1852529631953,STALE_HIGH_OPPORTUNITY,70,113.0
8900,content_9d9cc3fd19af7729,71.18522753015884,STALE_HIGH_OPPORTUNITY,763,34.0
8901,content_8b6deea540c5f684,71.18522753015884,STALE_HIGH_OPPORTUNITY,763,34.0
8902,content_d3a853a6f4d57cc2,71.18522753015884,STALE_HIGH_OPPORTUNITY,763,34.0
8903,content_f31125f367e9d87e,71.1783634805808,STALE_HIGH_OPPORTUNITY,762,34.0
8904,content_e2f8790fe6ea637e,71.1783634805808,STALE_HIGH_OPPORTUNITY,762,34.0
8905,content_0021f4776eaf9316,71.1783634805808,STALE_HIGH_OPPORTUNITY,762,34.0
8906,content_4ca17424bb2e43ff,71.1783634805808,STALE_HIGH_OPPORTUNITY,762,34.0
8907,content_b9cdd6910c8ac2ff,71.1783634805808,STALE_HIGH_OPPORTUNITY,762,34.0
8908,content_b77e1b436ad3a9ae,71.1783634805808,STALE_HIGH_OPPORTUNITY,762,34.0
8909,content_50a9f4dabdcd70d2,71.1783634805808,STALE_HIGH_OPPORTUNITY,762,34.0
8910,content_ea4d8b11f724bab8,71.17269854180104,STALE_HIGH_OPPORTUNITY,92,36.0
8911,content_0095d4e606612cbf,71.17171063252823,STALE_HIGH_OPPORTUNITY,761,34.0
8912,content_44f25093fa835a1d,71.17171063252823,STALE_HIGH_OPPORTUNITY,761,34.0
8913,content_0cc044cf74c3d889,71.17171063252823,STALE_HIGH_OPPORTUNITY,761,34.0
8914,content_aba48ab0b6243519,71.17171063252823,STALE_HIGH_OPPORTUNITY,761,34.0
8915,content_7bcb12b843a38cfd,71.17171063252823,STALE_HIGH_OPPORTUNITY,761,34.0
8916,content_51d0053c62f27f2f,71.17171063252823,STALE_HIGH_OPPORTUNITY,761,34.0
8917,content_5607b04537133832,71.17171063252823,STALE_HIGH_OPPORTUNITY,761,34.0
8918,content_9312767964bb018c,71.17171063252823,STALE_HIGH_OPPORTUNITY,761,34.0
8919,content_b49971c393b5158d,71.17171063252823,STALE_HIGH_OPPORTUNITY,761,34.0
8920,content_c9b1f807ba6904e5,71.16452978066195,STALE_HIGH_OPPORTUNITY,760,34.0
8921,content_02f299a1d1581a38,71.16452978066195,STALE_HIGH_OPPORTUNITY,760,34.0
8922,content_e0240c7ed943a357,71.16452978066195,STALE_HIGH_OPPORTUNITY,760,34.0
8923,content_f2c3395df87836fa,71.16452978066195,STALE_HIGH_OPPORTUNITY,760,34.0
8924,content_cfcb266900ee25f6,71.16452978066195,STALE_HIGH_OPPORTUNITY,760,34.0
8925,content_b46485e2a4dc87a0,71.16452978066195,STALE_HIGH_OPPORTUNITY,760,34.0
8926,content_dbddcf30a24092b1,71.16452978066195,STALE_HIGH_OPPORTUNITY,760,34.0
8927,content_c6ade3ce24d006cf,71.16452978066195,STALE_HIGH_OPPORTUNITY,760,34.0
8928,content_31a20a68a15ddfe4,71.16452978066195,STALE_HIGH_OPPORTUNITY,760,34.0
8929,content_c951500c353baa7b,71.16452978066195,STALE_HIGH_OPPORTUNITY,760,34.0
8930,content_ce5818a5d55f1458,71.15756013032117,STALE_HIGH_OPPORTUNITY,759,34.0
8931,content_8754bda5e6dd78a1,71.15756013032117,STALE_HIGH_OPPORTUNITY,759,34.0
8932,content_9faa44e5c718c25f,71.15756013032117,STALE_HIGH_OPPORTUNITY,759,34.0
8933,content_df4b28b169db462c,71.15756013032117,STALE_HIGH_OPPORTUNITY,759,34.0
8934,content_f7ba7adada33c13c,71.15756013032117,STALE_HIGH_OPPORTUNITY,759,34.0
8935,content_a570610325a17573,71.15756013032117,STALE_HIGH_OPPORTUNITY,759,34.0
8936,content_a5486b750fd2600c,71.15756013032117,STALE_HIGH_OPPORTUNITY,759,34.0
8937,content_d8ad4c96ef785ad1,71.15756013032117,STALE_HIGH_OPPORTUNITY,759,34.0
8938,content_eb086a1183500daf,71.15027367769216,STALE_HIGH_OPPORTUNITY,758,34.0
8939,content_62ce7bfd3e86a105,71.15027367769216,STALE_HIGH_OPPORTUNITY,758,34.0
8940,content_a0505b1bc06e61ca,71.15027367769216,STALE_HIGH_OPPORTUNITY,758,34.0
8941,content_174b6a6c488ce5ff,71.15027367769216,STALE_HIGH_OPPORTUNITY,758,34.0
8942,content_e2f4c47b98e663ab,71.15027367769216,STALE_HIGH_OPPORTUNITY,758,34.0
8943,content_0a692024c32e047e,71.15027367769216,STALE_HIGH_OPPORTUNITY,758,34.0
8944,content_547278cb2559df2c,71.15027367769216,STALE_HIGH_OPPORTUNITY,758,34.0
8945,content_95f3465a1b216f57,71.15027367769216,STALE_HIGH_OPPORTUNITY,758,34.0
8946,content_953377c51dada952,71.15027367769216,STALE_HIGH_OPPORTUNITY,758,34.0
8947,content_cd1b793d07002c3b,71.15027367769216,STALE_HIGH_OPPORTUNITY,758,34.0
8948,content_e00de390e1f0e584,71.15027367769216,STALE_HIGH_OPPORTUNITY,758,34.0
8949,content_1c21b74e5b43c138,71.14910640721568,STALE_HIGH_OPPORTUNITY,65,131.0
8950,content_0ce8c917a7e5cfe1,71.1430928258259,STALE_HIGH_OPPORTUNITY,757,34.0
8951,content_2ccd7a9abc3d5704,71.1430928258259,STALE_HIGH_OPPORTUNITY,757,34.0
8952,content_d6e20697cc3772db,71.1430928258259,STALE_HIGH_OPPORTUNITY,757,34.0
8953,content_da4583b052c6717f,71.1430928258259,STALE_HIGH_OPPORTUNITY,757,34.0
8954,content_f4c882f8237f5e50,71.1430928258259,STALE_HIGH_OPPORTUNITY,757,34.0
8955,content_6caad6cd4861af11,71.1430928258259,STALE_HIGH_OPPORTUNITY,757,34.0
8956,content_c553781e6aaaba3b,71.1430928258259,STALE_HIGH_OPPORTUNITY,757,34.0
8957,content_58cbe33f6287960d,71.1430928258259,STALE_HIGH_OPPORTUNITY,757,34.0
8958,content_e0f2b72a7e274cc7,71.1363343770106,STALE_HIGH_OPPORTUNITY,756,34.0
8959,content_520a676879ceaba7,71.1363343770106,STALE_HIGH_OPPORTUNITY,756,34.0
8960,content_35ae1d3cb0eab58f,71.1363343770106,STALE_HIGH_OPPORTUNITY,756,34.0
8961,content_d399d868befb53ce,71.1363343770106,STALE_HIGH_OPPORTUNITY,756,34.0
8962,content_2aea55a02364c8ab,71.1363343770106,STALE_HIGH_OPPORTUNITY,756,34.0
8963,content_6de2ba5237477210,71.1363343770106,STALE_HIGH_OPPORTUNITY,756,34.0
8964,content_1964a679db9300d1,71.1363343770106,STALE_HIGH_OPPORTUNITY,756,34.0
8965,content_07a0ae9a08485b2e,71.12968152895802,STALE_HIGH_OPPORTUNITY,755,34.0
8966,content_abe1cae0462e130f,71.12968152895802,STALE_HIGH_OPPORTUNITY,755,34.0
8967,content_66bdcf8eb4b531b4,71.12968152895802,STALE_HIGH_OPPORTUNITY,755,34.0
8968,content_39bb6a0eb51928f6,71.12968152895802,STALE_HIGH_OPPORTUNITY,755,34.0
8969,content_112f990339cc3cec,71.12323988243092,STALE_HIGH_OPPORTUNITY,754,34.0
8970,content_dcc6931656ed546b,71.12323988243092,STALE_HIGH_OPPORTUNITY,754,34.0
8971,content_bbb23e9b149a90f2,71.12323988243092,STALE_HIGH_OPPORTUNITY,754,34.0
8972,content_1c18d23c60f8764b,71.12323988243092,STALE_HIGH_OPPORTUNITY,754,34.0
8973,content_31d9d6cb021ffa60,71.12323988243092,STALE_HIGH_OPPORTUNITY,754,34.0
8974,content_fd082d776470b25f,71.12323988243092,STALE_HIGH_OPPORTUNITY,754,34.0
8975,content_c664f985c4bd6833,71.12323988243092,STALE_HIGH_OPPORTUNITY,754,34.0
8976,content_87eaf2c25a372859,71.12323988243092,STALE_HIGH_OPPORTUNITY,754,34.0
8977,content_16809b04816692dc,71.12323988243092,STALE_HIGH_OPPORTUNITY,754,34.0
8978,content_b97da53b73ea3be9,71.12323988243092,STALE_HIGH_OPPORTUNITY,754,34.0
8979,content_147dd73bb1f671a3,71.12210370707724,STALE_HIGH_OPPORTUNITY,69,113.0
8980,content_f7e07ad83dd081e9,71.11584782903918,STALE_HIGH_OPPORTUNITY,753,34.0
8981,content_cf2bd45872a9fefd,71.11584782903918,STALE_HIGH_OPPORTUNITY,753,34.0
8982,content_fe636ef0d6d5caf9,71.11584782903918,STALE_HIGH_OPPORTUNITY,753,34.0
8983,content_bd4ca8c7114d2fab,71.11584782903918,STALE_HIGH_OPPORTUNITY,753,34.0
8984,content_b6b01f28be774f7e,71.11584782903918,STALE_HIGH_OPPORTUNITY,753,34.0
8985,content_71e2c7064da59ff0,71.11584782903918,STALE_HIGH_OPPORTUNITY,753,34.0
8986,content_9704b3d31387b00d,71.11584782903918,STALE_HIGH_OPPORTUNITY,753,34.0
8987,content_668c7096a6961e52,71.11584782903918,STALE_HIGH_OPPORTUNITY,753,34.0
8988,content_728282d32e79dee5,71.10988873988212,STALE_HIGH_OPPORTUNITY,24,231.0
8989,content_7c95e9657b0318d2,71.10761096954552,STALE_HIGH_OPPORTUNITY,752,34.0
8990,content_7d501e2f7c168bfc,71.10761096954552,STALE_HIGH_OPPORTUNITY,752,34.0
8991,content_f8861f35af7af388,71.10761096954552,STALE_HIGH_OPPORTUNITY,752,34.0
8992,content_58b82c5d18c8eb86,71.10761096954552,STALE_HIGH_OPPORTUNITY,752,34.0
8993,content_7231d0f241945b89,71.10761096954552,STALE_HIGH_OPPORTUNITY,752,34.0
8994,content_e2615b2ed3f330a7,71.10761096954552,STALE_HIGH_OPPORTUNITY,752,34.0
8995,content_b8b0d082e471fddf,71.10761096954552,STALE_HIGH_OPPORTUNITY,752,34.0
8996,content_18ecddf17667b4dc,71.10761096954552,STALE_HIGH_OPPORTUNITY,752,34.0
8997,content_42699049cb66dd03,71.10074691996746,STALE_HIGH_OPPORTUNITY,751,34.0
8998,content_295d8c620dd20384,71.10074691996746,STALE_HIGH_OPPORTUNITY,751,34.0
8999,content_dc5173a4a0a4024f,71.10074691996746,STALE_HIGH_OPPORTUNITY,751,34.0
9000,content_b6e30ffc9a5f3090,71.10074691996746,STALE_HIGH_OPPORTUNITY,751,34.0
9001,content_d238aad8a5e76f59,71.09504447877954,STALE_HIGH_OPPORTUNITY,750,34.0
9002,content_0d1b02ea18a0f1b8,71.09504447877954,STALE_HIGH_OPPORTUNITY,750,34.0
9003,content_db5d49fc6b53767b,71.09504447877954,STALE_HIGH_OPPORTUNITY,750,34.0
9004,content_2c4b50a997f7d7c2,71.09504447877954,STALE_HIGH_OPPORTUNITY,750,34.0
9005,content_b39b7bc4b9a7db7e,71.08786362691328,STALE_HIGH_OPPORTUNITY,749,34.0
9006,content_c5344750547d8766,71.08786362691328,STALE_HIGH_OPPORTUNITY,749,34.0
9007,content_2f2e67854c00ffa0,71.08786362691328,STALE_HIGH_OPPORTUNITY,749,34.0
9008,content_de3c547dd32cf70c,71.08786362691328,STALE_HIGH_OPPORTUNITY,749,34.0
9009,content_7db315971d0cabd9,71.08786362691328,STALE_HIGH_OPPORTUNITY,749,34.0
9010,content_a0cf3d45c5df1cd5,71.08786362691328,STALE_HIGH_OPPORTUNITY,749,34.0
9011,content_bd1b063949c0f1ec,71.08786362691328,STALE_HIGH_OPPORTUNITY,749,34.0
9012,content_94c712a5496cd5c2,71.08786362691328,STALE_HIGH_OPPORTUNITY,749,34.0
9013,content_4ad36c620d765edf,71.08004917047057,STALE_HIGH_OPPORTUNITY,748,34.0
9014,content_614b3a170c71c56e,71.08004917047057,STALE_HIGH_OPPORTUNITY,748,34.0
9015,content_f00c61792ae7de8b,71.08004917047057,STALE_HIGH_OPPORTUNITY,748,34.0
9016,content_d9e43e920b5a4eec,71.08004917047057,STALE_HIGH_OPPORTUNITY,748,34.0
9017,content_07514f6f56b7a267,71.08004917047057,STALE_HIGH_OPPORTUNITY,748,34.0
9018,content_efb95295e816d417,71.08004917047057,STALE_HIGH_OPPORTUNITY,748,34.0
9019,content_eeb101d4b4eda3fa,71.08004917047057,STALE_HIGH_OPPORTUNITY,748,34.0
9020,content_8cbeb75ed515655b,71.08004917047057,STALE_HIGH_OPPORTUNITY,748,34.0
9021,content_51f876b06c60a67c,71.08004917047057,STALE_HIGH_OPPORTUNITY,748,34.0
9022,content_e089e706e03c7f73,71.08004917047057,STALE_HIGH_OPPORTUNITY,748,34.0
9023,content_8b55caba802cf798,71.08004917047057,STALE_HIGH_OPPORTUNITY,748,34.0
9024,content_c96e7119f3448c0d,71.08004917047057,STALE_HIGH_OPPORTUNITY,748,34.0
9025,content_75c7097b710a2aea,71.08004917047057,STALE_HIGH_OPPORTUNITY,748,34.0
9026,content_690e1d4101b2fbce,71.07766077908309,STALE_HIGH_OPPORTUNITY,46,141.0
9027,content_ab99f3849fd069cb,71.0720235125024,STALE_HIGH_OPPORTUNITY,747,34.0
9028,content_b7d396329f1e4c69,71.0720235125024,STALE_HIGH_OPPORTUNITY,747,34.0
9029,content_d6fff72a83a4aae8,71.0720235125024,STALE_HIGH_OPPORTUNITY,747,34.0
9030,content_f9c8dc7b1a0e93de,71.0720235125024,STALE_HIGH_OPPORTUNITY,747,34.0
9031,content_7bbf03ee216ce806,71.0720235125024,STALE_HIGH_OPPORTUNITY,747,34.0
9032,content_cb60766f787afb45,71.0720235125024,STALE_HIGH_OPPORTUNITY,747,34.0
9033,content_ca54b759e3e84e92,71.0720235125024,STALE_HIGH_OPPORTUNITY,747,34.0
9034,content_8af4e3af91438304,71.06505386216162,STALE_HIGH_OPPORTUNITY,746,34.0
9035,content_b4016f85ba0be912,71.06505386216162,STALE_HIGH_OPPORTUNITY,746,34.0
9036,content_3bfae6cbb8a559a2,71.06505386216162,STALE_HIGH_OPPORTUNITY,746,34.0
9037,content_d1ca3996304b4388,71.06505386216162,STALE_HIGH_OPPORTUNITY,746,34.0
9038,content_a1e0cc7e83028157,71.06308495007772,STALE_HIGH_OPPORTUNITY,90,36.0
9039,content_4e9dfc4840c482a5,71.06308495007772,STALE_HIGH_OPPORTUNITY,90,36.0
9040,content_9715fb7b56c5fecd,71.05914021944821,STALE_HIGH_OPPORTUNITY,745,34.0
9041,content_92c8e5e4d3b45074,71.05914021944821,STALE_HIGH_OPPORTUNITY,745,34.0
9042,content_44dd46a60f428977,71.05914021944821,STALE_HIGH_OPPORTUNITY,745,34.0
9043,content_4ffeaaf6a24e527c,71.05914021944821,STALE_HIGH_OPPORTUNITY,745,34.0
9044,content_694a23b322c406a0,71.05914021944821,STALE_HIGH_OPPORTUNITY,745,34.0
9045,content_add4de720adf89c9,71.05914021944821,STALE_HIGH_OPPORTUNITY,745,34.0
9046,content_e3a2bc506b11a153,71.05914021944821,STALE_HIGH_OPPORTUNITY,745,34.0
9047,content_6af88efbf8e3d16b,71.05280417368385,STALE_HIGH_OPPORTUNITY,744,34.0
9048,content_351b2bc6e3b4d13d,71.05280417368385,STALE_HIGH_OPPORTUNITY,744,34.0
9049,content_099c4b419a4010d0,71.05280417368385,STALE_HIGH_OPPORTUNITY,744,34.0
9050,content_22fde3dc3f079be9,71.05280417368385,STALE_HIGH_OPPORTUNITY,744,34.0
9051,content_aef618dfcbddda93,71.05280417368385,STALE_HIGH_OPPORTUNITY,744,34.0
9052,content_7935d10033abc03a,71.05280417368385,STALE_HIGH_OPPORTUNITY,744,34.0
9053,content_d53c57338dbbdfb1,71.05051402733864,STALE_HIGH_OPPORTUNITY,94,35.0
9054,content_513f4051125372ea,71.04530651952938,STALE_HIGH_OPPORTUNITY,743,34.0
9055,content_147a59f363a03d40,71.04530651952938,STALE_HIGH_OPPORTUNITY,743,34.0
9056,content_d88c64e301cd78a3,71.04530651952938,STALE_HIGH_OPPORTUNITY,743,34.0
9057,content_b970c777f46eab64,71.04530651952938,STALE_HIGH_OPPORTUNITY,743,34.0
9058,content_35c8844e8a2bd716,71.04530651952938,STALE_HIGH_OPPORTUNITY,743,34.0
9059,content_d25351baa0fbc7b3,71.04530651952938,STALE_HIGH_OPPORTUNITY,743,34.0
9060,content_659c8af08f43aaed,71.04530651952938,STALE_HIGH_OPPORTUNITY,743,34.0
9061,content_d4d6ce694cda27e5,71.04530651952938,STALE_HIGH_OPPORTUNITY,743,34.0
9062,content_a42fc05075fb29c6,71.04530651952938,STALE_HIGH_OPPORTUNITY,743,34.0
9063,content_b5a280064dc8f724,71.04530651952938,STALE_HIGH_OPPORTUNITY,743,34.0
9064,content_f6469490f0b6580e,71.03833686918858,STALE_HIGH_OPPORTUNITY,742,34.0
9065,content_748eb9731f23c944,71.03833686918858,STALE_HIGH_OPPORTUNITY,742,34.0
9066,content_95c385c678b028b1,71.03833686918858,STALE_HIGH_OPPORTUNITY,742,34.0
9067,content_5882f220abb6f818,71.03833686918858,STALE_HIGH_OPPORTUNITY,742,34.0
9068,content_715115520f75ab47,71.03833686918858,STALE_HIGH_OPPORTUNITY,742,34.0
9069,content_63d838952a5e1ec8,71.03833686918858,STALE_HIGH_OPPORTUNITY,742,34.0
9070,content_0bdb0aae0d4daaab,71.03833686918858,STALE_HIGH_OPPORTUNITY,742,34.0
9071,content_0aedc2a5a5cce563,71.03833686918858,STALE_HIGH_OPPORTUNITY,742,34.0
9072,content_37a337d4cf37314f,71.03242322647519,STALE_HIGH_OPPORTUNITY,741,34.0
9073,content_bbd5b0f9b82efb12,71.03242322647519,STALE_HIGH_OPPORTUNITY,741,34.0
9074,content_da4dbc172fe0c2dd,71.03242322647519,STALE_HIGH_OPPORTUNITY,741,34.0
9075,content_5ab910a400afa5ce,71.03242322647519,STALE_HIGH_OPPORTUNITY,741,34.0
9076,content_d831ff8ffeb18992,71.03242322647519,STALE_HIGH_OPPORTUNITY,741,34.0
9077,content_8e9547a3aa2c8002,71.0254535761344,STALE_HIGH_OPPORTUNITY,740,34.0
9078,content_0c61d4fc312b1ad7,71.0254535761344,STALE_HIGH_OPPORTUNITY,740,34.0
9079,content_25db1d7911a91177,71.0254535761344,STALE_HIGH_OPPORTUNITY,740,34.0
9080,content_a94d1b30757f4813,71.0254535761344,STALE_HIGH_OPPORTUNITY,740,34.0
9081,content_8157a236f7b2547f,71.0254535761344,STALE_HIGH_OPPORTUNITY,740,34.0
9082,content_4419ee6db2773cb4,71.0254535761344,STALE_HIGH_OPPORTUNITY,740,34.0
9083,content_8d8918a6047e08b5,71.0254535761344,STALE_HIGH_OPPORTUNITY,740,34.0
9084,content_c6c0774a3cb54722,71.0254535761344,STALE_HIGH_OPPORTUNITY,740,34.0
9085,content_5029ae8772518601,71.01763911969171,STALE_HIGH_OPPORTUNITY,739,34.0
9086,content_fd549c600874294a,71.01763911969171,STALE_HIGH_OPPORTUNITY,739,34.0
9087,content_c9bd43de963ff7a3,71.01763911969171,STALE_HIGH_OPPORTUNITY,739,34.0
9088,content_76388640718bd4b9,71.01763911969171,STALE_HIGH_OPPORTUNITY,739,34.0
9089,content_3efc919cb3650015,71.01763911969171,STALE_HIGH_OPPORTUNITY,739,34.0
9090,content_ed39d46018e09228,71.01763911969171,STALE_HIGH_OPPORTUNITY,739,34.0
9091,content_657b3548e440836f,71.01763911969171,STALE_HIGH_OPPORTUNITY,739,34.0
9092,content_293a45277a14dcf7,71.01763911969171,STALE_HIGH_OPPORTUNITY,739,34.0
9093,content_0140415629d2068f,71.01763911969171,STALE_HIGH_OPPORTUNITY,739,34.0
9094,content_7647c319998f5ca3,71.00961346172352,STALE_HIGH_OPPORTUNITY,738,34.0
9095,content_684ce25a0571462b,71.00961346172352,STALE_HIGH_OPPORTUNITY,738,34.0
9096,content_468d0cd27750a208,71.00961346172352,STALE_HIGH_OPPORTUNITY,738,34.0
9097,content_cabef45a54e89e7c,71.00961346172352,STALE_HIGH_OPPORTUNITY,738,34.0
9098,content_427318dc776e58f0,71.00961346172352,STALE_HIGH_OPPORTUNITY,738,34.0
9099,content_be56872639aea485,71.00961346172352,STALE_HIGH_OPPORTUNITY,738,34.0
9100,content_94cfc8abd734d5d3,71.00961346172352,STALE_HIGH_OPPORTUNITY,738,34.0
9101,content_8e82a9589464007a,71.00961346172352,STALE_HIGH_OPPORTUNITY,738,34.0
9102,content_70789536109a7a3b,71.00961346172352,STALE_HIGH_OPPORTUNITY,738,34.0
9103,content_e89ec60bc0b8e983,71.00961346172352,STALE_HIGH_OPPORTUNITY,738,34.0
9104,content_c3388fdc400d3151,71.00961346172352,STALE_HIGH_OPPORTUNITY,738,34.0
9105,content_f597a0eb1c106b6d,71.00961346172352,STALE_HIGH_OPPORTUNITY,738,34.0
9106,content_fcf7b9bd4520cee8,71.00190460604355,STALE_HIGH_OPPORTUNITY,737,34.0
9107,content_7dcba7773837a9a3,71.00190460604355,STALE_HIGH_OPPORTUNITY,737,34.0
9108,content_90a6d616f1c736a2,71.00190460604355,STALE_HIGH_OPPORTUNITY,737,34.0
9109,content_58979b102d951ffd,71.00190460604355,STALE_HIGH_OPPORTUNITY,737,34.0
9110,content_f25069942e7c75a1,71.00190460604355,STALE_HIGH_OPPORTUNITY,737,34.0
9111,content_dae1c4c30cc916fa,71.00190460604355,STALE_HIGH_OPPORTUNITY,737,34.0
9112,content_1d177a6b53412dbf,70.99398454883811,STALE_HIGH_OPPORTUNITY,736,34.0
9113,content_389443ea951d09a7,70.99398454883811,STALE_HIGH_OPPORTUNITY,736,34.0
9114,content_1124933c18c13948,70.99398454883811,STALE_HIGH_OPPORTUNITY,736,34.0
9115,content_5fa59067c954ccac,70.99398454883811,STALE_HIGH_OPPORTUNITY,736,34.0
9116,content_c36d5fefda138058,70.99398454883811,STALE_HIGH_OPPORTUNITY,736,34.0
9117,content_c1c29f561e34ea89,70.99398454883811,STALE_HIGH_OPPORTUNITY,736,34.0
9118,content_6e3e8beccb049be3,70.99398454883811,STALE_HIGH_OPPORTUNITY,736,34.0
9119,content_825e10041df14171,70.99398454883811,STALE_HIGH_OPPORTUNITY,736,34.0
9120,content_236f136f06d1fc2a,70.9853252862935,STALE_HIGH_OPPORTUNITY,735,34.0
9121,content_ea5814354014eee9,70.9853252862935,STALE_HIGH_OPPORTUNITY,735,34.0
9122,content_2d6078d9a9e63eeb,70.9853252862935,STALE_HIGH_OPPORTUNITY,735,34.0
9123,content_9f3cf1bb49b5a509,70.9853252862935,STALE_HIGH_OPPORTUNITY,735,34.0
9124,content_b5022f2c8e605889,70.9853252862935,STALE_HIGH_OPPORTUNITY,735,34.0
9125,content_66ea04a4cc3c4ed0,70.9853252862935,STALE_HIGH_OPPORTUNITY,735,34.0
9126,content_a3b4e46e08fb9349,70.9853252862935,STALE_HIGH_OPPORTUNITY,735,34.0
9127,content_eb9e878fb5af706a,70.9853252862935,STALE_HIGH_OPPORTUNITY,735,34.0
9128,content_bc4e91f7110beed3,70.9853252862935,STALE_HIGH_OPPORTUNITY,735,34.0
9129,content_964d944882b7f0ea,70.9853252862935,STALE_HIGH_OPPORTUNITY,735,34.0
9130,content_c506a8da62a1ab0a,70.97772203137627,STALE_HIGH_OPPORTUNITY,734,34.0
9131,content_33455185fea053a7,70.97772203137627,STALE_HIGH_OPPORTUNITY,734,34.0
9132,content_e7281f69c2e31f1c,70.97772203137627,STALE_HIGH_OPPORTUNITY,734,34.0
9133,content_d3b42c66e89339d9,70.97772203137627,STALE_HIGH_OPPORTUNITY,734,34.0
9134,content_b2b8ae06bf33dc0c,70.97772203137627,STALE_HIGH_OPPORTUNITY,734,34.0
9135,content_8700ebbbf1ba3c8b,70.97772203137627,STALE_HIGH_OPPORTUNITY,734,34.0
9136,content_0b434ea81afadc08,70.97772203137627,STALE_HIGH_OPPORTUNITY,734,34.0
9137,content_a84959de9c9e0e8c,70.9702243772218,STALE_HIGH_OPPORTUNITY,733,34.0
9138,content_df484d138f1374a7,70.9702243772218,STALE_HIGH_OPPORTUNITY,733,34.0
9139,content_5b9e0d830e5509f5,70.9702243772218,STALE_HIGH_OPPORTUNITY,733,34.0
9140,content_f6155bb5bcf6df2c,70.9702243772218,STALE_HIGH_OPPORTUNITY,733,34.0
9141,content_8438183ebf4ea4c3,70.9702243772218,STALE_HIGH_OPPORTUNITY,733,34.0
9142,content_68811424b9db9263,70.9702243772218,STALE_HIGH_OPPORTUNITY,733,34.0
9143,content_0349329175ba0c84,70.9702243772218,STALE_HIGH_OPPORTUNITY,733,34.0
9144,content_2ae9fe5b76aafe7f,70.96198751772812,STALE_HIGH_OPPORTUNITY,732,34.0
9145,content_fd43ae1bd16b7dbd,70.96198751772812,STALE_HIGH_OPPORTUNITY,732,34.0
9146,content_63ce89034d292f5f,70.96198751772812,STALE_HIGH_OPPORTUNITY,732,34.0
9147,content_4bf0da50e0905e25,70.96198751772812,STALE_HIGH_OPPORTUNITY,732,34.0
9148,content_9e80daec41c425b1,70.96198751772812,STALE_HIGH_OPPORTUNITY,732,34.0
9149,content_d9302b7787c172ab,70.95427866204815,STALE_HIGH_OPPORTUNITY,731,34.0
9150,content_cfc91615b0cb3907,70.95427866204815,STALE_HIGH_OPPORTUNITY,731,34.0
9151,content_87c1923fc19235ab,70.95427866204815,STALE_HIGH_OPPORTUNITY,731,34.0
9152,content_39e1f95d1259e384,70.95427866204815,STALE_HIGH_OPPORTUNITY,731,34.0
9153,content_5b2fdd4ae245fd55,70.95427866204815,STALE_HIGH_OPPORTUNITY,731,34.0
9154,content_ffa4e1609c1c01a3,70.95427866204815,STALE_HIGH_OPPORTUNITY,731,34.0
9155,content_ada8050325cb068f,70.95427866204815,STALE_HIGH_OPPORTUNITY,731,34.0
9156,content_f2e2f565a7dc5b02,70.94625300407998,STALE_HIGH_OPPORTUNITY,730,34.0
9157,content_4496e32ed4b6b861,70.94625300407998,STALE_HIGH_OPPORTUNITY,730,34.0
9158,content_8a65e26407ee34b3,70.94625300407998,STALE_HIGH_OPPORTUNITY,730,34.0
9159,content_c7cf3e0b867e23da,70.94625300407998,STALE_HIGH_OPPORTUNITY,730,34.0
9160,content_5097bd35ade60df9,70.94625300407998,STALE_HIGH_OPPORTUNITY,730,34.0
9161,content_8c521ca53a85c21a,70.94625300407998,STALE_HIGH_OPPORTUNITY,730,34.0
9162,content_05efe3a2ee5bafe3,70.93938895450194,STALE_HIGH_OPPORTUNITY,729,34.0
9163,content_bae99714435072b1,70.93938895450194,STALE_HIGH_OPPORTUNITY,729,34.0
9164,content_5e659ebb0d5df068,70.93938895450194,STALE_HIGH_OPPORTUNITY,729,34.0
9165,content_333b4ed9478423e8,70.93938895450194,STALE_HIGH_OPPORTUNITY,729,34.0
9166,content_b41719fd54446630,70.93938895450194,STALE_HIGH_OPPORTUNITY,729,34.0
9167,content_2b82fbd6188e1c96,70.93938895450194,STALE_HIGH_OPPORTUNITY,729,34.0
9168,content_3224572bf6bdcba7,70.93938895450194,STALE_HIGH_OPPORTUNITY,729,34.0
9169,content_0bd3cd7dbd424556,70.93938895450194,STALE_HIGH_OPPORTUNITY,729,34.0
9170,content_e6fd65444732b64d,70.93938895450194,STALE_HIGH_OPPORTUNITY,729,34.0
9171,content_9e548c3d35459468,70.93938895450194,STALE_HIGH_OPPORTUNITY,729,34.0
9172,content_e51cef93409c3d50,70.9328417072121,STALE_HIGH_OPPORTUNITY,728,34.0
9173,content_56957b011d73a044,70.9328417072121,STALE_HIGH_OPPORTUNITY,728,34.0
9174,content_5f0ef3cad90f523f,70.9328417072121,STALE_HIGH_OPPORTUNITY,728,34.0
9175,content_1ca9b372fad3f5f2,70.9328417072121,STALE_HIGH_OPPORTUNITY,728,34.0
9176,content_13aa6aaf4092939a,70.9328417072121,STALE_HIGH_OPPORTUNITY,728,34.0
9177,content_c0243b07d980663e,70.9328417072121,STALE_HIGH_OPPORTUNITY,728,34.0
9178,content_ea4f7a0f8a9096f4,70.9328417072121,STALE_HIGH_OPPORTUNITY,728,34.0
9179,content_ddad50642ad0acdc,70.92544965382035,STALE_HIGH_OPPORTUNITY,727,34.0
9180,content_0e46272bbdee97ef,70.92544965382035,STALE_HIGH_OPPORTUNITY,727,34.0
9181,content_05f5f47cfdaf9383,70.92544965382035,STALE_HIGH_OPPORTUNITY,727,34.0
9182,content_04da1719da075bca,70.92544965382035,STALE_HIGH_OPPORTUNITY,727,34.0
9183,content_ac208fbcc9ba731d,70.92544965382035,STALE_HIGH_OPPORTUNITY,727,34.0
9184,content_79d6ec7204fbde89,70.92544965382035,STALE_HIGH_OPPORTUNITY,727,34.0
9185,content_d84b30639f93fbd1,70.92544965382035,STALE_HIGH_OPPORTUNITY,727,34.0
9186,content_e0ec12d8aa368150,70.92544965382035,STALE_HIGH_OPPORTUNITY,727,34.0
9187,content_404ca24237ab15e3,70.92544965382035,STALE_HIGH_OPPORTUNITY,727,34.0
9188,content_bf28e88eb0651c1e,70.91890240653052,STALE_HIGH_OPPORTUNITY,726,34.0
9189,content_dba87fb9e4c3aaa3,70.91890240653052,STALE_HIGH_OPPORTUNITY,726,34.0
9190,content_fd68c6271d521396,70.91890240653052,STALE_HIGH_OPPORTUNITY,726,34.0
9191,content_6a0997e6c0436183,70.91890240653052,STALE_HIGH_OPPORTUNITY,726,34.0
9192,content_709be94fb1f33b2b,70.91890240653052,STALE_HIGH_OPPORTUNITY,726,34.0
9193,content_d4b672bbe59d4109,70.91890240653052,STALE_HIGH_OPPORTUNITY,726,34.0
9194,content_6d32df733cadba3f,70.91288316305439,STALE_HIGH_OPPORTUNITY,725,34.0
9195,content_24b46b89463d48f5,70.91288316305439,STALE_HIGH_OPPORTUNITY,725,34.0
9196,content_962e316d995e4c20,70.91288316305439,STALE_HIGH_OPPORTUNITY,725,34.0
9197,content_bdfe3871b0c21b33,70.91288316305439,STALE_HIGH_OPPORTUNITY,725,34.0
9198,content_391fc69bd4ff9ec5,70.91288316305439,STALE_HIGH_OPPORTUNITY,725,34.0
9199,content_cbcfd20f72d71046,70.91288316305439,STALE_HIGH_OPPORTUNITY,725,34.0
9200,content_13bb98db6dd9126c,70.9059135127136,STALE_HIGH_OPPORTUNITY,724,34.0
9201,content_bb244814a8931213,70.9059135127136,STALE_HIGH_OPPORTUNITY,724,34.0
9202,content_89e06d55af6cc911,70.9059135127136,STALE_HIGH_OPPORTUNITY,724,34.0
9203,content_d5a3df9d933b84bb,70.9059135127136,STALE_HIGH_OPPORTUNITY,724,34.0
9204,content_8d0d521858f33f2c,70.9059135127136,STALE_HIGH_OPPORTUNITY,724,34.0
9205,content_9aa45c45a8682818,70.90068786340855,STALE_HIGH_OPPORTUNITY,82,59.0
9206,content_1a6c774d5ff669dc,70.89968306771199,STALE_HIGH_OPPORTUNITY,723,34.0
9207,content_28a1f81f1a698268,70.89968306771199,STALE_HIGH_OPPORTUNITY,723,34.0
9208,content_fe0e044634920dcb,70.89968306771199,STALE_HIGH_OPPORTUNITY,723,34.0
9209,content_b5c2cedbfb0df210,70.89968306771199,STALE_HIGH_OPPORTUNITY,723,34.0
9210,content_fc13900be840cb22,70.89968306771199,STALE_HIGH_OPPORTUNITY,723,34.0
9211,content_261ced36f69009d0,70.89968306771199,STALE_HIGH_OPPORTUNITY,723,34.0
9212,content_1117051d0b054752,70.89560506412067,STALE_HIGH_OPPORTUNITY,44,141.0
9213,content_137163d1927eb1c2,70.89390938692385,STALE_HIGH_OPPORTUNITY,20,235.0
9214,content_175ece404bc4d2ba,70.89390938692385,STALE_HIGH_OPPORTUNITY,20,235.0
9215,content_c0257e844b6b2a31,70.89387502576133,STALE_HIGH_OPPORTUNITY,722,34.0
9216,content_e0c3612281fd3eee,70.89387502576133,STALE_HIGH_OPPORTUNITY,722,34.0
9217,content_a79c39f9f624f3f3,70.89387502576133,STALE_HIGH_OPPORTUNITY,722,34.0
9218,content_5bee29e0ab38a480,70.89387502576133,STALE_HIGH_OPPORTUNITY,722,34.0
9219,content_e4749a4b2ac7441f,70.89387502576133,STALE_HIGH_OPPORTUNITY,722,34.0
9220,content_a002edbd435f2ca2,70.88817258457341,STALE_HIGH_OPPORTUNITY,721,34.0
9221,content_fc552cc94d1a68c0,70.88817258457341,STALE_HIGH_OPPORTUNITY,721,34.0
9222,content_234acaa8e1687160,70.88817258457341,STALE_HIGH_OPPORTUNITY,721,34.0
9223,content_7738c3c730c055f3,70.88817258457341,STALE_HIGH_OPPORTUNITY,721,34.0
9224,content_5e5773e44fda076e,70.8827869456737,STALE_HIGH_OPPORTUNITY,720,34.0
9225,content_27697110729c37e2,70.8827869456737,STALE_HIGH_OPPORTUNITY,720,34.0
9226,content_d18068ac4de7d6b6,70.8827869456737,STALE_HIGH_OPPORTUNITY,720,34.0
9227,content_f1b4afd47b4bfe60,70.8827869456737,STALE_HIGH_OPPORTUNITY,720,34.0
9228,content_70b70da6f9aa55ac,70.8827869456737,STALE_HIGH_OPPORTUNITY,720,34.0
9229,content_5c132dd98ab5fa70,70.8827869456737,STALE_HIGH_OPPORTUNITY,720,34.0
9230,content_6a67010251337cc4,70.8827869456737,STALE_HIGH_OPPORTUNITY,720,34.0
9231,content_cc9cb91b0eeb9e60,70.8827869456737,STALE_HIGH_OPPORTUNITY,720,34.0
9232,content_5738c2931b0ec8c1,70.8827869456737,STALE_HIGH_OPPORTUNITY,720,34.0
9233,content_81e0732a7ddfd176,70.8827869456737,STALE_HIGH_OPPORTUNITY,720,34.0
9234,content_98d91f875af63782,70.87528929151922,STALE_HIGH_OPPORTUNITY,719,34.0
9235,content_273d7fa85c6c8498,70.87528929151922,STALE_HIGH_OPPORTUNITY,719,34.0
9236,content_2e15a4e74344be79,70.87528929151922,STALE_HIGH_OPPORTUNITY,719,34.0
9237,content_1d5fb854961cb737,70.87528929151922,STALE_HIGH_OPPORTUNITY,719,34.0
9238,content_a866f5ac8f469720,70.87528929151922,STALE_HIGH_OPPORTUNITY,719,34.0
9239,content_85e97b51b40a306e,70.87528929151922,STALE_HIGH_OPPORTUNITY,719,34.0
9240,content_620d498ab88f23f5,70.86694683126282,STALE_HIGH_OPPORTUNITY,718,34.0
9241,content_87d78780db7d3c53,70.86694683126282,STALE_HIGH_OPPORTUNITY,718,34.0
9242,content_6e23d3e2346b362e,70.86694683126282,STALE_HIGH_OPPORTUNITY,718,34.0
9243,content_2ee6196c65a9bb1a,70.86694683126282,STALE_HIGH_OPPORTUNITY,718,34.0
9244,content_fb52a0b7c73a6c4e,70.86694683126282,STALE_HIGH_OPPORTUNITY,718,34.0
9245,content_d960a5b3282226b4,70.86694683126282,STALE_HIGH_OPPORTUNITY,718,34.0
9246,content_6336a08e2f7ef3dc,70.86694683126282,STALE_HIGH_OPPORTUNITY,718,34.0
9247,content_d5bd8d2175589cfc,70.86694683126282,STALE_HIGH_OPPORTUNITY,718,34.0
9248,content_ade5181d354d807c,70.85923797558286,STALE_HIGH_OPPORTUNITY,717,34.0
9249,content_c86cd81f7e72bd7c,70.85923797558286,STALE_HIGH_OPPORTUNITY,717,34.0
9250,content_aae233c6c5271151,70.85923797558286,STALE_HIGH_OPPORTUNITY,717,34.0
9251,content_d8d0912dff7aa225,70.85923797558286,STALE_HIGH_OPPORTUNITY,717,34.0
9252,content_6a36a799fab6b05a,70.85923797558286,STALE_HIGH_OPPORTUNITY,717,34.0
9253,content_67b11332dbc55a4f,70.85923797558286,STALE_HIGH_OPPORTUNITY,717,34.0
9254,content_6bd8011aecb8ab04,70.85923797558286,STALE_HIGH_OPPORTUNITY,717,34.0
9255,content_6cb919f497500245,70.85923797558286,STALE_HIGH_OPPORTUNITY,717,34.0
9256,content_a44746d56d25cd0a,70.85923797558286,STALE_HIGH_OPPORTUNITY,717,34.0
9257,content_1dda93cb931b91bb,70.85142351914016,STALE_HIGH_OPPORTUNITY,716,34.0
9258,content_dbc0688c17c1daeb,70.85142351914016,STALE_HIGH_OPPORTUNITY,716,34.0
9259,content_24da00687fdb62ff,70.85142351914016,STALE_HIGH_OPPORTUNITY,716,34.0
9260,content_bb2a49d1298c067e,70.85142351914016,STALE_HIGH_OPPORTUNITY,716,34.0
9261,content_0f219076d1018278,70.85142351914016,STALE_HIGH_OPPORTUNITY,716,34.0
9262,content_e7e4d95bdac4e185,70.85142351914016,STALE_HIGH_OPPORTUNITY,716,34.0
9263,content_06fd7b706e8cd30a,70.85142351914016,STALE_HIGH_OPPORTUNITY,716,34.0
9264,content_f12c512e61711572,70.85142351914016,STALE_HIGH_OPPORTUNITY,716,34.0
9265,content_a8057228233e898e,70.85142351914016,STALE_HIGH_OPPORTUNITY,716,34.0
9266,content_59077d5eb63c568e,70.85142351914016,STALE_HIGH_OPPORTUNITY,716,34.0
9267,content_42cf50279762d6c4,70.85142351914016,STALE_HIGH_OPPORTUNITY,716,34.0
9268,content_bd09fc509736c43a,70.85142351914016,STALE_HIGH_OPPORTUNITY,716,34.0
9269,content_056364e21e7c8470,70.85142351914016,STALE_HIGH_OPPORTUNITY,716,34.0
9270,content_3c5cf04e7f45c3f8,70.84790286380247,STALE_HIGH_OPPORTUNITY,82,57.0
9271,content_c5fe8f1fa00e6935,70.84403146574842,STALE_HIGH_OPPORTUNITY,715,34.0
9272,content_4da1a844acee2d23,70.84403146574842,STALE_HIGH_OPPORTUNITY,715,34.0
9273,content_87802f848936ca3f,70.84403146574842,STALE_HIGH_OPPORTUNITY,715,34.0
9274,content_110bee3a9b7856c1,70.84403146574842,STALE_HIGH_OPPORTUNITY,715,34.0
9275,content_5d602807ba86e405,70.84403146574842,STALE_HIGH_OPPORTUNITY,715,34.0
9276,content_36f5e2d2b3201c3b,70.84403146574842,STALE_HIGH_OPPORTUNITY,715,34.0
9277,content_961395c14aab07b4,70.84403146574842,STALE_HIGH_OPPORTUNITY,715,34.0
9278,content_de62818cd03af80e,70.83780102074681,STALE_HIGH_OPPORTUNITY,714,34.0
9279,content_80c6dcb192f3858d,70.83780102074681,STALE_HIGH_OPPORTUNITY,714,34.0
9280,content_85d607ae4bbc52e4,70.83780102074681,STALE_HIGH_OPPORTUNITY,714,34.0
9281,content_da057a4cecdda22a,70.83780102074681,STALE_HIGH_OPPORTUNITY,714,34.0
9282,content_673787ba97648d7c,70.83780102074681,STALE_HIGH_OPPORTUNITY,714,34.0
9283,content_b45dc561a7af9bc2,70.83780102074681,STALE_HIGH_OPPORTUNITY,714,34.0
9284,content_dd95eb7854043f0d,70.83780102074681,STALE_HIGH_OPPORTUNITY,714,34.0
9285,content_adf63bc953185ed5,70.83157057574519,STALE_HIGH_OPPORTUNITY,713,34.0
9286,content_7451870b0ca4aa17,70.83157057574519,STALE_HIGH_OPPORTUNITY,713,34.0
9287,content_1fe930623b03494e,70.83157057574519,STALE_HIGH_OPPORTUNITY,713,34.0
9288,content_85962d7a5956956e,70.82949163092545,STALE_HIGH_OPPORTUNITY,90,35.0
9289,content_c0877ad4f492a7ad,70.82949163092545,STALE_HIGH_OPPORTUNITY,90,35.0
9290,content_5916b9d7519bdbf4,70.82523452998083,STALE_HIGH_OPPORTUNITY,712,34.0
9291,content_eaf1c4bfb6d979c8,70.82523452998083,STALE_HIGH_OPPORTUNITY,712,34.0
9292,content_9ae6d07f17fe757a,70.82523452998083,STALE_HIGH_OPPORTUNITY,712,34.0
9293,content_e5944a59cf19d93a,70.82523452998083,STALE_HIGH_OPPORTUNITY,712,34.0
9294,content_4d40bf19186a337e,70.82523452998083,STALE_HIGH_OPPORTUNITY,712,34.0
9295,content_6e6bfc55151d59d8,70.82523452998083,STALE_HIGH_OPPORTUNITY,712,34.0
9296,content_29eb43d7fb317185,70.82523452998083,STALE_HIGH_OPPORTUNITY,712,34.0
9297,content_b2861d03155436e1,70.82523452998083,STALE_HIGH_OPPORTUNITY,712,34.0
9298,content_e79bcd3d80e36f91,70.82523452998083,STALE_HIGH_OPPORTUNITY,712,34.0
9299,content_ba491b51b863d122,70.82523452998083,STALE_HIGH_OPPORTUNITY,712,34.0
9300,content_1cfb622aa89f059a,70.82523452998083,STALE_HIGH_OPPORTUNITY,712,34.0
9301,content_6e36ef723570f370,70.818687282691,STALE_HIGH_OPPORTUNITY,711,34.0
9302,content_e79819006d0ad092,70.818687282691,STALE_HIGH_OPPORTUNITY,711,34.0
9303,content_25c27678193d31a5,70.818687282691,STALE_HIGH_OPPORTUNITY,711,34.0
9304,content_7503642570af3724,70.818687282691,STALE_HIGH_OPPORTUNITY,711,34.0
9305,content_6116da5882be1e5f,70.81319604302857,STALE_HIGH_OPPORTUNITY,710,34.0
9306,content_8a4db65ce1ee7680,70.81319604302857,STALE_HIGH_OPPORTUNITY,710,34.0
9307,content_29dc3c498390a8cb,70.81319604302857,STALE_HIGH_OPPORTUNITY,710,34.0
9308,content_4b70641bfa5308dc,70.80749360184065,STALE_HIGH_OPPORTUNITY,709,34.0
9309,content_cc46ddc2eedddb5f,70.80749360184065,STALE_HIGH_OPPORTUNITY,709,34.0
9310,content_034c1ddc4f2316b4,70.80749360184065,STALE_HIGH_OPPORTUNITY,709,34.0
9311,content_3bde25352497dddf,70.80749360184065,STALE_HIGH_OPPORTUNITY,709,34.0
9312,content_ddacf55be7ce67d2,70.80749360184065,STALE_HIGH_OPPORTUNITY,709,34.0
9313,content_a15e1a6304482e2f,70.80278199367291,STALE_HIGH_OPPORTUNITY,43,141.0
9314,content_0ad5d50d65baddc2,70.80010154844891,STALE_HIGH_OPPORTUNITY,708,34.0
9315,content_5cc287d7d45441c3,70.80010154844891,STALE_HIGH_OPPORTUNITY,708,34.0
9316,content_0e3f0c537b5b5a8b,70.80010154844891,STALE_HIGH_OPPORTUNITY,708,34.0
9317,content_89f1adaab7b87196,70.80010154844891,STALE_HIGH_OPPORTUNITY,708,34.0
9318,content_e2d526161c4c9158,70.80010154844891,STALE_HIGH_OPPORTUNITY,708,34.0
9319,content_c158b429551f761a,70.80010154844891,STALE_HIGH_OPPORTUNITY,708,34.0
9320,content_39eb958e3781ec5c,70.79611415250126,STALE_HIGH_OPPORTUNITY,64,113.0
9321,content_186d3f02df5e1149,70.7948158482256,STALE_HIGH_OPPORTUNITY,60,131.0
9322,content_40e54ec3e46787fe,70.7931318981081,STALE_HIGH_OPPORTUNITY,707,34.0
9323,content_3d7b6d25256874f3,70.7931318981081,STALE_HIGH_OPPORTUNITY,707,34.0
9324,content_2d65260a4a9e4262,70.7931318981081,STALE_HIGH_OPPORTUNITY,707,34.0
9325,content_7651b5ea2b3f4f1d,70.7931318981081,STALE_HIGH_OPPORTUNITY,707,34.0
9326,content_517cd68d734901f4,70.7931318981081,STALE_HIGH_OPPORTUNITY,707,34.0
9327,content_445adaebf33b77db,70.7931318981081,STALE_HIGH_OPPORTUNITY,707,34.0
9328,content_beaa00318e2c5d4d,70.78573984471637,STALE_HIGH_OPPORTUNITY,706,34.0
9329,content_2eb0b6aaf59a3638,70.78573984471637,STALE_HIGH_OPPORTUNITY,706,34.0
9330,content_1032c0d212d6926e,70.78573984471637,STALE_HIGH_OPPORTUNITY,706,34.0
9331,content_42e073319b2ae64b,70.78573984471637,STALE_HIGH_OPPORTUNITY,706,34.0
9332,content_2f5857752bfef040,70.78573984471637,STALE_HIGH_OPPORTUNITY,706,34.0
9333,content_cbd06c81aaabb51a,70.78573984471637,STALE_HIGH_OPPORTUNITY,706,34.0
9334,content_b089d19873554583,70.78573984471637,STALE_HIGH_OPPORTUNITY,706,34.0
9335,content_91111e056b54c98d,70.78573984471637,STALE_HIGH_OPPORTUNITY,706,34.0
9336,content_a84b309a31f2594e,70.78573984471637,STALE_HIGH_OPPORTUNITY,706,34.0
9337,content_4eb4ed240e68f162,70.78573984471637,STALE_HIGH_OPPORTUNITY,706,34.0
9338,content_6f765fcc38eb3e9a,70.78573984471637,STALE_HIGH_OPPORTUNITY,706,34.0
9339,content_47dbd73e4a9139db,70.78573984471637,STALE_HIGH_OPPORTUNITY,706,34.0
9340,content_4203b2ed9adc1264,70.77686938064627,STALE_HIGH_OPPORTUNITY,705,34.0
9341,content_2be43216b38aa1dc,70.77686938064627,STALE_HIGH_OPPORTUNITY,705,34.0
9342,content_66d83066b6c45717,70.77686938064627,STALE_HIGH_OPPORTUNITY,705,34.0
9343,content_f6f2f0558a1882a7,70.77686938064627,STALE_HIGH_OPPORTUNITY,705,34.0
9344,content_ad870e76d59a71d7,70.77686938064627,STALE_HIGH_OPPORTUNITY,705,34.0
9345,content_b61d224a8d3e71ce,70.77686938064627,STALE_HIGH_OPPORTUNITY,705,34.0
9346,content_7aaf1b7ad0c27b28,70.77686938064627,STALE_HIGH_OPPORTUNITY,705,34.0
9347,content_33da98060c39e61f,70.77686938064627,STALE_HIGH_OPPORTUNITY,705,34.0
9348,content_4fb9f77430e5762c,70.77686938064627,STALE_HIGH_OPPORTUNITY,705,34.0
9349,content_5495c9dd9e8e6a0b,70.77686938064627,STALE_HIGH_OPPORTUNITY,705,34.0
9350,content_480979376e963d39,70.77686938064627,STALE_HIGH_OPPORTUNITY,705,34.0
9351,content_e352d81b15d2ced9,70.77686938064627,STALE_HIGH_OPPORTUNITY,705,34.0
9352,content_ed46b08598362dbf,70.77686938064627,STALE_HIGH_OPPORTUNITY,705,34.0
9353,content_3d5539317734fdaa,70.77686938064627,STALE_HIGH_OPPORTUNITY,705,34.0
9354,content_bafb60226cf938c5,70.76810451733891,STALE_HIGH_OPPORTUNITY,704,34.0
9355,content_06765cc6048f79fd,70.76810451733891,STALE_HIGH_OPPORTUNITY,704,34.0
9356,content_c3a6ca798eb038d6,70.76810451733891,STALE_HIGH_OPPORTUNITY,704,34.0
9357,content_19cfa50e2379a918,70.76810451733891,STALE_HIGH_OPPORTUNITY,704,34.0
9358,content_b4beac6b5aa9a01d,70.76810451733891,STALE_HIGH_OPPORTUNITY,704,34.0
9359,content_ec3f1f4371cbec31,70.76810451733891,STALE_HIGH_OPPORTUNITY,704,34.0
9360,content_ab4b45a0c1b17c10,70.76810451733891,STALE_HIGH_OPPORTUNITY,704,34.0
9361,content_9983ae4757d20e05,70.76810451733891,STALE_HIGH_OPPORTUNITY,704,34.0
9362,content_6031b9b5fe457853,70.76145166928634,STALE_HIGH_OPPORTUNITY,703,34.0
9363,content_d276ab195741ee4e,70.76145166928634,STALE_HIGH_OPPORTUNITY,703,34.0
9364,content_1c8910bc7218d43e,70.76145166928634,STALE_HIGH_OPPORTUNITY,703,34.0
9365,content_4d7acd7b40cc93bd,70.76145166928634,STALE_HIGH_OPPORTUNITY,703,34.0
9366,content_0e76012e2146b001,70.76145166928634,STALE_HIGH_OPPORTUNITY,703,34.0
9367,content_c0f6e8b809e4dc7c,70.76145166928634,STALE_HIGH_OPPORTUNITY,703,34.0
9368,content_cc5caf3bb73eb890,70.76145166928634,STALE_HIGH_OPPORTUNITY,703,34.0
9369,content_5fef2c88a2955fa3,70.76145166928634,STALE_HIGH_OPPORTUNITY,703,34.0
9370,content_38dd3e5441897565,70.75437641818282,STALE_HIGH_OPPORTUNITY,702,34.0
9371,content_aeb162158d9e1714,70.75437641818282,STALE_HIGH_OPPORTUNITY,702,34.0
9372,content_d432afda1824eea0,70.75437641818282,STALE_HIGH_OPPORTUNITY,702,34.0
9373,content_73dea28badf762b8,70.75437641818282,STALE_HIGH_OPPORTUNITY,702,34.0
9374,content_4aa4f9c8ec2eac97,70.75437641818282,STALE_HIGH_OPPORTUNITY,702,34.0
9375,content_e5f6fe0169433ecc,70.75437641818282,STALE_HIGH_OPPORTUNITY,702,34.0
9376,content_8aa39ceb52ce50d1,70.75437641818282,STALE_HIGH_OPPORTUNITY,702,34.0
9377,content_0cd93b3c027d6d19,70.75437641818282,STALE_HIGH_OPPORTUNITY,702,34.0
9378,content_a5138512540036ca,70.75437641818282,STALE_HIGH_OPPORTUNITY,702,34.0
9379,content_462b5e1302aa2186,70.75437641818282,STALE_HIGH_OPPORTUNITY,702,34.0
9380,content_26e844e21f368fc0,70.75437641818282,STALE_HIGH_OPPORTUNITY,702,34.0
9381,content_40345734bfb0daf4,70.74782917089298,STALE_HIGH_OPPORTUNITY,701,34.0
9382,content_60c50dfaed65f7d1,70.74782917089298,STALE_HIGH_OPPORTUNITY,701,34.0
9383,content_6e2170e49b2832df,70.74782917089298,STALE_HIGH_OPPORTUNITY,701,34.0
9384,content_512e05e213796b0b,70.74782917089298,STALE_HIGH_OPPORTUNITY,701,34.0
9385,content_95e292ee0136f330,70.74782917089298,STALE_HIGH_OPPORTUNITY,701,34.0
9386,content_4030bf3e64122d87,70.7422323304678,STALE_HIGH_OPPORTUNITY,700,34.0
9387,content_333be4f39049112a,70.7422323304678,STALE_HIGH_OPPORTUNITY,700,34.0
9388,content_604b09e694052771,70.7422323304678,STALE_HIGH_OPPORTUNITY,700,34.0
9389,content_01b7644582686ffd,70.7422323304678,STALE_HIGH_OPPORTUNITY,700,34.0
9390,content_33710e196a5dd3ff,70.7422323304678,STALE_HIGH_OPPORTUNITY,700,34.0
9391,content_b2c6b652a7b7258f,70.7422323304678,STALE_HIGH_OPPORTUNITY,700,34.0
9392,content_6d588eb4f1ca43c6,70.7422323304678,STALE_HIGH_OPPORTUNITY,700,34.0
9393,content_83436cb390939563,70.73452347478784,STALE_HIGH_OPPORTUNITY,699,34.0
9394,content_88aad70e6ae612de,70.73452347478784,STALE_HIGH_OPPORTUNITY,699,34.0
9395,content_6d2695cf7154315a,70.73452347478784,STALE_HIGH_OPPORTUNITY,699,34.0
9396,content_7640abe8111fde0e,70.73452347478784,STALE_HIGH_OPPORTUNITY,699,34.0
9397,content_7ff411658541cab6,70.72789605977172,STALE_HIGH_OPPORTUNITY,63,113.0
9398,content_1b8f0f4eda0e7710,70.72789605977172,STALE_HIGH_OPPORTUNITY,63,113.0
9399,content_1af974f85c685737,70.72789605977172,STALE_HIGH_OPPORTUNITY,63,113.0
9400,content_0d5f64a758932957,70.72649781681966,STALE_HIGH_OPPORTUNITY,698,34.0
9401,content_bafc5155669b94ce,70.72649781681966,STALE_HIGH_OPPORTUNITY,698,34.0
9402,content_bb0d08ee86c30346,70.72649781681966,STALE_HIGH_OPPORTUNITY,698,34.0
9403,content_38aae1d5aee924bc,70.72649781681966,STALE_HIGH_OPPORTUNITY,698,34.0
9404,content_0cc2c6bf81d0535d,70.72649781681966,STALE_HIGH_OPPORTUNITY,698,34.0
9405,content_86dcc5395120793f,70.72649781681966,STALE_HIGH_OPPORTUNITY,698,34.0
9406,content_98ea67f123692604,70.72649781681966,STALE_HIGH_OPPORTUNITY,698,34.0
9407,content_2972ad4dc5520b40,70.72649781681966,STALE_HIGH_OPPORTUNITY,698,34.0
9408,content_8af31b9bc99a03fd,70.72178014365892,STALE_HIGH_OPPORTUNITY,19,235.0
9409,content_46c3e5e3efcf4ece,70.72178014365892,STALE_HIGH_OPPORTUNITY,19,235.0
9410,content_81bdbf7d5a46ceb7,70.71889456190243,STALE_HIGH_OPPORTUNITY,697,34.0
9411,content_50de2d9d63169118,70.71889456190243,STALE_HIGH_OPPORTUNITY,697,34.0
9412,content_3de3835c87549929,70.71889456190243,STALE_HIGH_OPPORTUNITY,697,34.0
9413,content_a7c818b5a11d87e0,70.71889456190243,STALE_HIGH_OPPORTUNITY,697,34.0
9414,content_829a0bbd0e03ebda,70.71889456190243,STALE_HIGH_OPPORTUNITY,697,34.0
9415,content_e969921155798d1e,70.71889456190243,STALE_HIGH_OPPORTUNITY,697,34.0
9416,content_eed09733d71eed9f,70.71889456190243,STALE_HIGH_OPPORTUNITY,697,34.0
9417,content_a84e610f3fdae3ab,70.71889456190243,STALE_HIGH_OPPORTUNITY,697,34.0
9418,content_7aad81c16ea84a5e,70.71196533771717,STALE_HIGH_OPPORTUNITY,42,141.0
9419,content_544a6d3a6099328e,70.71065770240878,STALE_HIGH_OPPORTUNITY,696,34.0
9420,content_3ba27d05535efcbe,70.71065770240878,STALE_HIGH_OPPORTUNITY,696,34.0
9421,content_b1633ace4e3261b9,70.71065770240878,STALE_HIGH_OPPORTUNITY,696,34.0
9422,content_ef94852fab1e3601,70.71065770240878,STALE_HIGH_OPPORTUNITY,696,34.0
9423,content_1cc6c85648a09473,70.71065770240878,STALE_HIGH_OPPORTUNITY,696,34.0
9424,content_6641d35d6a49c011,70.71065770240878,STALE_HIGH_OPPORTUNITY,696,34.0
9425,content_bf89fd1cdf7651dc,70.7079077967918,STALE_HIGH_OPPORTUNITY,22,213.0
9426,content_93e3e3015e5c68f2,70.70210404062689,STALE_HIGH_OPPORTUNITY,695,34.0
9427,content_13be10388ee66774,70.70210404062689,STALE_HIGH_OPPORTUNITY,695,34.0
9428,content_9745d3880adb6754,70.70210404062689,STALE_HIGH_OPPORTUNITY,695,34.0
9429,content_b835511500471edc,70.70210404062689,STALE_HIGH_OPPORTUNITY,695,34.0
9430,content_c27817e02bc6c0f5,70.70210404062689,STALE_HIGH_OPPORTUNITY,695,34.0
9431,content_39fc77dac4d97c23,70.69814069784958,STALE_HIGH_OPPORTUNITY,66,81.0
9432,content_4191888772eef086,70.69460638647242,STALE_HIGH_OPPORTUNITY,694,34.0
9433,content_11a72513a4be3415,70.69460638647242,STALE_HIGH_OPPORTUNITY,694,34.0
9434,content_c838b3d79b3b6577,70.69460638647242,STALE_HIGH_OPPORTUNITY,694,34.0
9435,content_1908b522a63e98f7,70.69460638647242,STALE_HIGH_OPPORTUNITY,694,34.0
9436,content_44d9d90cce0d55a6,70.69460638647242,STALE_HIGH_OPPORTUNITY,694,34.0
9437,content_1f561c2a9582cf82,70.69460638647242,STALE_HIGH_OPPORTUNITY,694,34.0
9438,content_fcec80597109635d,70.69460638647242,STALE_HIGH_OPPORTUNITY,694,34.0
9439,content_6764183d7de96136,70.69189826904936,STALE_HIGH_OPPORTUNITY,83,36.0
9440,content_6902182b243e94e4,70.68774233689436,STALE_HIGH_OPPORTUNITY,693,34.0
9441,content_6c041920628da267,70.68774233689436,STALE_HIGH_OPPORTUNITY,693,34.0
9442,content_f6e17b3b1561d05a,70.68774233689436,STALE_HIGH_OPPORTUNITY,693,34.0
9443,content_a5e11743696caa34,70.68774233689436,STALE_HIGH_OPPORTUNITY,693,34.0
9444,content_28029ad46fb4c256,70.68774233689436,STALE_HIGH_OPPORTUNITY,693,34.0
9445,content_eada63322191839c,70.68774233689436,STALE_HIGH_OPPORTUNITY,693,34.0
9446,content_0ec07519f62eb1a5,70.68774233689436,STALE_HIGH_OPPORTUNITY,693,34.0
9447,content_f2894f82a3cbfefe,70.68774233689436,STALE_HIGH_OPPORTUNITY,693,34.0
9448,content_2e12525ccd600fa0,70.68774233689436,STALE_HIGH_OPPORTUNITY,693,34.0
9449,content_1ae595b49d4e325f,70.67992788045166,STALE_HIGH_OPPORTUNITY,692,34.0
9450,content_fcc37773f472a582,70.67992788045166,STALE_HIGH_OPPORTUNITY,692,34.0
9451,content_fca55675ea41025b,70.67992788045166,STALE_HIGH_OPPORTUNITY,692,34.0
9452,content_1c8de740025600f7,70.67992788045166,STALE_HIGH_OPPORTUNITY,692,34.0
9453,content_0e77331194d0ccce,70.67992788045166,STALE_HIGH_OPPORTUNITY,692,34.0
9454,content_67e735e022a7a88d,70.67992788045166,STALE_HIGH_OPPORTUNITY,692,34.0
9455,content_e879453cc90b9862,70.67992788045166,STALE_HIGH_OPPORTUNITY,692,34.0
9456,content_c1d35a2591e8f811,70.67992788045166,STALE_HIGH_OPPORTUNITY,692,34.0
9457,content_5e88f232f5e0deb6,70.67992788045166,STALE_HIGH_OPPORTUNITY,692,34.0
9458,content_ba5243a16a28f9c3,70.67179662172074,STALE_HIGH_OPPORTUNITY,691,34.0
9459,content_94440f06057a720c,70.67179662172074,STALE_HIGH_OPPORTUNITY,691,34.0
9460,content_99d1b38d4d5e03a3,70.67179662172074,STALE_HIGH_OPPORTUNITY,691,34.0
9461,content_9079b941f76e5b0e,70.67179662172074,STALE_HIGH_OPPORTUNITY,691,34.0
9462,content_9b767ff2f37f7e18,70.66429896756625,STALE_HIGH_OPPORTUNITY,690,34.0
9463,content_99d0f93ab9b2e11a,70.66429896756625,STALE_HIGH_OPPORTUNITY,690,34.0
9464,content_d12b169e79f61c5b,70.66429896756625,STALE_HIGH_OPPORTUNITY,690,34.0
9465,content_8806e291bab20ca7,70.66429896756625,STALE_HIGH_OPPORTUNITY,690,34.0
9466,content_d41ae13f2a0478d5,70.66429896756625,STALE_HIGH_OPPORTUNITY,690,34.0
9467,content_75539adf2d2d108c,70.66429896756625,STALE_HIGH_OPPORTUNITY,690,34.0
9468,content_e61c0c4dedd92717,70.66429896756625,STALE_HIGH_OPPORTUNITY,690,34.0
9469,content_90ce73479ad11dbc,70.66429896756625,STALE_HIGH_OPPORTUNITY,690,34.0
9470,content_914df255cdb669bc,70.66429896756625,STALE_HIGH_OPPORTUNITY,690,34.0
9471,content_2c9a9878d6aeb63f,70.65743491798821,STALE_HIGH_OPPORTUNITY,689,34.0
9472,content_eba31f4e3ba7a7ef,70.65743491798821,STALE_HIGH_OPPORTUNITY,689,34.0
9473,content_9c96eb58c16a03d9,70.65743491798821,STALE_HIGH_OPPORTUNITY,689,34.0
9474,content_28e99ba46365dab3,70.65743491798821,STALE_HIGH_OPPORTUNITY,689,34.0
9475,content_bbf8c89e5551f481,70.65743491798821,STALE_HIGH_OPPORTUNITY,689,34.0
9476,content_2a04e2bf348a175b,70.65743491798821,STALE_HIGH_OPPORTUNITY,689,34.0
9477,content_9ce2f94f6c78f44d,70.65524273500714,STALE_HIGH_OPPORTUNITY,62,113.0
9478,content_82d0467e54d9a0b4,70.65067646917291,STALE_HIGH_OPPORTUNITY,688,34.0
9479,content_a4d9a722719741d5,70.65067646917291,STALE_HIGH_OPPORTUNITY,688,34.0
9480,content_f1286119755fe03f,70.65067646917291,STALE_HIGH_OPPORTUNITY,688,34.0
9481,content_2dbfce3f68f61eb3,70.65067646917291,STALE_HIGH_OPPORTUNITY,688,34.0
9482,content_5ab69b567e87fc22,70.65067646917291,STALE_HIGH_OPPORTUNITY,688,34.0
9483,content_26b2bc6827e3aa3d,70.65067646917291,STALE_HIGH_OPPORTUNITY,688,34.0
9484,content_269800e82f3b1787,70.65067646917291,STALE_HIGH_OPPORTUNITY,688,34.0
9485,content_eb51df40aeefb7f5,70.65067646917291,STALE_HIGH_OPPORTUNITY,688,34.0
9486,content_f0b5f87761aa355e,70.65067646917291,STALE_HIGH_OPPORTUNITY,688,34.0
9487,content_e8cc1897b14b70e7,70.65067646917291,STALE_HIGH_OPPORTUNITY,688,34.0
9488,content_47270fd168a01f70,70.64517956742412,STALE_HIGH_OPPORTUNITY,58,131.0
9489,content_40eaf7b584a3fd72,70.64517956742412,STALE_HIGH_OPPORTUNITY,58,131.0
9490,content_aa8439c1330e54f1,70.64254521044197,STALE_HIGH_OPPORTUNITY,687,34.0
9491,content_dcf2683fdf038916,70.64254521044197,STALE_HIGH_OPPORTUNITY,687,34.0
9492,content_9c9ae453aca613bd,70.64254521044197,STALE_HIGH_OPPORTUNITY,687,34.0
9493,content_bf49cd8e5fcace92,70.64254521044197,STALE_HIGH_OPPORTUNITY,687,34.0
9494,content_6b271ce06f1ecb90,70.64254521044197,STALE_HIGH_OPPORTUNITY,687,34.0
9495,content_0fb8107bedf37008,70.64254521044197,STALE_HIGH_OPPORTUNITY,687,34.0
9496,content_ab6247e5ae7b26ab,70.64254521044197,STALE_HIGH_OPPORTUNITY,687,34.0
9497,content_f5211452b44113f0,70.64254521044197,STALE_HIGH_OPPORTUNITY,687,34.0
9498,content_86981e798c0bbf5c,70.63451955247379,STALE_HIGH_OPPORTUNITY,686,34.0
9499,content_efbc5051e9d6753c,70.63451955247379,STALE_HIGH_OPPORTUNITY,686,34.0
9500,content_9d7fe3c50139ba05,70.63451955247379,STALE_HIGH_OPPORTUNITY,686,34.0
9501,content_83e6169aeb880f16,70.63451955247379,STALE_HIGH_OPPORTUNITY,686,34.0
9502,content_af5faa04f840b571,70.63451955247379,STALE_HIGH_OPPORTUNITY,686,34.0
9503,content_35651fdc70c0fca7,70.63451955247379,STALE_HIGH_OPPORTUNITY,686,34.0
9504,content_56b81dd9d3aee602,70.63451955247379,STALE_HIGH_OPPORTUNITY,686,34.0
9505,content_c614cecf4ea5e77b,70.63451955247379,STALE_HIGH_OPPORTUNITY,686,34.0
9506,content_51357a4de5a9dc89,70.63451955247379,STALE_HIGH_OPPORTUNITY,686,34.0
9507,content_03256f7610550e4d,70.63451955247379,STALE_HIGH_OPPORTUNITY,686,34.0
9508,content_e810a9c2face7e8c,70.63451955247379,STALE_HIGH_OPPORTUNITY,686,34.0
9509,content_ce048bfd85ce37a3,70.63451955247379,STALE_HIGH_OPPORTUNITY,686,34.0
9510,content_d6ef870f75d13b3b,70.62992260512004,STALE_HIGH_OPPORTUNITY,65,81.0
9511,content_194de22ac18327f5,70.62723309984479,STALE_HIGH_OPPORTUNITY,685,34.0
9512,content_5537a71a5bdd3c71,70.62723309984479,STALE_HIGH_OPPORTUNITY,685,34.0
9513,content_bd7a700607bc19b2,70.62723309984479,STALE_HIGH_OPPORTUNITY,685,34.0
9514,content_0bc13ad8ef43c9c2,70.62723309984479,STALE_HIGH_OPPORTUNITY,685,34.0
9515,content_251b2fe725cc00c2,70.62723309984479,STALE_HIGH_OPPORTUNITY,685,34.0
9516,content_546c373b2bf91bb4,70.62723309984479,STALE_HIGH_OPPORTUNITY,685,34.0
9517,content_dda395edc3a91417,70.62723309984479,STALE_HIGH_OPPORTUNITY,685,34.0
9518,content_51995f90f55a4e98,70.62723309984479,STALE_HIGH_OPPORTUNITY,685,34.0
9519,content_e0b1d7134dfa7a48,70.62723309984479,STALE_HIGH_OPPORTUNITY,685,34.0
9520,content_a6e58b103749c5ca,70.61994664721578,STALE_HIGH_OPPORTUNITY,684,34.0
9521,content_871789e6c764bd10,70.61994664721578,STALE_HIGH_OPPORTUNITY,684,34.0
9522,content_82c7e364104cb881,70.61994664721578,STALE_HIGH_OPPORTUNITY,684,34.0
9523,content_2c1fcca250494b0d,70.61994664721578,STALE_HIGH_OPPORTUNITY,684,34.0
9524,content_d0f8f0b774bcdd4b,70.61994664721578,STALE_HIGH_OPPORTUNITY,684,34.0
9525,content_f10f2609e22b8d67,70.61994664721578,STALE_HIGH_OPPORTUNITY,684,34.0
9526,content_7034be602b106b3c,70.61994664721578,STALE_HIGH_OPPORTUNITY,684,34.0
9527,content_239c96ee6448e1c0,70.61994664721578,STALE_HIGH_OPPORTUNITY,684,34.0
9528,content_9dc3b4c43352b14e,70.61666382802888,STALE_HIGH_OPPORTUNITY,74,62.0
9529,content_22f90ee7a0713471,70.61576304286174,STALE_HIGH_OPPORTUNITY,41,141.0
9530,content_62828281b9c9732f,70.61339939992595,STALE_HIGH_OPPORTUNITY,683,34.0
9531,content_99368ad211bd176e,70.61339939992595,STALE_HIGH_OPPORTUNITY,683,34.0
9532,content_dc619e629307051c,70.61339939992595,STALE_HIGH_OPPORTUNITY,683,34.0
9533,content_56f0e89634eb5e51,70.61339939992595,STALE_HIGH_OPPORTUNITY,683,34.0
9534,content_55134b3f6d46a16a,70.61339939992595,STALE_HIGH_OPPORTUNITY,683,34.0
9535,content_07c11e480bf18bdf,70.61339939992595,STALE_HIGH_OPPORTUNITY,683,34.0
9536,content_ec7d5fed401c627a,70.61339939992595,STALE_HIGH_OPPORTUNITY,683,34.0
9537,content_c47d5de7c2b25562,70.61339939992595,STALE_HIGH_OPPORTUNITY,683,34.0
9538,content_481dcd10d0ddd79d,70.61339939992595,STALE_HIGH_OPPORTUNITY,683,34.0
9539,content_e79636a54df4a041,70.61339939992595,STALE_HIGH_OPPORTUNITY,683,34.0
9540,content_fb78e4e8b654d204,70.60611294729695,STALE_HIGH_OPPORTUNITY,682,34.0
9541,content_0a82bd3c43bce79d,70.60611294729695,STALE_HIGH_OPPORTUNITY,682,34.0
9542,content_7f14a5211906af17,70.60611294729695,STALE_HIGH_OPPORTUNITY,682,34.0
9543,content_070364ed6fcd5ec6,70.60611294729695,STALE_HIGH_OPPORTUNITY,682,34.0
9544,content_4986c02f4968190b,70.60611294729695,STALE_HIGH_OPPORTUNITY,682,34.0
9545,content_48097e3896dcb92a,70.60611294729695,STALE_HIGH_OPPORTUNITY,682,34.0
9546,content_5da1e003f9129c38,70.60611294729695,STALE_HIGH_OPPORTUNITY,682,34.0
9547,content_06e1339975f2fc5b,70.5973480839896,STALE_HIGH_OPPORTUNITY,681,34.0
9548,content_e83bfe7228513fc0,70.5973480839896,STALE_HIGH_OPPORTUNITY,681,34.0
9549,content_56ccee117d5f79aa,70.5973480839896,STALE_HIGH_OPPORTUNITY,681,34.0
9550,content_da01e1a216e555b4,70.5973480839896,STALE_HIGH_OPPORTUNITY,681,34.0
9551,content_e370c5e6a8d738a4,70.5973480839896,STALE_HIGH_OPPORTUNITY,681,34.0
9552,content_7aff96a9a33ec727,70.5973480839896,STALE_HIGH_OPPORTUNITY,681,34.0
9553,content_7897f05a03446edb,70.5973480839896,STALE_HIGH_OPPORTUNITY,681,34.0
9554,content_6f758dbebecc8eb0,70.5973480839896,STALE_HIGH_OPPORTUNITY,681,34.0
9555,content_64e4075f601f1e77,70.5973480839896,STALE_HIGH_OPPORTUNITY,681,34.0
9556,content_63a06273f11c0f5c,70.58868882144498,STALE_HIGH_OPPORTUNITY,680,34.0
9557,content_566931c7518b2450,70.58868882144498,STALE_HIGH_OPPORTUNITY,680,34.0
9558,content_893be3c582f9339a,70.58868882144498,STALE_HIGH_OPPORTUNITY,680,34.0
9559,content_d0548fd70a0b977f,70.58868882144498,STALE_HIGH_OPPORTUNITY,680,34.0
9560,content_9c8bdc11b1b6cbd9,70.58868882144498,STALE_HIGH_OPPORTUNITY,680,34.0
9561,content_c064febccc62418e,70.58097996576501,STALE_HIGH_OPPORTUNITY,679,34.0
9562,content_5c954316d9fc35d6,70.57453831923792,STALE_HIGH_OPPORTUNITY,678,34.0
9563,content_04bd73ec64c85ae1,70.57453831923792,STALE_HIGH_OPPORTUNITY,678,34.0
9564,content_a9fb95fc93bdf3e9,70.57453831923792,STALE_HIGH_OPPORTUNITY,678,34.0
9565,content_8bf18109c94325bf,70.57453831923792,STALE_HIGH_OPPORTUNITY,678,34.0
9566,content_6d37d88164f17bd8,70.56883587805,STALE_HIGH_OPPORTUNITY,677,34.0
9567,content_b2dc76344666fc07,70.56883587805,STALE_HIGH_OPPORTUNITY,677,34.0
9568,content_c05ce285a2118665,70.56883587805,STALE_HIGH_OPPORTUNITY,677,34.0
9569,content_453c7b8607cf0797,70.56883587805,STALE_HIGH_OPPORTUNITY,677,34.0
9570,content_0868c1cfb576c6aa,70.56883587805,STALE_HIGH_OPPORTUNITY,677,34.0
9571,content_a6a3b897338ade52,70.56883587805,STALE_HIGH_OPPORTUNITY,677,34.0
9572,content_5bc2114931a390b0,70.56883587805,STALE_HIGH_OPPORTUNITY,677,34.0
9573,content_c7a84e38797b3ca3,70.56883587805,STALE_HIGH_OPPORTUNITY,677,34.0
9574,content_11e838bb2f2ef2b4,70.56154942542099,STALE_HIGH_OPPORTUNITY,676,34.0
9575,content_d089b1bb89cbe8dc,70.56154942542099,STALE_HIGH_OPPORTUNITY,676,34.0
9576,content_ec32cb4e5aff57e9,70.56154942542099,STALE_HIGH_OPPORTUNITY,676,34.0
9577,content_92b674ea73e96769,70.56154942542099,STALE_HIGH_OPPORTUNITY,676,34.0
9578,content_f394c47d78460ecf,70.56154942542099,STALE_HIGH_OPPORTUNITY,676,34.0
9579,content_074fadc6641215cd,70.56154942542099,STALE_HIGH_OPPORTUNITY,676,34.0
9580,content_c61b77cf3bf422a7,70.56154942542099,STALE_HIGH_OPPORTUNITY,676,34.0
9581,content_a615854b2931e850,70.56154942542099,STALE_HIGH_OPPORTUNITY,676,34.0
9582,content_ed3449e8708c78b4,70.56154942542099,STALE_HIGH_OPPORTUNITY,676,34.0
9583,content_62e7fd2baab45c1d,70.56154942542099,STALE_HIGH_OPPORTUNITY,676,34.0
9584,content_3fbb477b49b0a1de,70.56154942542099,STALE_HIGH_OPPORTUNITY,676,34.0
9585,content_bf48766f34e737e9,70.5540517712665,STALE_HIGH_OPPORTUNITY,675,34.0
9586,content_2f3c485d97333628,70.5540517712665,STALE_HIGH_OPPORTUNITY,675,34.0
9587,content_f15371d9685e70e2,70.5540517712665,STALE_HIGH_OPPORTUNITY,675,34.0
9588,content_676447812bcb0812,70.5540517712665,STALE_HIGH_OPPORTUNITY,675,34.0
9589,content_e447fd4ecc4da2b3,70.5540517712665,STALE_HIGH_OPPORTUNITY,675,34.0
9590,content_ccad43b6ea92e494,70.54665971787477,STALE_HIGH_OPPORTUNITY,674,34.0
9591,content_596cb544d2a833ae,70.54665971787477,STALE_HIGH_OPPORTUNITY,674,34.0
9592,content_0fb22ddd62aee8b4,70.54665971787477,STALE_HIGH_OPPORTUNITY,674,34.0
9593,content_706b3345ff61a97d,70.54665971787477,STALE_HIGH_OPPORTUNITY,674,34.0
9594,content_9537e04b0fc8e965,70.54665971787477,STALE_HIGH_OPPORTUNITY,674,34.0
9595,content_5bdcf114f5b46148,70.54665971787477,STALE_HIGH_OPPORTUNITY,674,34.0
9596,content_3a611f51e10fffc4,70.54665971787477,STALE_HIGH_OPPORTUNITY,674,34.0
9597,content_a8dd062bdf4d1b98,70.54665971787477,STALE_HIGH_OPPORTUNITY,674,34.0
9598,content_befe7fa9a0736f3c,70.54665971787477,STALE_HIGH_OPPORTUNITY,674,34.0
9599,content_5094631acbe90b90,70.54665971787477,STALE_HIGH_OPPORTUNITY,674,34.0
9600,content_b44f84002e757103,70.54665971787477,STALE_HIGH_OPPORTUNITY,674,34.0
9601,content_f884b11d03f45be9,70.54665971787477,STALE_HIGH_OPPORTUNITY,674,34.0
9602,content_86af0d3b75a53873,70.54665971787477,STALE_HIGH_OPPORTUNITY,674,34.0
9603,content_e0c92a8126c3e136,70.53831725761836,STALE_HIGH_OPPORTUNITY,673,34.0
9604,content_35b46df01047db90,70.53831725761836,STALE_HIGH_OPPORTUNITY,673,34.0
9605,content_c680e80f01e89988,70.53831725761836,STALE_HIGH_OPPORTUNITY,673,34.0
9606,content_7072f1b2d552a357,70.53831725761836,STALE_HIGH_OPPORTUNITY,673,34.0
9607,content_b0fc097d1a4b4d1d,70.53831725761836,STALE_HIGH_OPPORTUNITY,673,34.0
9608,content_8d4c2dfa8a9decb3,70.53831725761836,STALE_HIGH_OPPORTUNITY,673,34.0
9609,content_cc4dc02b8ac19567,70.53831725761836,STALE_HIGH_OPPORTUNITY,673,34.0
9610,content_f1a39f5f20b58cdb,70.53831725761836,STALE_HIGH_OPPORTUNITY,673,34.0
9611,content_871250f09247d50c,70.53831725761836,STALE_HIGH_OPPORTUNITY,673,34.0
9612,content_1a2dd505bc967d16,70.53831725761836,STALE_HIGH_OPPORTUNITY,673,34.0
9613,content_eaddef0adb679c49,70.53831725761836,STALE_HIGH_OPPORTUNITY,673,34.0
9614,content_8eb96fe0b73e3064,70.5341592075293,STALE_HIGH_OPPORTUNITY,17,243.0
9615,content_d7e177327bbec434,70.52997479736197,STALE_HIGH_OPPORTUNITY,672,34.0
9616,content_2722b167ef9a3eea,70.52997479736197,STALE_HIGH_OPPORTUNITY,672,34.0
9617,content_3c01817694061355,70.52997479736197,STALE_HIGH_OPPORTUNITY,672,34.0
9618,content_b2efe09225a3ccd7,70.52997479736197,STALE_HIGH_OPPORTUNITY,672,34.0
9619,content_39305719db726807,70.52997479736197,STALE_HIGH_OPPORTUNITY,672,34.0
9620,content_5a297a17ac186647,70.52997479736197,STALE_HIGH_OPPORTUNITY,672,34.0
9621,content_0e0012abb15d00ef,70.52997479736197,STALE_HIGH_OPPORTUNITY,672,34.0
9622,content_f4cc4a1a6f0c16ab,70.5267386761252,STALE_HIGH_OPPORTUNITY,80,36.0
9623,content_e3d70fc09bc7ed1e,70.52279394549569,STALE_HIGH_OPPORTUNITY,671,34.0
9624,content_3aaf59a3cb4c6863,70.52279394549569,STALE_HIGH_OPPORTUNITY,671,34.0
9625,content_ecdef568b373e125,70.51645789973134,STALE_HIGH_OPPORTUNITY,670,34.0
9626,content_39767748c40449d8,70.51645789973134,STALE_HIGH_OPPORTUNITY,670,34.0
9627,content_8a04f126f2702b85,70.51645789973134,STALE_HIGH_OPPORTUNITY,670,34.0
9628,content_c51674145088fc00,70.51645789973134,STALE_HIGH_OPPORTUNITY,670,34.0
9629,content_b2127d171adb260f,70.51645789973134,STALE_HIGH_OPPORTUNITY,670,34.0
9630,content_8b2f6c7818e11409,70.5099106524415,STALE_HIGH_OPPORTUNITY,669,34.0
9631,content_714db4c9af0f585f,70.5099106524415,STALE_HIGH_OPPORTUNITY,669,34.0
9632,content_016331aea347f7db,70.5099106524415,STALE_HIGH_OPPORTUNITY,669,34.0
9633,content_d6cb0d285fe7afa0,70.5099106524415,STALE_HIGH_OPPORTUNITY,669,34.0
9634,content_83f106937626c8e4,70.5099106524415,STALE_HIGH_OPPORTUNITY,669,34.0
9635,content_49e4997006647de9,70.5099106524415,STALE_HIGH_OPPORTUNITY,669,34.0
9636,content_1d9b3bf1ff59a0df,70.5099106524415,STALE_HIGH_OPPORTUNITY,669,34.0
9637,content_79e7c4a6353f8876,70.50272980057524,STALE_HIGH_OPPORTUNITY,668,34.0
9638,content_a90e57e6e7a4d69b,70.50272980057524,STALE_HIGH_OPPORTUNITY,668,34.0
9639,content_345ebf1a8a36eced,70.50272980057524,STALE_HIGH_OPPORTUNITY,668,34.0
9640,content_e7725d239a7b5ce9,70.50272980057524,STALE_HIGH_OPPORTUNITY,668,34.0
9641,content_0703380c344267d2,70.50272980057524,STALE_HIGH_OPPORTUNITY,668,34.0
9642,content_b519470c2fa74096,70.50272980057524,STALE_HIGH_OPPORTUNITY,668,34.0
9643,content_6e37829773a0d15c,70.50272980057524,STALE_HIGH_OPPORTUNITY,668,34.0
9644,content_57219ba6d1d964be,70.50272980057524,STALE_HIGH_OPPORTUNITY,668,34.0
9645,content_73aa32cad383d8f9,70.50272980057524,STALE_HIGH_OPPORTUNITY,668,34.0
9646,content_bd56c52b157085ea,70.50272980057524,STALE_HIGH_OPPORTUNITY,668,34.0
9647,content_be14196c021d95b8,70.50272980057524,STALE_HIGH_OPPORTUNITY,668,34.0
9648,content_b78bc7c30a4215bf,70.50272980057524,STALE_HIGH_OPPORTUNITY,668,34.0
9649,content_9795761577e817d3,70.49512088357169,STALE_HIGH_OPPORTUNITY,56,131.0
9650,content_e1fd65d54e1736e3,70.49491534413255,STALE_HIGH_OPPORTUNITY,667,34.0
9651,content_ab368793098a907d,70.49491534413255,STALE_HIGH_OPPORTUNITY,667,34.0
9652,content_5fe1cbad851fc186,70.49491534413255,STALE_HIGH_OPPORTUNITY,667,34.0
9653,content_b953f64539cd4bcd,70.49491534413255,STALE_HIGH_OPPORTUNITY,667,34.0
9654,content_f7d8ab6bd18866b3,70.49491534413255,STALE_HIGH_OPPORTUNITY,667,34.0
9655,content_d1102419b6c00733,70.49491534413255,STALE_HIGH_OPPORTUNITY,667,34.0
9656,content_459b5b20db09e859,70.49491534413255,STALE_HIGH_OPPORTUNITY,667,34.0
9657,content_a02cb5b997963c69,70.49491534413255,STALE_HIGH_OPPORTUNITY,667,34.0
9658,content_b35365b080464285,70.49390882271193,STALE_HIGH_OPPORTUNITY,63,81.0
9659,content_8c61bf4a316b1ef0,70.48720648845259,STALE_HIGH_OPPORTUNITY,666,34.0
9660,content_7adc3cbd9fb4bb0f,70.48720648845259,STALE_HIGH_OPPORTUNITY,666,34.0
9661,content_52637a5c7bea4d28,70.48720648845259,STALE_HIGH_OPPORTUNITY,666,34.0
9662,content_4100fefd05de0a62,70.48720648845259,STALE_HIGH_OPPORTUNITY,666,34.0
9663,content_48f5587b5cbee49f,70.48720648845259,STALE_HIGH_OPPORTUNITY,666,34.0
9664,content_11fbcd385faa7f51,70.48720648845259,STALE_HIGH_OPPORTUNITY,666,34.0
9665,content_5c6ef37715d379a6,70.48720648845259,STALE_HIGH_OPPORTUNITY,666,34.0
9666,content_93f60254fcb51217,70.47992003582357,STALE_HIGH_OPPORTUNITY,665,34.0
9667,content_c2612ee29b64c909,70.47992003582357,STALE_HIGH_OPPORTUNITY,665,34.0
9668,content_bbefb0cae6d63e93,70.47992003582357,STALE_HIGH_OPPORTUNITY,665,34.0
9669,content_0e6d886854416c14,70.47992003582357,STALE_HIGH_OPPORTUNITY,665,34.0
9670,content_36981f673dff9339,70.47992003582357,STALE_HIGH_OPPORTUNITY,665,34.0
9671,content_45eff34b870cc828,70.47992003582357,STALE_HIGH_OPPORTUNITY,665,34.0
9672,content_e66475ce6ec8bb56,70.47992003582357,STALE_HIGH_OPPORTUNITY,665,34.0
9673,content_6791e8b4d27c9c08,70.47992003582357,STALE_HIGH_OPPORTUNITY,665,34.0
9674,content_dab0503f7212a312,70.47178877709266,STALE_HIGH_OPPORTUNITY,664,34.0
9675,content_573d17bc2768062e,70.47178877709266,STALE_HIGH_OPPORTUNITY,664,34.0
9676,content_1ce882f4265344ff,70.47178877709266,STALE_HIGH_OPPORTUNITY,664,34.0
9677,content_2acba08b6521d539,70.47178877709266,STALE_HIGH_OPPORTUNITY,664,34.0
9678,content_75edfc130847da99,70.47178877709266,STALE_HIGH_OPPORTUNITY,664,34.0
9679,content_5b03c88a7b973777,70.47178877709266,STALE_HIGH_OPPORTUNITY,664,34.0
9680,content_dad53a99b4793a59,70.47178877709266,STALE_HIGH_OPPORTUNITY,664,34.0
9681,content_9a3570c33ccf2b76,70.47178877709266,STALE_HIGH_OPPORTUNITY,664,34.0
9682,content_0b781f6da1902de8,70.47178877709266,STALE_HIGH_OPPORTUNITY,664,34.0
9683,content_d5bb07ab702bbc99,70.47178877709266,STALE_HIGH_OPPORTUNITY,664,34.0
9684,content_d168f716087de07b,70.47178877709266,STALE_HIGH_OPPORTUNITY,664,34.0
9685,content_ba0715a4d382c980,70.47178877709266,STALE_HIGH_OPPORTUNITY,664,34.0
9686,content_1296dbb7d27c59e4,70.46312951454803,STALE_HIGH_OPPORTUNITY,663,34.0
9687,content_ad5d887b55f02619,70.46312951454803,STALE_HIGH_OPPORTUNITY,663,34.0
9688,content_28c5b36e8b06dbc9,70.46312951454803,STALE_HIGH_OPPORTUNITY,663,34.0
9689,content_2d4fd481e83f7efc,70.46312951454803,STALE_HIGH_OPPORTUNITY,663,34.0
9690,content_1001b280c469cf39,70.46312951454803,STALE_HIGH_OPPORTUNITY,663,34.0
9691,content_fab5cf92f93a6839,70.46312951454803,STALE_HIGH_OPPORTUNITY,663,34.0
9692,content_7054a4c442805499,70.46312951454803,STALE_HIGH_OPPORTUNITY,663,34.0
9693,content_2931fff0cc56d74d,70.45499825581712,STALE_HIGH_OPPORTUNITY,662,34.0
9694,content_b525195182081236,70.45499825581712,STALE_HIGH_OPPORTUNITY,662,34.0
9695,content_b781adfd33d4a362,70.45499825581712,STALE_HIGH_OPPORTUNITY,662,34.0
9696,content_bf7c8c3ccceb938e,70.45499825581712,STALE_HIGH_OPPORTUNITY,662,34.0
9697,content_a7edb413c0713e4e,70.45499825581712,STALE_HIGH_OPPORTUNITY,662,34.0
9698,content_be60602b01eb9d4f,70.45499825581712,STALE_HIGH_OPPORTUNITY,662,34.0
9699,content_ccd96a00983277d4,70.44739500089989,STALE_HIGH_OPPORTUNITY,661,34.0
9700,content_c6ff480e71a9ded6,70.44739500089989,STALE_HIGH_OPPORTUNITY,661,34.0
9701,content_e4363120a51a17c8,70.44739500089989,STALE_HIGH_OPPORTUNITY,661,34.0
9702,content_e2e63d2ea035665a,70.44739500089989,STALE_HIGH_OPPORTUNITY,661,34.0
9703,content_66d9fbfbb95abaca,70.44739500089989,STALE_HIGH_OPPORTUNITY,661,34.0
9704,content_94eec435d8ea416b,70.43926374216898,STALE_HIGH_OPPORTUNITY,660,34.0
9705,content_43dff3f6734e6178,70.43926374216898,STALE_HIGH_OPPORTUNITY,660,34.0
9706,content_cf2df089e28cc209,70.43926374216898,STALE_HIGH_OPPORTUNITY,660,34.0
9707,content_0bc215a4cc8c0245,70.43926374216898,STALE_HIGH_OPPORTUNITY,660,34.0
9708,content_9a429c99a91339b0,70.43926374216898,STALE_HIGH_OPPORTUNITY,660,34.0
9709,content_8ea310bd2cea799c,70.43926374216898,STALE_HIGH_OPPORTUNITY,660,34.0
9710,content_3d818d7356c38634,70.43926374216898,STALE_HIGH_OPPORTUNITY,660,34.0
9711,content_a41965cb1dd5ddee,70.42997087504793,STALE_HIGH_OPPORTUNITY,659,34.0
9712,content_2192188cef3fd946,70.42997087504793,STALE_HIGH_OPPORTUNITY,659,34.0
9713,content_2eb71281866dbbc6,70.42997087504793,STALE_HIGH_OPPORTUNITY,659,34.0
9714,content_7ac617813ba8b18b,70.42997087504793,STALE_HIGH_OPPORTUNITY,659,34.0
9715,content_1e6e26bdd306ad81,70.42997087504793,STALE_HIGH_OPPORTUNITY,659,34.0
9716,content_dbe9938def3c4050,70.42997087504793,STALE_HIGH_OPPORTUNITY,659,34.0
9717,content_f38cb79c6c3141ff,70.42997087504793,STALE_HIGH_OPPORTUNITY,659,34.0
9718,content_61e894dde9db2690,70.42997087504793,STALE_HIGH_OPPORTUNITY,659,34.0
9719,content_1a6e3b1931bff26a,70.42997087504793,STALE_HIGH_OPPORTUNITY,659,34.0
9720,content_7e9aad711de7543c,70.42997087504793,STALE_HIGH_OPPORTUNITY,659,34.0
9721,content_d5c3e70294bfbc4b,70.42997087504793,STALE_HIGH_OPPORTUNITY,659,34.0
9722,content_72b1c6938afdbbff,70.42205081784249,STALE_HIGH_OPPORTUNITY,658,34.0
9723,content_c4caacaa8804e5e9,70.42205081784249,STALE_HIGH_OPPORTUNITY,658,34.0
9724,content_2961f32724db2bb0,70.42205081784249,STALE_HIGH_OPPORTUNITY,658,34.0
9725,content_673a1c44d2eff714,70.42205081784249,STALE_HIGH_OPPORTUNITY,658,34.0
9726,content_2bbbaab8235aef9d,70.42205081784249,STALE_HIGH_OPPORTUNITY,658,34.0
9727,content_df8209aeaf4d4e0a,70.42205081784249,STALE_HIGH_OPPORTUNITY,658,34.0
9728,content_24a65afb31feb2b7,70.42205081784249,STALE_HIGH_OPPORTUNITY,658,34.0
9729,content_b74ada8a1b72ea1b,70.42205081784249,STALE_HIGH_OPPORTUNITY,658,34.0
9730,content_b0a33934c26fa6ba,70.42205081784249,STALE_HIGH_OPPORTUNITY,658,34.0
9731,content_c7bb2e3ead13c512,70.42205081784249,STALE_HIGH_OPPORTUNITY,658,34.0
9732,content_9d3c4773446c0a08,70.4170819199074,STALE_HIGH_OPPORTUNITY,55,131.0
9733,content_1e3aca31711eeca8,70.4170819199074,STALE_HIGH_OPPORTUNITY,55,131.0
9734,content_6ab2a57623c1a6c9,70.41391955911155,STALE_HIGH_OPPORTUNITY,657,34.0
9735,content_3d3df585ffe864e1,70.41391955911155,STALE_HIGH_OPPORTUNITY,657,34.0
9736,content_f8ca9dfd2c936196,70.41391955911155,STALE_HIGH_OPPORTUNITY,657,34.0
9737,content_391ba4add35aaa11,70.41391955911155,STALE_HIGH_OPPORTUNITY,657,34.0
9738,content_3f5b26a9640e4560,70.41391955911155,STALE_HIGH_OPPORTUNITY,657,34.0
9739,content_1e3e797542763631,70.41391955911155,STALE_HIGH_OPPORTUNITY,657,34.0
9740,content_361f144347d6fb69,70.41391955911155,STALE_HIGH_OPPORTUNITY,657,34.0
9741,content_ebcd8031b5ff6b54,70.41391955911155,STALE_HIGH_OPPORTUNITY,657,34.0
9742,content_3a55043e53746301,70.41391955911155,STALE_HIGH_OPPORTUNITY,657,34.0
9743,content_8c8cd6792c9f0b32,70.41391955911155,STALE_HIGH_OPPORTUNITY,657,34.0
9744,content_8a2864cdb1666c6d,70.41391955911155,STALE_HIGH_OPPORTUNITY,657,34.0
9745,content_f0a2d33203213789,70.40578830038064,STALE_HIGH_OPPORTUNITY,656,34.0
9746,content_24c6ffb8c8a050eb,70.40578830038064,STALE_HIGH_OPPORTUNITY,656,34.0
9747,content_ac4d2863b9e77f62,70.40578830038064,STALE_HIGH_OPPORTUNITY,656,34.0
9748,content_ddebb532a6297480,70.40578830038064,STALE_HIGH_OPPORTUNITY,656,34.0
9749,content_49e6b7b63e055c68,70.40578830038064,STALE_HIGH_OPPORTUNITY,656,34.0
9750,content_b07d79a974c71d49,70.40578830038064,STALE_HIGH_OPPORTUNITY,656,34.0
9751,content_8a2d3668236548ae,70.39955529531731,STALE_HIGH_OPPORTUNITY,19,232.0
9752,content_71fb42a25686536d,70.39850184775163,STALE_HIGH_OPPORTUNITY,655,34.0
9753,content_e57189648d35cc1f,70.39850184775163,STALE_HIGH_OPPORTUNITY,655,34.0
9754,content_08daa645cb0b1d46,70.39850184775163,STALE_HIGH_OPPORTUNITY,655,34.0
9755,content_b760b52a0c7f6e93,70.39850184775163,STALE_HIGH_OPPORTUNITY,655,34.0
9756,content_41883e8f0bb2ef86,70.39850184775163,STALE_HIGH_OPPORTUNITY,655,34.0
9757,content_c1b1dc38030ccb35,70.39110979435989,STALE_HIGH_OPPORTUNITY,654,34.0
9758,content_636545cfa465e763,70.39110979435989,STALE_HIGH_OPPORTUNITY,654,34.0
9759,content_dfb8ea1ad0154e8c,70.39110979435989,STALE_HIGH_OPPORTUNITY,654,34.0
9760,content_4b7df417960d4ca5,70.39110979435989,STALE_HIGH_OPPORTUNITY,654,34.0
9761,content_5e1d21e744c2b861,70.39110979435989,STALE_HIGH_OPPORTUNITY,654,34.0
9762,content_126eb463c20d6717,70.39110979435989,STALE_HIGH_OPPORTUNITY,654,34.0
9763,content_0d76e7b2d47328a7,70.39110979435989,STALE_HIGH_OPPORTUNITY,654,34.0
9764,content_829bcd8b10fcef5d,70.38245053181527,STALE_HIGH_OPPORTUNITY,653,34.0
9765,content_a29411d91c4acd20,70.38245053181527,STALE_HIGH_OPPORTUNITY,653,34.0
9766,content_35fa448efa957214,70.38245053181527,STALE_HIGH_OPPORTUNITY,653,34.0
9767,content_151e09a509dc463c,70.38245053181527,STALE_HIGH_OPPORTUNITY,653,34.0
9768,content_5cea9d84a730de59,70.38245053181527,STALE_HIGH_OPPORTUNITY,653,34.0
9769,content_9f890b611ed1353f,70.38245053181527,STALE_HIGH_OPPORTUNITY,653,34.0
9770,content_1bb7083ffa093988,70.38245053181527,STALE_HIGH_OPPORTUNITY,653,34.0
9771,content_ea98e5477f39f7da,70.38245053181527,STALE_HIGH_OPPORTUNITY,653,34.0
9772,content_09763afa17681b90,70.37326326545696,STALE_HIGH_OPPORTUNITY,652,34.0
9773,content_381e0abbacc5ccdf,70.37326326545696,STALE_HIGH_OPPORTUNITY,652,34.0
9774,content_77b7f57899639b32,70.37326326545696,STALE_HIGH_OPPORTUNITY,652,34.0
9775,content_ec8ee3d3ca425ca6,70.37326326545696,STALE_HIGH_OPPORTUNITY,652,34.0
9776,content_dc9de17d298add22,70.37326326545696,STALE_HIGH_OPPORTUNITY,652,34.0
9777,content_07f1fdb8d2a0cf9d,70.37326326545696,STALE_HIGH_OPPORTUNITY,652,34.0
9778,content_2928b9f44aa4c8fa,70.37326326545696,STALE_HIGH_OPPORTUNITY,652,34.0
9779,content_b05658f8dd79b5ca,70.37326326545696,STALE_HIGH_OPPORTUNITY,652,34.0
9780,content_fdce6ea4bd2677c4,70.37326326545696,STALE_HIGH_OPPORTUNITY,652,34.0
9781,content_c4f72d7675390877,70.37326326545696,STALE_HIGH_OPPORTUNITY,652,34.0
9782,content_485771b99b3ce80d,70.37326326545696,STALE_HIGH_OPPORTUNITY,652,34.0
9783,content_002b9d87e02225ea,70.36534320825152,STALE_HIGH_OPPORTUNITY,651,34.0
9784,content_bf0d0d75a105a73b,70.36534320825152,STALE_HIGH_OPPORTUNITY,651,34.0
9785,content_2d2acb8e9dfd7047,70.36534320825152,STALE_HIGH_OPPORTUNITY,651,34.0
9786,content_5bd232057ac2339a,70.36534320825152,STALE_HIGH_OPPORTUNITY,651,34.0
9787,content_f129aba8be4cdbfa,70.36534320825152,STALE_HIGH_OPPORTUNITY,651,34.0
9788,content_82d37d58545925d1,70.36534320825152,STALE_HIGH_OPPORTUNITY,651,34.0
9789,content_03e3545f55bf53dd,70.36534320825152,STALE_HIGH_OPPORTUNITY,651,34.0
9790,content_b4fecc8709cbed65,70.36534320825152,STALE_HIGH_OPPORTUNITY,651,34.0
9791,content_abed3cfdc208479f,70.35689514723236,STALE_HIGH_OPPORTUNITY,650,34.0
9792,content_4872d86d8eb12d0b,70.35689514723236,STALE_HIGH_OPPORTUNITY,650,34.0
9793,content_209bfe1197c80071,70.35689514723236,STALE_HIGH_OPPORTUNITY,650,34.0
9794,content_c74ee4f7a40507bc,70.35689514723236,STALE_HIGH_OPPORTUNITY,650,34.0
9795,content_94b5a4e87f3f9b02,70.35689514723236,STALE_HIGH_OPPORTUNITY,650,34.0
9796,content_9f6a2506019440db,70.35689514723236,STALE_HIGH_OPPORTUNITY,650,34.0
9797,content_468b32a26f894a07,70.35689514723236,STALE_HIGH_OPPORTUNITY,650,34.0
9798,content_b1278db784e2670f,70.35689514723236,STALE_HIGH_OPPORTUNITY,650,34.0
9799,content_51cd3a1334f47cff,70.35689514723236,STALE_HIGH_OPPORTUNITY,650,34.0
9800,content_507d7522df90d854,70.34865828773871,STALE_HIGH_OPPORTUNITY,649,34.0
9801,content_9dc86c04ee14e013,70.34865828773871,STALE_HIGH_OPPORTUNITY,649,34.0
9802,content_41d28d99fa10cfa0,70.34865828773871,STALE_HIGH_OPPORTUNITY,649,34.0
9803,content_4d328c98e8988cb7,70.34865828773871,STALE_HIGH_OPPORTUNITY,649,34.0
9804,content_dcfaea6cd776b9d2,70.34865828773871,STALE_HIGH_OPPORTUNITY,649,34.0
9805,content_3fe9273da2df14de,70.34865828773871,STALE_HIGH_OPPORTUNITY,649,34.0
9806,content_3bc6f517e502375a,70.34865828773871,STALE_HIGH_OPPORTUNITY,649,34.0
9807,content_41cce02886eaba63,70.34865828773871,STALE_HIGH_OPPORTUNITY,649,34.0
9808,content_a3447c8789e0708a,70.34137183510971,STALE_HIGH_OPPORTUNITY,648,34.0
9809,content_8f02d51191eda6bb,70.34137183510971,STALE_HIGH_OPPORTUNITY,648,34.0
9810,content_dcac87e24290c332,70.34137183510971,STALE_HIGH_OPPORTUNITY,648,34.0
9811,content_ef7606072bcac23d,70.34137183510971,STALE_HIGH_OPPORTUNITY,648,34.0
9812,content_b853060307871040,70.34137183510971,STALE_HIGH_OPPORTUNITY,648,34.0
9813,content_d901d4f652a1ce63,70.33724774327654,STALE_HIGH_OPPORTUNITY,54,131.0
9814,content_b9c2bf09148d6abe,70.33366297942973,STALE_HIGH_OPPORTUNITY,647,34.0
9815,content_e5ecf29893f802fe,70.33366297942973,STALE_HIGH_OPPORTUNITY,647,34.0
9816,content_fb4965e9197c02d1,70.33366297942973,STALE_HIGH_OPPORTUNITY,647,34.0
9817,content_c241c27151263dd9,70.33366297942973,STALE_HIGH_OPPORTUNITY,647,34.0
9818,content_12f99395f42d51ab,70.32605972451253,STALE_HIGH_OPPORTUNITY,646,34.0
9819,content_112aba5a24d4a2fe,70.32605972451253,STALE_HIGH_OPPORTUNITY,646,34.0
9820,content_3b2f3d5bc909d16b,70.32605972451253,STALE_HIGH_OPPORTUNITY,646,34.0
9821,content_65f6bfcf7db25985,70.32605972451253,STALE_HIGH_OPPORTUNITY,646,34.0
9822,content_047929f6f64e1689,70.32605972451253,STALE_HIGH_OPPORTUNITY,646,34.0
9823,content_3c958aa264fa62e5,70.32605972451253,STALE_HIGH_OPPORTUNITY,646,34.0
9824,content_c8d18622028ecf72,70.31913050032725,STALE_HIGH_OPPORTUNITY,38,141.0
9825,content_b53ac1e6c7874e96,70.3176116634934,STALE_HIGH_OPPORTUNITY,645,34.0
9826,content_1de2293007abff0b,70.3176116634934,STALE_HIGH_OPPORTUNITY,645,34.0
9827,content_4d4ad9c98c9bd67a,70.3176116634934,STALE_HIGH_OPPORTUNITY,645,34.0
9828,content_50a9eee3e8c4b02a,70.3176116634934,STALE_HIGH_OPPORTUNITY,645,34.0
9829,content_ee7fded5730d4ea5,70.3176116634934,STALE_HIGH_OPPORTUNITY,645,34.0
9830,content_89d60d277a0cb2ac,70.30852999789781,STALE_HIGH_OPPORTUNITY,644,34.0
9831,content_bb9573746e5d6035,70.30852999789781,STALE_HIGH_OPPORTUNITY,644,34.0
9832,content_37390c84a678d85f,70.30852999789781,STALE_HIGH_OPPORTUNITY,644,34.0
9833,content_3e932228367c7545,70.30852999789781,STALE_HIGH_OPPORTUNITY,644,34.0
9834,content_f6aa401982f323f1,70.30852999789781,STALE_HIGH_OPPORTUNITY,644,34.0
9835,content_9637ef1ddccce61a,70.30852999789781,STALE_HIGH_OPPORTUNITY,644,34.0
9836,content_e185ba24ff5c8a4b,70.30852999789781,STALE_HIGH_OPPORTUNITY,644,34.0
9837,content_23a54f81c3db4199,70.30852999789781,STALE_HIGH_OPPORTUNITY,644,34.0
9838,content_d2a9c725507cad23,70.30852999789781,STALE_HIGH_OPPORTUNITY,644,34.0
9839,content_1ba6045bd0623ec0,70.30852999789781,STALE_HIGH_OPPORTUNITY,644,34.0
9840,content_7970c02ba39fd988,70.30852999789781,STALE_HIGH_OPPORTUNITY,644,34.0
9841,content_f1151db0f1048a7c,70.30852999789781,STALE_HIGH_OPPORTUNITY,644,34.0
9842,content_d3601928849232dd,70.30852999789781,STALE_HIGH_OPPORTUNITY,644,34.0
9843,content_6cc497e4a1aba7b5,70.30852999789781,STALE_HIGH_OPPORTUNITY,644,34.0
9844,content_fa67aa37a196347d,70.30852999789781,STALE_HIGH_OPPORTUNITY,644,34.0
9845,content_59aae237be96bcb6,70.30852999789781,STALE_HIGH_OPPORTUNITY,644,34.0
9846,content_6eb87ddfb644c275,70.30852999789781,STALE_HIGH_OPPORTUNITY,644,34.0
9847,content_26eb0d8bc56711e5,70.30852999789781,STALE_HIGH_OPPORTUNITY,644,34.0
9848,content_77b65a23a0384321,70.30008193687868,STALE_HIGH_OPPORTUNITY,643,34.0
9849,content_b9eb61080766dfa9,70.30008193687868,STALE_HIGH_OPPORTUNITY,643,34.0
9850,content_0e0379171875c4fb,70.30008193687868,STALE_HIGH_OPPORTUNITY,643,34.0
9851,content_003540985c0a3d97,70.30008193687868,STALE_HIGH_OPPORTUNITY,643,34.0
9852,content_b1d34a8474d5ea91,70.30008193687868,STALE_HIGH_OPPORTUNITY,643,34.0
9853,content_3466a3cdfdf52a48,70.30008193687868,STALE_HIGH_OPPORTUNITY,643,34.0
9854,content_5c73bd68aca8a71b,70.30008193687868,STALE_HIGH_OPPORTUNITY,643,34.0
9855,content_8f671332619eb345,70.30008193687868,STALE_HIGH_OPPORTUNITY,643,34.0
9856,content_4de1dcca371878ed,70.29854483732046,STALE_HIGH_OPPORTUNITY,15,302.0
9857,content_bb264d92c1b8bb6e,70.29734140508097,STALE_HIGH_OPPORTUNITY,13,303.0
9858,content_4779812836013a81,70.29173947662228,STALE_HIGH_OPPORTUNITY,642,34.0
9859,content_cb5a82860c8ff6fb,70.29173947662228,STALE_HIGH_OPPORTUNITY,642,34.0
9860,content_e175878b7069f32a,70.29173947662228,STALE_HIGH_OPPORTUNITY,642,34.0
9861,content_07caedbd5f3a078c,70.29173947662228,STALE_HIGH_OPPORTUNITY,642,34.0
9862,content_99d8f4d81896f308,70.29173947662228,STALE_HIGH_OPPORTUNITY,642,34.0
9863,content_2d77b459e10b5a9b,70.29173947662228,STALE_HIGH_OPPORTUNITY,642,34.0
9864,content_4d1dcfe8b6f36a73,70.29173947662228,STALE_HIGH_OPPORTUNITY,642,34.0
9865,content_71fcc3649d7cfc5b,70.29173947662228,STALE_HIGH_OPPORTUNITY,642,34.0
9866,content_4f647b2d060810ae,70.29173947662228,STALE_HIGH_OPPORTUNITY,642,34.0
9867,content_e2ac853bc9f07c2b,70.28424182246778,STALE_HIGH_OPPORTUNITY,641,34.0
9868,content_f53e101192beba48,70.28424182246778,STALE_HIGH_OPPORTUNITY,641,34.0
9869,content_a722d1e51b2cc47e,70.28424182246778,STALE_HIGH_OPPORTUNITY,641,34.0
9870,content_ebda5b1225f8fc2a,70.28424182246778,STALE_HIGH_OPPORTUNITY,641,34.0
9871,content_a17a8e73857b2a74,70.28424182246778,STALE_HIGH_OPPORTUNITY,641,34.0
9872,content_1ce261b1069f2e67,70.28424182246778,STALE_HIGH_OPPORTUNITY,641,34.0
9873,content_34bbfe4a97e55fc5,70.274843354584,STALE_HIGH_OPPORTUNITY,640,34.0
9874,content_6f2a61d170ef0a8e,70.274843354584,STALE_HIGH_OPPORTUNITY,640,34.0
9875,content_0ce3af9231433539,70.274843354584,STALE_HIGH_OPPORTUNITY,640,34.0
9876,content_30b42da0baf1fc28,70.274843354584,STALE_HIGH_OPPORTUNITY,640,34.0
9877,content_09d08c75421819c9,70.274843354584,STALE_HIGH_OPPORTUNITY,640,34.0
9878,content_657321eda8953fa3,70.274843354584,STALE_HIGH_OPPORTUNITY,640,34.0
9879,content_8ba875ed11e08eaf,70.274843354584,STALE_HIGH_OPPORTUNITY,640,34.0
9880,content_29ca9dad5c42c5a8,70.274843354584,STALE_HIGH_OPPORTUNITY,640,34.0
9881,content_bae51bed9c7c956a,70.274843354584,STALE_HIGH_OPPORTUNITY,640,34.0
9882,content_7b84ff4414219fa9,70.274843354584,STALE_HIGH_OPPORTUNITY,640,34.0
9883,content_1eff469320cd9d36,70.26607849127664,STALE_HIGH_OPPORTUNITY,639,34.0
9884,content_05cc5d41ff1ce3db,70.26607849127664,STALE_HIGH_OPPORTUNITY,639,34.0
9885,content_5529a5c3101bec0a,70.26607849127664,STALE_HIGH_OPPORTUNITY,639,34.0
9886,content_d804fc2b5653fc2e,70.26607849127664,STALE_HIGH_OPPORTUNITY,639,34.0
9887,content_fbe669ca02cde58c,70.26607849127664,STALE_HIGH_OPPORTUNITY,639,34.0
9888,content_413ceefa91f290be,70.26607849127664,STALE_HIGH_OPPORTUNITY,639,34.0
9889,content_ba1e8766480baa6c,70.26607849127664,STALE_HIGH_OPPORTUNITY,639,34.0
9890,content_22c3d72c7868a7a5,70.25910884093585,STALE_HIGH_OPPORTUNITY,638,34.0
9891,content_596d4cd92ec2eafd,70.25910884093585,STALE_HIGH_OPPORTUNITY,638,34.0
9892,content_6fa45bb5b743b18e,70.25910884093585,STALE_HIGH_OPPORTUNITY,638,34.0
9893,content_8942079d5005b7bb,70.25910884093585,STALE_HIGH_OPPORTUNITY,638,34.0
9894,content_4a2118a72cb1c98d,70.25910884093585,STALE_HIGH_OPPORTUNITY,638,34.0
9895,content_4113cf6c7b222f3e,70.25910884093585,STALE_HIGH_OPPORTUNITY,638,34.0
9896,content_036d16b5002a1e66,70.25910884093585,STALE_HIGH_OPPORTUNITY,638,34.0
9897,content_7c2c85e9659f082e,70.25910884093585,STALE_HIGH_OPPORTUNITY,638,34.0
9898,content_741872102f89f030,70.25108318296768,STALE_HIGH_OPPORTUNITY,637,34.0
9899,content_b6382a1dce5ba2bd,70.25108318296768,STALE_HIGH_OPPORTUNITY,637,34.0
9900,content_4cda1a5c1a0d08e1,70.25108318296768,STALE_HIGH_OPPORTUNITY,637,34.0
9901,content_22e059bdb2042ad8,70.25108318296768,STALE_HIGH_OPPORTUNITY,637,34.0
9902,content_c5585d98f6ed0770,70.25108318296768,STALE_HIGH_OPPORTUNITY,637,34.0
9903,content_ef70a59024cea1ef,70.25108318296768,STALE_HIGH_OPPORTUNITY,637,34.0
9904,content_021e14a1c2df9138,70.25108318296768,STALE_HIGH_OPPORTUNITY,637,34.0
9905,content_1debf63992c02a8f,70.25108318296768,STALE_HIGH_OPPORTUNITY,637,34.0
9906,content_f887af48fd639528,70.25108318296768,STALE_HIGH_OPPORTUNITY,637,34.0
9907,content_0b5de003b12836f3,70.25108318296768,STALE_HIGH_OPPORTUNITY,637,34.0
9908,content_973ef516f840ec03,70.24231831966033,STALE_HIGH_OPPORTUNITY,636,34.0
9909,content_f3161b76ca328fd1,70.24231831966033,STALE_HIGH_OPPORTUNITY,636,34.0
9910,content_adadd82705008130,70.24231831966033,STALE_HIGH_OPPORTUNITY,636,34.0
9911,content_aaf8f088f19d5fb8,70.24231831966033,STALE_HIGH_OPPORTUNITY,636,34.0
9912,content_44b07679a783249c,70.24231831966033,STALE_HIGH_OPPORTUNITY,636,34.0
9913,content_c531c385e9389eac,70.24231831966033,STALE_HIGH_OPPORTUNITY,636,34.0
9914,content_3efde07ea0a21b7d,70.24231831966033,STALE_HIGH_OPPORTUNITY,636,34.0
9915,content_5c50745c97870b4c,70.24231831966033,STALE_HIGH_OPPORTUNITY,636,34.0
9916,content_6e55e68fa18ec1c2,70.24231831966033,STALE_HIGH_OPPORTUNITY,636,34.0
9917,content_ff062593b5c2c96d,70.24231831966033,STALE_HIGH_OPPORTUNITY,636,34.0
9918,content_4b7a77e5566967eb,70.24231831966033,STALE_HIGH_OPPORTUNITY,636,34.0
9919,content_4f12e837211dd2fe,70.23270865025106,STALE_HIGH_OPPORTUNITY,635,34.0
9920,content_f0c1a67eb87c9fcd,70.23270865025106,STALE_HIGH_OPPORTUNITY,635,34.0
9921,content_a7123a6c738b3964,70.23270865025106,STALE_HIGH_OPPORTUNITY,635,34.0
9922,content_3a101c8685e25abb,70.23270865025106,STALE_HIGH_OPPORTUNITY,635,34.0
9923,content_ef6eddb41dead2d8,70.23270865025106,STALE_HIGH_OPPORTUNITY,635,34.0
9924,content_d18621a65d130f35,70.23270865025106,STALE_HIGH_OPPORTUNITY,635,34.0
9925,content_37af65fae27e601e,70.23270865025106,STALE_HIGH_OPPORTUNITY,635,34.0
9926,content_c7009fa2a6446ce7,70.23270865025106,STALE_HIGH_OPPORTUNITY,635,34.0
9927,content_32b46e4cf1ca6b6e,70.23270865025106,STALE_HIGH_OPPORTUNITY,635,34.0
9928,content_99e97a81552f40c5,70.23270865025106,STALE_HIGH_OPPORTUNITY,635,34.0
9929,content_87b4482d102df921,70.23270865025106,STALE_HIGH_OPPORTUNITY,635,34.0
9930,content_cd5515ec00f136e1,70.22415498846917,STALE_HIGH_OPPORTUNITY,634,34.0
9931,content_dec515a08b084372,70.22415498846917,STALE_HIGH_OPPORTUNITY,634,34.0
9932,content_d3f86d0f9b387475,70.22415498846917,STALE_HIGH_OPPORTUNITY,634,34.0
9933,content_bdc99cc72fa3d1dc,70.22415498846917,STALE_HIGH_OPPORTUNITY,634,34.0
9934,content_da2b299fbd22fe0d,70.22415498846917,STALE_HIGH_OPPORTUNITY,634,34.0
9935,content_ec14951d9f61be9c,70.22415498846917,STALE_HIGH_OPPORTUNITY,634,34.0
9936,content_4f1e7e110f7e4e15,70.21655173355194,STALE_HIGH_OPPORTUNITY,633,34.0
9937,content_160b093510fac66e,70.21655173355194,STALE_HIGH_OPPORTUNITY,633,34.0
9938,content_2ca2926157fa3d06,70.21655173355194,STALE_HIGH_OPPORTUNITY,633,34.0
9939,content_bc97c44e1ca7b159,70.21655173355194,STALE_HIGH_OPPORTUNITY,633,34.0
9940,content_d9ede3d57affdd5d,70.21655173355194,STALE_HIGH_OPPORTUNITY,633,34.0
9941,content_72664f3bc7ecff50,70.21655173355194,STALE_HIGH_OPPORTUNITY,633,34.0
9942,content_2cf4c8d38cc25f35,70.21655173355194,STALE_HIGH_OPPORTUNITY,633,34.0
9943,content_3a952417e8bf7695,70.21655173355194,STALE_HIGH_OPPORTUNITY,633,34.0
9944,content_a1f11763a657f3e5,70.20852607558376,STALE_HIGH_OPPORTUNITY,632,34.0
9945,content_8ad1c1d7862ebb46,70.20852607558376,STALE_HIGH_OPPORTUNITY,632,34.0
9946,content_b61575978baefffd,70.20852607558376,STALE_HIGH_OPPORTUNITY,632,34.0
9947,content_8318aa374f1cf67f,70.20852607558376,STALE_HIGH_OPPORTUNITY,632,34.0
9948,content_b729330303aac7bc,70.20852607558376,STALE_HIGH_OPPORTUNITY,632,34.0
9949,content_c927f6e8887129bf,70.20852607558376,STALE_HIGH_OPPORTUNITY,632,34.0
9950,content_8f45a0cb114f99b1,70.20852607558376,STALE_HIGH_OPPORTUNITY,632,34.0
9951,content_d196288e854ed876,70.20852607558376,STALE_HIGH_OPPORTUNITY,632,34.0
9952,content_a7e61de0150ee683,70.20018361532736,STALE_HIGH_OPPORTUNITY,631,34.0
9953,content_45c65660fbf13afa,70.20018361532736,STALE_HIGH_OPPORTUNITY,631,34.0
9954,content_3eefe2ef26fe9b78,70.20018361532736,STALE_HIGH_OPPORTUNITY,631,34.0
9955,content_a480c81fe9efd27f,70.20018361532736,STALE_HIGH_OPPORTUNITY,631,34.0
9956,content_a1aa80f468f58591,70.20018361532736,STALE_HIGH_OPPORTUNITY,631,34.0
9957,content_b19126c7eb215569,70.20018361532736,STALE_HIGH_OPPORTUNITY,631,34.0
9958,content_d0a6877c3fa5fc05,70.20018361532736,STALE_HIGH_OPPORTUNITY,631,34.0
9959,content_ae4a52384e5373c7,70.20018361532736,STALE_HIGH_OPPORTUNITY,631,34.0
9960,content_4ab0818f076ffe28,70.20018361532736,STALE_HIGH_OPPORTUNITY,631,34.0
9961,content_5877c271ebe601df,70.20018361532736,STALE_HIGH_OPPORTUNITY,631,34.0
9962,content_bda9d2d28625dd8a,70.19286217399983,STALE_HIGH_OPPORTUNITY,61,77.0
9963,content_71616925aee3c5a6,70.19184454590479,STALE_HIGH_OPPORTUNITY,17,234.0
9964,content_f0977181660c529c,70.19067954668083,STALE_HIGH_OPPORTUNITY,630,34.0
9965,content_6964fed0fae08db7,70.19067954668083,STALE_HIGH_OPPORTUNITY,630,34.0
9966,content_bbee65dc175f12fd,70.19067954668083,STALE_HIGH_OPPORTUNITY,630,34.0
9967,content_9c9f02176c80b077,70.19067954668083,STALE_HIGH_OPPORTUNITY,630,34.0
9968,content_038a7749e9add4c2,70.19067954668083,STALE_HIGH_OPPORTUNITY,630,34.0
9969,content_51284674635cc99d,70.19067954668083,STALE_HIGH_OPPORTUNITY,630,34.0
9970,content_caeb9126993aa2fd,70.19067954668083,STALE_HIGH_OPPORTUNITY,630,34.0
9971,content_2e184fe310519018,70.19067954668083,STALE_HIGH_OPPORTUNITY,630,34.0
9972,content_86025615f37bc2cc,70.19067954668083,STALE_HIGH_OPPORTUNITY,630,34.0
9973,content_3ae22b17e634fe6a,70.19067954668083,STALE_HIGH_OPPORTUNITY,630,34.0
9974,content_4033485118c3b61a,70.19067954668083,STALE_HIGH_OPPORTUNITY,630,34.0
9975,content_0389fb825862efe4,70.19067954668083,STALE_HIGH_OPPORTUNITY,630,34.0
9976,content_3ad7264a3900855b,70.19067954668083,STALE_HIGH_OPPORTUNITY,630,34.0
9977,content_bd28b520ffdc0405,70.18106987727157,STALE_HIGH_OPPORTUNITY,629,34.0
9978,content_6d12e77ed92390e5,70.18106987727157,STALE_HIGH_OPPORTUNITY,629,34.0
9979,content_35200b4581c260c1,70.18106987727157,STALE_HIGH_OPPORTUNITY,629,34.0
9980,content_b54b3e429ac5088d,70.18106987727157,STALE_HIGH_OPPORTUNITY,629,34.0
9981,content_73be5521daa47014,70.18106987727157,STALE_HIGH_OPPORTUNITY,629,34.0
9982,content_2a32eeec3a4fd577,70.18106987727157,STALE_HIGH_OPPORTUNITY,629,34.0
9983,content_7b04bf0eee359054,70.18106987727157,STALE_HIGH_OPPORTUNITY,629,34.0
9984,content_ad950b8ceaa4ef21,70.18106987727157,STALE_HIGH_OPPORTUNITY,629,34.0
9985,content_f01fc585d075e25f,70.18106987727157,STALE_HIGH_OPPORTUNITY,629,34.0
9986,content_f89c807cf3df643f,70.18106987727157,STALE_HIGH_OPPORTUNITY,629,34.0
9987,content_115da4a10c245712,70.18106987727157,STALE_HIGH_OPPORTUNITY,629,34.0
9988,content_a2c2b697a3477c52,70.17314982006613,STALE_HIGH_OPPORTUNITY,628,34.0
9989,content_ff7283bfa066e6bc,70.17314982006613,STALE_HIGH_OPPORTUNITY,628,34.0
9990,content_f8dc32d868ebaa05,70.17314982006613,STALE_HIGH_OPPORTUNITY,628,34.0
9991,content_52829ce47ef1be6d,70.17314982006613,STALE_HIGH_OPPORTUNITY,628,34.0
9992,content_13a37f12e75c5b2d,70.17314982006613,STALE_HIGH_OPPORTUNITY,628,34.0
9993,content_e67611488797b94e,70.17314982006613,STALE_HIGH_OPPORTUNITY,628,34.0
9994,content_ab22f4894893d6a0,70.16628577048809,STALE_HIGH_OPPORTUNITY,627,34.0
9995,content_aca6d308c36066b5,70.16628577048809,STALE_HIGH_OPPORTUNITY,627,34.0
9996,content_4ec17508f37ac7b1,70.16628577048809,STALE_HIGH_OPPORTUNITY,627,34.0
9997,content_a16663ea814a77f0,70.16628577048809,STALE_HIGH_OPPORTUNITY,627,34.0
9998,content_a267482a8461a444,70.16628577048809,STALE_HIGH_OPPORTUNITY,627,34.0
9999,content_a1f468d07299180d,70.16628577048809,STALE_HIGH_OPPORTUNITY,627,34.0
10000,content_34e526a15a196667,70.16628577048809,STALE_HIGH_OPPORTUNITY,627,34.0
10001,content_604359cf99ae81ea,70.16628577048809,STALE_HIGH_OPPORTUNITY,627,34.0
10002,content_8ae72d1d590d4f8a,70.16628577048809,STALE_HIGH_OPPORTUNITY,627,34.0
10003,content_8c97d988fba2d9e8,70.15868251557086,STALE_HIGH_OPPORTUNITY,626,34.0
10004,content_398fda460ee72bdc,70.15868251557086,STALE_HIGH_OPPORTUNITY,626,34.0
10005,content_86e1aa1d6ff31819,70.15868251557086,STALE_HIGH_OPPORTUNITY,626,34.0
10006,content_c78e5fd95970ad30,70.15868251557086,STALE_HIGH_OPPORTUNITY,626,34.0
10007,content_369bd80cf5dc860a,70.15868251557086,STALE_HIGH_OPPORTUNITY,626,34.0
10008,content_126bfdc708dca2b2,70.1504456560772,STALE_HIGH_OPPORTUNITY,625,34.0
10009,content_763c874513e43b25,70.1504456560772,STALE_HIGH_OPPORTUNITY,625,34.0
10010,content_39988d20d3d45b26,70.1504456560772,STALE_HIGH_OPPORTUNITY,625,34.0
10011,content_0bc99a7e62340e71,70.1504456560772,STALE_HIGH_OPPORTUNITY,625,34.0
10012,content_4c54ccdf2ce05240,70.1504456560772,STALE_HIGH_OPPORTUNITY,625,34.0
10013,content_9a1fc4637c420b14,70.14912296346992,STALE_HIGH_OPPORTUNITY,24,191.0
10014,content_a9b539298d80e53b,70.14379280802463,STALE_HIGH_OPPORTUNITY,624,34.0
10015,content_720b446bf28819a1,70.14379280802463,STALE_HIGH_OPPORTUNITY,624,34.0
10016,content_fe0e137dac5de44d,70.14379280802463,STALE_HIGH_OPPORTUNITY,624,34.0
10017,content_d120a8606093b4d8,70.13597835158191,STALE_HIGH_OPPORTUNITY,623,34.0
10018,content_7b2b394a0fdf09be,70.13597835158191,STALE_HIGH_OPPORTUNITY,623,34.0
10019,content_9dad0b71eeef12c8,70.13597835158191,STALE_HIGH_OPPORTUNITY,623,34.0
10020,content_4505547f1b440f71,70.13597835158191,STALE_HIGH_OPPORTUNITY,623,34.0
10021,content_9b3aa71fa2148770,70.13597835158191,STALE_HIGH_OPPORTUNITY,623,34.0
10022,content_8fa0f7cad256ed9d,70.13597835158191,STALE_HIGH_OPPORTUNITY,623,34.0
10023,content_7f99e924569a8e8d,70.13597835158191,STALE_HIGH_OPPORTUNITY,623,34.0
10024,content_4eae349c6e295d90,70.13597835158191,STALE_HIGH_OPPORTUNITY,623,34.0
10025,content_5d9f575b4a4b6925,70.13597835158191,STALE_HIGH_OPPORTUNITY,623,34.0
10026,content_ff1e40dc5afd38f5,70.13597835158191,STALE_HIGH_OPPORTUNITY,623,34.0
10027,content_5902fb29a230354a,70.127847092851,STALE_HIGH_OPPORTUNITY,622,34.0
10028,content_84302851e601d176,70.127847092851,STALE_HIGH_OPPORTUNITY,622,34.0
10029,content_f96182f41ec0e3fd,70.127847092851,STALE_HIGH_OPPORTUNITY,622,34.0
10030,content_ed8d46cb6c8be12d,70.127847092851,STALE_HIGH_OPPORTUNITY,622,34.0
10031,content_ba2bafd7cf6b121a,70.127847092851,STALE_HIGH_OPPORTUNITY,622,34.0
10032,content_b39723c7f17a7501,70.127847092851,STALE_HIGH_OPPORTUNITY,622,34.0
10033,content_76cd71d342e7e958,70.127847092851,STALE_HIGH_OPPORTUNITY,622,34.0
10034,content_db71af06695c38c6,70.127847092851,STALE_HIGH_OPPORTUNITY,622,34.0
10035,content_b2fc5f65959ca0c3,70.127847092851,STALE_HIGH_OPPORTUNITY,622,34.0
10036,content_5e897b33c7f206b3,70.127847092851,STALE_HIGH_OPPORTUNITY,622,34.0
10037,content_a02f4f45020af58a,70.127847092851,STALE_HIGH_OPPORTUNITY,622,34.0
10038,content_3e6e7de0dddd3826,70.127847092851,STALE_HIGH_OPPORTUNITY,622,34.0
10039,content_74dc0dd15f630d1d,70.127847092851,STALE_HIGH_OPPORTUNITY,622,34.0
10040,content_95f1cd604520e8bb,70.127847092851,STALE_HIGH_OPPORTUNITY,622,34.0
10041,content_14c600f6b972d361,70.127847092851,STALE_HIGH_OPPORTUNITY,622,34.0
10042,content_0a9619269d65e3e7,70.12443203827605,STALE_HIGH_OPPORTUNITY,70,57.0
10043,content_f6a693d66552a103,70.12077184174748,STALE_HIGH_OPPORTUNITY,621,34.0
10044,content_ee297222321aba77,70.12077184174748,STALE_HIGH_OPPORTUNITY,621,34.0
10045,content_249645441d34ca47,70.12077184174748,STALE_HIGH_OPPORTUNITY,621,34.0
10046,content_0f196920d68768a3,70.12077184174748,STALE_HIGH_OPPORTUNITY,621,34.0
10047,content_7c1e3921dd1ccfff,70.12077184174748,STALE_HIGH_OPPORTUNITY,621,34.0
10048,content_c32e5be1db700249,70.12077184174748,STALE_HIGH_OPPORTUNITY,621,34.0
10049,content_c91f65aa4ec83b8e,70.1163967640315,STALE_HIGH_OPPORTUNITY,18,231.0
10050,content_729da5ac17673e8b,70.11390779216941,STALE_HIGH_OPPORTUNITY,620,34.0
10051,content_77da462b675487db,70.11390779216941,STALE_HIGH_OPPORTUNITY,620,34.0
10052,content_0904f3de267ac1a2,70.11390779216941,STALE_HIGH_OPPORTUNITY,620,34.0
10053,content_7424930d55bbb7a3,70.11390779216941,STALE_HIGH_OPPORTUNITY,620,34.0
10054,content_20bf901ddf741e83,70.11390779216941,STALE_HIGH_OPPORTUNITY,620,34.0
10055,content_24c107a4f45c2e2b,70.11390779216941,STALE_HIGH_OPPORTUNITY,620,34.0
10056,content_95634375eb5fdc40,70.11390779216941,STALE_HIGH_OPPORTUNITY,620,34.0
10057,content_76092a8bf743521e,70.10693814182864,STALE_HIGH_OPPORTUNITY,619,34.0
10058,content_2b876f33a9aeebcb,70.10693814182864,STALE_HIGH_OPPORTUNITY,619,34.0
10059,content_e44e1e36b7cc934c,70.10693814182864,STALE_HIGH_OPPORTUNITY,619,34.0
10060,content_10bf2ed410bb6fa4,70.10693814182864,STALE_HIGH_OPPORTUNITY,619,34.0
10061,content_9dcd6620549a360b,70.10693814182864,STALE_HIGH_OPPORTUNITY,619,34.0
10062,content_469a0b73698612b0,70.10693814182864,STALE_HIGH_OPPORTUNITY,619,34.0
10063,content_8d532095e07ba22e,70.10693814182864,STALE_HIGH_OPPORTUNITY,619,34.0
10064,content_3d711679b3e2ff62,70.09775087547033,STALE_HIGH_OPPORTUNITY,618,34.0
10065,content_017dad7f7a559648,70.09775087547033,STALE_HIGH_OPPORTUNITY,618,34.0
10066,content_552e7e71fa682d94,70.09775087547033,STALE_HIGH_OPPORTUNITY,618,34.0
10067,content_64856491bb8ef6a4,70.09775087547033,STALE_HIGH_OPPORTUNITY,618,34.0
10068,content_046a6016e1e32662,70.09775087547033,STALE_HIGH_OPPORTUNITY,618,34.0
10069,content_905fe2fd33fd132b,70.09775087547033,STALE_HIGH_OPPORTUNITY,618,34.0
10070,content_eba68cbcfe1542b9,70.09775087547033,STALE_HIGH_OPPORTUNITY,618,34.0
10071,content_ad9c98f596b09e40,70.09775087547033,STALE_HIGH_OPPORTUNITY,618,34.0
10072,content_0edc87f859f4dbf6,70.09775087547033,STALE_HIGH_OPPORTUNITY,618,34.0
10073,content_fb54765552346d83,70.09775087547033,STALE_HIGH_OPPORTUNITY,618,34.0
10074,content_55174a3dfa00c1a1,70.09775087547033,STALE_HIGH_OPPORTUNITY,618,34.0
10075,content_ec9f6826d41f3b17,70.08613479156901,STALE_HIGH_OPPORTUNITY,617,34.0
10076,content_26c2a3b3f4060dd3,70.08613479156901,STALE_HIGH_OPPORTUNITY,617,34.0
10077,content_553edb707365b3b7,70.08613479156901,STALE_HIGH_OPPORTUNITY,617,34.0
10078,content_b636018fcaa32272,70.08613479156901,STALE_HIGH_OPPORTUNITY,617,34.0
10079,content_523f25127e6f7c89,70.08613479156901,STALE_HIGH_OPPORTUNITY,617,34.0
10080,content_6819e172041fc7fa,70.08613479156901,STALE_HIGH_OPPORTUNITY,617,34.0
10081,content_80c69ffb26b8746a,70.08613479156901,STALE_HIGH_OPPORTUNITY,617,34.0
10082,content_9b11e91b8a848506,70.08613479156901,STALE_HIGH_OPPORTUNITY,617,34.0
10083,content_6ead6e3fa0a8b42b,70.08613479156901,STALE_HIGH_OPPORTUNITY,617,34.0
10084,content_5b0d33094decc845,70.08613479156901,STALE_HIGH_OPPORTUNITY,617,34.0
10085,content_0927078058ca09a0,70.08613479156901,STALE_HIGH_OPPORTUNITY,617,34.0
10086,content_ace97388a89b6c47,70.08613479156901,STALE_HIGH_OPPORTUNITY,617,34.0
10087,content_32c3a1ff60a21edb,70.08613479156901,STALE_HIGH_OPPORTUNITY,617,34.0
10088,content_432e47fc8329258e,70.08613479156901,STALE_HIGH_OPPORTUNITY,617,34.0
10089,content_f3d5050603db98f0,70.08613479156901,STALE_HIGH_OPPORTUNITY,617,34.0
10090,content_86609f9c559c0f0d,70.08613479156901,STALE_HIGH_OPPORTUNITY,617,34.0
10091,content_9c448d618f75f566,70.07409630461675,STALE_HIGH_OPPORTUNITY,616,34.0
10092,content_63e7248ca9789ae7,70.07409630461675,STALE_HIGH_OPPORTUNITY,616,34.0
10093,content_7f19b18e3cfae1c3,70.07409630461675,STALE_HIGH_OPPORTUNITY,616,34.0
10094,content_cae593adb9fd2b8f,70.07409630461675,STALE_HIGH_OPPORTUNITY,616,34.0
10095,content_7ec9a52ec0a5e75f,70.07409630461675,STALE_HIGH_OPPORTUNITY,616,34.0
10096,content_d5e77ebb36c99051,70.07409630461675,STALE_HIGH_OPPORTUNITY,616,34.0
10097,content_2185f8844082815e,70.07409630461675,STALE_HIGH_OPPORTUNITY,616,34.0
10098,content_75f19c6b58846f1c,70.07409630461675,STALE_HIGH_OPPORTUNITY,616,34.0
10099,content_aea71ff6ea190a62,70.07409630461675,STALE_HIGH_OPPORTUNITY,616,34.0
10100,content_63c0fe76917ba681,70.07409630461675,STALE_HIGH_OPPORTUNITY,616,34.0
10101,content_13b2e68abd0f2a16,70.07409630461675,STALE_HIGH_OPPORTUNITY,616,34.0
10102,content_15449a36c8759ffa,70.07409630461675,STALE_HIGH_OPPORTUNITY,616,34.0
10103,content_5d0d5acb20304d8f,70.07409630461675,STALE_HIGH_OPPORTUNITY,616,34.0
10104,content_bba95d82ccf16dc3,70.06364182910555,STALE_HIGH_OPPORTUNITY,615,34.0
10105,content_026c105b4eda8e39,70.06364182910555,STALE_HIGH_OPPORTUNITY,615,34.0
10106,content_27548d35e9065495,70.06364182910555,STALE_HIGH_OPPORTUNITY,615,34.0
10107,content_0325ba4e90e752bf,70.06364182910555,STALE_HIGH_OPPORTUNITY,615,34.0
10108,content_7a96dc4f12e501f9,70.06364182910555,STALE_HIGH_OPPORTUNITY,615,34.0
10109,content_fdc75e70679a0ba4,70.06364182910555,STALE_HIGH_OPPORTUNITY,615,34.0
10110,content_77b6e24eb33e313a,70.06364182910555,STALE_HIGH_OPPORTUNITY,615,34.0
10111,content_f1e58ef9f8245d1a,70.06364182910555,STALE_HIGH_OPPORTUNITY,615,34.0
10112,content_6436aff7a94497fc,70.05519376808641,STALE_HIGH_OPPORTUNITY,614,34.0
10113,content_fb854b673d820ee3,70.05519376808641,STALE_HIGH_OPPORTUNITY,614,34.0
10114,content_768d0ca4613f3322,70.05519376808641,STALE_HIGH_OPPORTUNITY,614,34.0
10115,content_f9501e4b96ab5eb5,70.05519376808641,STALE_HIGH_OPPORTUNITY,614,34.0
10116,content_f3075fb68f8f6984,70.05519376808641,STALE_HIGH_OPPORTUNITY,614,34.0
10117,content_973ce0d3af0fa34d,70.05519376808641,STALE_HIGH_OPPORTUNITY,614,34.0
10118,content_f1d2d4d4196d0a6b,70.05519376808641,STALE_HIGH_OPPORTUNITY,614,34.0
10119,content_78d9433ddb32780c,70.05519376808641,STALE_HIGH_OPPORTUNITY,614,34.0
10120,content_0fcc9a696dca5198,70.05519376808641,STALE_HIGH_OPPORTUNITY,614,34.0
10121,content_d95b64a1eb369242,70.04975201463074,STALE_HIGH_OPPORTUNITY,57,81.0
10122,content_59ae6a2d8d5e27b5,70.04975201463074,STALE_HIGH_OPPORTUNITY,57,81.0
10123,content_d48bfa66418512ad,70.04748491240646,STALE_HIGH_OPPORTUNITY,613,34.0
10124,content_b5f451d4fa7cd219,70.04748491240646,STALE_HIGH_OPPORTUNITY,613,34.0
10125,content_2dd662c633229c9c,70.04748491240646,STALE_HIGH_OPPORTUNITY,613,34.0
10126,content_553eec15c92d5668,70.04748491240646,STALE_HIGH_OPPORTUNITY,613,34.0
10127,content_96427f955893cfd4,70.04748491240646,STALE_HIGH_OPPORTUNITY,613,34.0
10128,content_277e47932df06236,70.04748491240646,STALE_HIGH_OPPORTUNITY,613,34.0
10129,content_d6a58bcd71438166,70.04748491240646,STALE_HIGH_OPPORTUNITY,613,34.0
10130,content_73063f4e7d1d3d3a,70.04748491240646,STALE_HIGH_OPPORTUNITY,613,34.0
10131,content_734fc03ec03d94bd,70.04748491240646,STALE_HIGH_OPPORTUNITY,613,34.0
10132,content_14637d255cebb750,70.04748491240646,STALE_HIGH_OPPORTUNITY,613,34.0
10133,content_1ec3827b26cf460f,70.04748491240646,STALE_HIGH_OPPORTUNITY,613,34.0
10134,content_a638ba55e1803183,70.04509762277254,STALE_HIGH_OPPORTUNITY,18,226.0
10135,content_07f1804c13cd6138,70.03988165748923,STALE_HIGH_OPPORTUNITY,612,34.0
10136,content_aaaad70799df08f7,70.03988165748923,STALE_HIGH_OPPORTUNITY,612,34.0
10137,content_348c56b18742493d,70.03988165748923,STALE_HIGH_OPPORTUNITY,612,34.0
10138,content_fcc398a2fb1e6679,70.03988165748923,STALE_HIGH_OPPORTUNITY,612,34.0
10139,content_8e30813d22a7b445,70.03988165748923,STALE_HIGH_OPPORTUNITY,612,34.0
10140,content_f0a6000ddd91bed3,70.03988165748923,STALE_HIGH_OPPORTUNITY,612,34.0
10141,content_3d59c63db28d8db9,70.03988165748923,STALE_HIGH_OPPORTUNITY,612,34.0
10142,content_c74d64aa0be5ff33,70.03617996870702,STALE_HIGH_OPPORTUNITY,50,131.0
10143,content_b7253a37faa23811,70.03185599952104,STALE_HIGH_OPPORTUNITY,611,34.0
10144,content_f8618e6947bc947e,70.03185599952104,STALE_HIGH_OPPORTUNITY,611,34.0
10145,content_b35d59d3a6453ca7,70.03185599952104,STALE_HIGH_OPPORTUNITY,611,34.0
10146,content_6ab7fda8f1c60cbc,70.03185599952104,STALE_HIGH_OPPORTUNITY,611,34.0
10147,content_043e56e0d181e612,70.03185599952104,STALE_HIGH_OPPORTUNITY,611,34.0
10148,content_318abb2312a20b46,70.03185599952104,STALE_HIGH_OPPORTUNITY,611,34.0
10149,content_569f2ad0fcc18296,70.03185599952104,STALE_HIGH_OPPORTUNITY,611,34.0
10150,content_81c17f8b765001d3,70.03185599952104,STALE_HIGH_OPPORTUNITY,611,34.0
10151,content_5189476ff6153f13,70.03185599952104,STALE_HIGH_OPPORTUNITY,611,34.0
10152,content_30615332b38e21b9,70.03185599952104,STALE_HIGH_OPPORTUNITY,611,34.0
10153,content_cbe606d8a86126d5,70.03185599952104,STALE_HIGH_OPPORTUNITY,611,34.0
10154,content_e26b6d3f70fee3dc,70.03185599952104,STALE_HIGH_OPPORTUNITY,611,34.0
10155,content_d11266138bbe6497,70.03185599952104,STALE_HIGH_OPPORTUNITY,611,34.0
10156,content_f3277cba0e64db94,70.0302436277306,STALE_HIGH_OPPORTUNITY,67,60.0
10157,content_b9decfa128f0a643,70.02836861428894,STALE_HIGH_OPPORTUNITY,17,232.0
10158,content_a3d9b6ab40125b67,70.0225631324,STALE_HIGH_OPPORTUNITY,610,34.0
10159,content_b43fbb7f35a4ee06,70.0225631324,STALE_HIGH_OPPORTUNITY,610,34.0
10160,content_718e79b1a454a17f,70.0225631324,STALE_HIGH_OPPORTUNITY,610,34.0
10161,content_1fa2304c6588188a,70.0225631324,STALE_HIGH_OPPORTUNITY,610,34.0
10162,content_ac157bb3bec33bb7,70.0225631324,STALE_HIGH_OPPORTUNITY,610,34.0
10163,content_bd64e7d816f3f4fb,70.0225631324,STALE_HIGH_OPPORTUNITY,610,34.0
10164,content_32c72a853441572c,70.0225631324,STALE_HIGH_OPPORTUNITY,610,34.0
10165,content_a399b9c42b5f320c,70.0225631324,STALE_HIGH_OPPORTUNITY,610,34.0
10166,content_55c62defd22ac90a,70.0225631324,STALE_HIGH_OPPORTUNITY,610,34.0
10167,content_214e28bfb4f9dcc5,70.0225631324,STALE_HIGH_OPPORTUNITY,610,34.0
10168,content_4e3f953b40dc8dfa,70.0225631324,STALE_HIGH_OPPORTUNITY,610,34.0
10169,content_820a8bd0a2587fb7,70.0225631324,STALE_HIGH_OPPORTUNITY,610,34.0
10170,content_b257118a8eb79603,70.0225631324,STALE_HIGH_OPPORTUNITY,610,34.0
10171,content_db3373051d3242de,70.0225631324,STALE_HIGH_OPPORTUNITY,610,34.0
10172,content_fb25ff0fe5e85bbd,70.0225631324,STALE_HIGH_OPPORTUNITY,610,34.0
10173,content_26cc96f205fdf2ea,70.01242545917702,STALE_HIGH_OPPORTUNITY,609,34.0
10174,content_c1c099a05b744d1b,70.01242545917702,STALE_HIGH_OPPORTUNITY,609,34.0
10175,content_0ceb6f75390206b5,70.01242545917702,STALE_HIGH_OPPORTUNITY,609,34.0
10176,content_19dd882d4894710f,70.01242545917702,STALE_HIGH_OPPORTUNITY,609,34.0
10177,content_aed4304593464065,70.01242545917702,STALE_HIGH_OPPORTUNITY,609,34.0
10178,content_7f11d3ab6d2b0230,70.01242545917702,STALE_HIGH_OPPORTUNITY,609,34.0
10179,content_6b886d1d627f4fa8,70.01242545917702,STALE_HIGH_OPPORTUNITY,609,34.0
10180,content_0cf065f5154e5d64,70.00302699129324,STALE_HIGH_OPPORTUNITY,608,34.0
10181,content_ac50a98d7632d018,70.00302699129324,STALE_HIGH_OPPORTUNITY,608,34.0
10182,content_362be115d6460bb1,70.00302699129324,STALE_HIGH_OPPORTUNITY,608,34.0
10183,content_b60f9d7b2881aac6,70.00302699129324,STALE_HIGH_OPPORTUNITY,608,34.0
10184,content_4c185d1c173cd53d,70.00302699129324,STALE_HIGH_OPPORTUNITY,608,34.0
10185,content_5dca76c5ff98f08b,70.00302699129324,STALE_HIGH_OPPORTUNITY,608,34.0
10186,content_513a30ab0bae199c,70.00302699129324,STALE_HIGH_OPPORTUNITY,608,34.0
10187,content_fe19fc54cacf913c,70.00302699129324,STALE_HIGH_OPPORTUNITY,608,34.0
10188,content_6e67ffb2a9e328e8,70.00302699129324,STALE_HIGH_OPPORTUNITY,608,34.0
10189,content_eadb33b5df496f4a,70.0,STALE_HIGH_OPPORTUNITY,617124,
